id,otel_ad,fiyat,imageURL,score,bolge,denize_uzakligi,plaj,iskele,a_la_carte_restoran,asansor,acik_restoran,kapali_restoran,acik_havuz,kapali_havuz,bedensel_engelli_odasi,bar,su_kaydiragi,balo_salonu,kuafor,otopark,market,sauna,doktor,beach_voley,fitness,canli_eglence,wireless_internet,animasyon,sorf,parasut,arac_kiralama,kano,spa,masaj,masa_tenisi,cocuk_havuzu,cocuk_parki
96,Trend Life Hotels Torba (+14),12600.0,,,,,,,0,0,0,0,0,0,0,0,0,0,0,0,0,0,0,0,0,0,0,0,0,0,0,0,0,0,0,0,0
258,Monte Carlo Hotel,37006.2,https://cdn.tatilsepeti.com/Files/Images/Tesis/02907/1050X700/tsr02907637528976382936428.jpg,0.7,Antalya Alanya Obagöl ,50.0,2.0,Yok,0,1,1,1,1,0,1,1,1,0,0,1,0,1,1,1,0,1,1,1,0,0,1,0,1,1,1,1,0
98,Aurasia Beach Hotel,89600.0,https://cdn.tatilsepeti.com/Files/Images/Tesis/12187/1050X700/tsr12187637822555377356720.jpg,8.9,Marmaris Siteler ,0.0,2.0,Yok,1,1,1,0,1,0,0,1,0,0,0,0,0,1,1,0,0,0,1,0,0,0,0,0,0,0,0,0,0
183,Amos Hotel,34442.0,https://cdn.tatilsepeti.com/Files/Images/Tesis/02417/1050X700/tsr02417638230363111068994.jpg,7.3,Marmaris Siteler ,0.0,2.0,Yok,1,1,1,0,1,0,0,1,0,0,0,0,0,0,1,0,0,0,0,0,0,0,0,0,0,0,0,1,0
182,Tourist Hotel,19883.2,https://cdn.tatilsepeti.com/Files/TesisResim/04542/tsr04542636881504504242563.jpg,8.7,Antalya Lara Örnekköy ,100.0,2.0,Yok,0,1,0,1,1,0,0,1,0,0,0,1,0,0,0,0,0,0,1,0,0,0,1,0,0,0,0,1,0
60,Sayanora Hotel,27231.7,https://cdn.tatilsepeti.com/Files/TesisResim/03066/tsr03066635844807767585309.jpg,6.9,Antalya Side Denizbükü ,50.0,,Yok,0,0,1,1,1,0,0,1,0,0,0,0,0,1,1,0,0,0,1,0,0,0,1,0,0,1,0,1,1
97,Kamer Exclusive Hotel Suites,74214.0,https://cdn.tatilsepeti.com/Files/Images/Tesis/03415/1050X700/tsr03415638572672800249036.jpg,9.3,Çeşme Dalyan ,750.0,-1.0,Yok,0,0,1,1,1,0,0,1,0,0,0,1,0,0,0,0,0,0,1,0,0,0,1,0,0,0,0,1,0
32,Ramada Resort Bodrum,54365.8,https://cdn.tatilsepeti.com/Files/Images/Tesis/00093/1050X700/tsr00093638409303797258748.jpg,7.7,Bodrum Bitez ,750.0,,Yok,1,1,1,1,1,1,1,4,0,1,0,1,0,1,1,0,1,0,1,0,0,0,1,0,0,1,1,1,0
181,Sava Hotel,12788.6,https://cdn.tatilsepeti.com/Files/TesisResim/02682/tsr02682636490433443564497.jpg,0.8,Antalya Konyaaltı ,50.0,-1.0,Yok,1,0,0,1,1,0,1,1,0,0,0,1,0,0,0,0,0,0,1,0,0,0,1,0,0,0,0,1,0
231,Life Point Boutique Hotel,17500.0,https://cdn.tatilsepeti.com/Files/Images/Tesis/10556/tsr10556637140120351862318.jpg,,Çeşme Çiftlikköy ,0.0,2.0,Var,1,0,1,1,1,0,0,1,0,0,1,1,0,0,1,0,0,0,1,0,0,0,0,0,0,0,0,0,0
1,Adam Eve,86362.5,https://cdn.tatilsepeti.com/Files/Images/Tesis/01620/1050X700/tsr01620638364315034063053.jpg,7.3,Antalya Belek İskele ,0.0,2.0,Var,7,1,1,1,5,1,1,7,1,0,1,1,0,1,1,1,1,0,1,1,0,0,1,1,1,1,1,0,0
28,Orange County Kemer,88130.0,https://cdn.tatilsepeti.com/Files/Images/Tesis/01323/1050X700/tsr01323638502687888798865.jpg,8.3,Antalya Kemer Merkez ,0.0,2.0,Var,1,1,1,1,2,1,1,1,1,0,1,1,1,1,1,0,1,0,1,1,1,0,1,1,1,1,1,0,0
70,La Perla Hotel Kemer,41351.0,https://cdn.tatilsepeti.com/Files/Images/Tesis/13125/1050X700/tsr13125638506943035975057.jpg,0.7,Antalya Kemer ,0.0,2.0,Yok,0,1,0,0,0,0,0,0,1,0,0,1,0,1,1,1,1,1,1,1,0,1,1,1,1,1,1,1,1
42,Sunis Elita Beach Resort Spa,63700.0,https://cdn.tatilsepeti.com/Files/Images/Tesis/02740/1050X700/tsr02740637848674089982556.jpg,7.9,Antalya Side Kızılağaç ,0.0,2.0,Var,5,1,1,1,3,1,1,0,1,0,1,1,1,1,0,1,1,1,1,1,0,0,0,0,0,0,1,1,1
37,Royal Taj Mahal,69993.0,https://cdn.tatilsepeti.com/Files/Images/Tesis/04853/1050X700/tsr04853638508707846487074.jpg,8.8,Antalya Side ,,2.0,Var,3,1,1,1,4,1,1,8,1,0,0,1,0,1,1,1,1,1,1,1,0,0,1,0,1,1,1,1,1
33,Raymar Resort Aqua,54143.2,https://cdn.tatilsepeti.com/Files/Images/Tesis/05974/1050X700/tsr05974638573515897537225.jpg,7.2,Antalya Side Manavgat ,0.0,2.0,Var,3,1,1,1,2,1,0,1,1,0,0,1,1,1,1,1,1,1,1,1,1,1,0,1,1,1,1,1,1
50,Hedef Beach Resort Spa,147178.0,https://cdn.tatilsepeti.com/Files/Images/Tesis/04031/1050X700/tsr04031638149119413251931.jpg,6.6,Antalya Alanya Konaklı ,100.0,2.0,Yok,0,0,1,1,1,1,1,5,1,0,1,0,1,1,1,1,1,0,1,1,0,0,1,0,1,1,1,1,0
61,Sisus Marina Hotel,36750.0,https://cdn.tatilsepeti.com/Files/Images/Tesis/13896/1050X700/tsr13896638472156572671460.jpg,,Çeşme Dalyan ,750.0,-1.0,Yok,1,1,1,1,1,1,1,2,0,1,1,1,0,1,1,0,1,0,1,0,1,0,1,0,1,1,0,1,0
105,Bergiz Hotels Resorts Kemer,49140.0,https://cdn.tatilsepeti.com/Files/Images/Tesis/14064/1050X700/tsr14064638526787797708004.jpg,,Antalya Kemer Göynük ,0.0,2.0,Yok,2,0,1,1,4,1,0,0,1,0,1,0,1,1,1,0,1,1,0,1,0,0,1,0,1,1,0,1,0
112,Club Sun Heaven Family Spa Alanya,42865.2,https://cdn.tatilsepeti.com/Files/Images/Tesis/04918/1050X700/tsr04918638362610784303145.jpg,8.2,Antalya Alanya ,100.0,2.0,Yok,1,0,0,1,2,1,0,1,1,0,0,1,1,1,1,1,1,0,1,1,0,0,0,0,1,1,0,1,1
150,Club Bella Mare Beach,18714.2,https://cdn.tatilsepeti.com/Files/Images/Tesis/12746/1050X700/tsr12746638545710684093403.jpg,6.6,Marmaris Merkez ,,2.0,Var,1,0,1,1,1,0,0,1,0,0,0,1,1,1,1,0,1,1,1,0,0,0,1,0,1,1,0,1,1
132,Royal Wings Hotel,55475.9,https://cdn.tatilsepeti.com/Files/Images/Tesis/01426/1050X700/tsr01426638242587180899681.jpg,9.2,Antalya Lara Kundu ,0.0,2.0,Var,6,1,1,1,4,1,1,10,1,0,0,1,0,1,1,1,1,1,1,1,0,0,1,0,1,1,1,1,1
185,Gönülhan Hotel Alaçatı,33600.0,https://cdn.tatilsepeti.com/Files/TesisResim/04565/tsr04565635487299454440000.jpg,8.5,Çeşme Alaçatı ,,,Yok,0,0,0,0,1,0,0,0,0,0,0,1,0,0,0,0,0,0,1,0,0,0,0,0,0,0,0,0,0
184,Exporoyal Hotel,10163.4,https://cdn.tatilsepeti.com/Files/Images/Tesis/06944/1050X700/tsr06944637461552395691562.jpg,7.9,Antalya Antalya Merkez Muratpaşa ,750.0,-1.0,Yok,0,1,0,1,0,0,0,1,0,0,0,1,0,0,0,0,0,0,1,0,0,0,1,0,0,0,0,0,0
2,Adin Beach Hotel,110880.0,https://cdn.tatilsepeti.com/Files/Images/Tesis/03168/1050X700/tsr03168638271874820753098.jpg,7.7,Antalya Alanya İncekum ,0.0,2.0,Var,3,1,1,2,6,2,1,0,1,0,1,1,1,1,1,0,1,0,1,1,1,1,1,1,0,1,1,1,1
3,Altın Yunus Hotel Spa – Çeşme,46966.5,,,,,,,0,0,0,0,0,0,0,0,0,0,0,0,0,0,0,0,0,0,0,0,0,0,0,0,0,0,0,0,0
71,Miramor Garden Resort,28243.8,https://cdn.tatilsepeti.com/Files/Images/Tesis/13008/1050X700/tsr13008638162106087759717.jpg,0.8,Antalya Kemer Kiriş ,200.0,2.0,Yok,0,1,0,0,0,0,0,0,1,0,0,0,1,1,1,1,1,0,1,0,0,0,1,0,1,1,1,1,0
106,Bijal Hotel,505050.0,https://cdn.tatilsepeti.com/Files/Images/Tesis/13933/1050X700/tsr13933638540411604902827.jpg,,Antalya Side ,,,Yok,2,0,1,1,1,0,0,0,0,0,0,0,0,0,1,0,1,0,0,0,0,0,0,0,1,1,1,1,1
38,Salmakis Resort Spa,54750.0,https://cdn.tatilsepeti.com/Files/Images/Tesis/00460/1050X700/tsr00460637841466549658299.jpg,7.7,Bodrum Bardakçı ,0.0,2.0,Var,1,1,1,1,1,1,1,4,0,1,1,1,1,1,1,1,1,0,1,1,0,0,1,0,1,1,1,1,1
29,Pine Beach Belek,107737.5,https://cdn.tatilsepeti.com/Files/Images/Tesis/00296/1050X700/tsr00296637815547648491151.jpg,8.6,Antalya Belek İleribaşı ,0.0,2.0,Yok,3,1,1,1,3,3,1,1,1,0,1,1,1,1,1,1,1,1,1,1,1,1,1,0,1,1,1,1,1
51,Hedef Resort Hotel Spa,41554.8,https://cdn.tatilsepeti.com/Files/Images/Tesis/01635/1050X700/tsr01635637329143917511249.jpg,7.3,Antalya Alanya Konaklı ,100.0,2.0,Var,0,1,1,1,2,1,1,3,1,0,1,0,0,1,1,1,0,0,1,1,0,0,1,0,1,1,1,1,1
124,Port Nature Luxury Resort Hotel Spa,90650.0,https://cdn.tatilsepeti.com/Files/Images/Tesis/04275/1050X700/tsr04275638464536601219010.jpg,7.3,Antalya Belek Boğazkent ,0.0,2.0,Var,5,1,1,1,2,1,1,8,1,1,1,1,1,1,1,1,1,1,1,1,1,1,1,1,1,1,1,1,1
62,Avena Resort Spa Hotel,51824.8,https://cdn.tatilsepeti.com/Files/Images/Tesis/04576/1050X700/tsr04576637820882867217641.jpg,7.5,Antalya Alanya Obagöl ,100.0,2.0,Yok,1,1,1,1,1,0,1,3,1,0,1,0,1,1,1,1,1,0,1,1,0,0,1,0,1,1,1,1,1
43,Susesi Luxury Resort,127400.0,https://cdn.tatilsepeti.com/Files/Images/Tesis/01853/1050X700/tsr01853638500906663255726.jpg,8.5,Antalya Belek İskele ,0.0,2.0,Var,6,1,4,3,4,1,1,11,1,1,1,1,1,1,1,1,1,1,1,1,1,0,1,1,1,1,1,1,1
259,Munamar Park Otel,23557.4,https://cdn.tatilsepeti.com/Files/Images/Tesis/11414/1050X700/tsr11414637878836508918118.jpg,7.7,Marmaris İçmeler Altınsahil Mevkii ,200.0,-1.0,Yok,0,0,1,1,1,0,0,1,0,0,0,1,0,1,0,0,0,0,1,0,0,0,0,0,0,0,0,1,1
99,Wome Deluxe Hotel,99254.2,https://cdn.tatilsepeti.com/Files/Images/Tesis/05645/1050X700/tsr05645637848585584633837.jpg,7.9,Antalya Alanya Avsallar ,0.0,2.0,Var,1,1,1,1,12,1,0,4,1,0,0,0,1,1,1,0,1,1,1,1,0,1,1,0,1,1,1,1,1
232,Prima Hotel Lara,18117.6,https://cdn.tatilsepeti.com/Files/Images/Tesis/01730/1050X700/tsr01730638453328596109025.jpg,,Antalya Lara Lara Yolu ,300.0,-1.0,Var,0,1,1,1,1,1,0,1,0,0,0,1,0,1,0,0,0,0,1,0,0,0,1,0,0,1,0,1,0
113,Delta Hotels By Marriott Bodrum,78364.1,https://cdn.tatilsepeti.com/Files/Images/Tesis/01812/1050X700/tsr01812638490567771256481.jpg,7.7,Bodrum Yalıkavak ,0.0,2.0,Yok,1,1,1,1,3,1,1,3,1,0,1,1,1,1,1,0,1,0,1,1,0,0,1,0,1,1,0,1,0
151,Club Kastalia Holiday Village,47609.2,https://cdn.tatilsepeti.com/Files/Images/Tesis/01811/1050X700/tsr01811638149115859904604.jpg,8.7,Antalya Alanya Konaklı ,0.0,2.0,Var,0,1,1,1,2,0,0,3,1,0,1,0,0,1,1,1,1,0,1,1,0,0,1,0,0,1,1,1,0
186,Side Sunberk Hotel,30257.5,https://cdn.tatilsepeti.com/Files/TesisResim/02693/tsr02693636881564002625544.jpg,7.9,Antalya Side ,200.0,2.0,Yok,0,0,1,1,1,0,0,1,0,0,0,1,0,1,1,1,0,0,1,1,0,1,1,1,1,1,1,1,0
63,Larissa Inn Hotel,27216.0,https://cdn.tatilsepeti.com/Files/Images/Tesis/04960/1050X700/tsr04960638149055651321424.jpg,5.2,Antalya Kemer Çamyuva ,,,Yok,0,0,1,1,1,0,0,0,1,0,0,1,0,1,1,1,0,0,1,1,0,0,0,0,0,1,1,1,0
52,Orange County Belek,56000.0,https://cdn.tatilsepeti.com/Files/Images/Tesis/08801/1050X700/tsr08801638505908353317250.jpg,8.5,Antalya Belek ,0.0,2.0,Var,1,1,1,1,1,1,0,1,1,0,0,1,0,1,0,1,1,0,1,0,0,0,0,0,1,1,1,1,0
72,Museum Resort Spa,27300.0,https://cdn.tatilsepeti.com/Files/Images/Tesis/12031/1050X700/tsr12031638531954978625417.jpg,7.3,Bodrum Bodrum Merkez Azmakbaşı ,750.0,-1.0,Yok,0,0,0,1,1,0,0,1,1,0,0,1,1,0,1,0,0,0,1,1,0,0,1,0,0,0,0,1,0
4,Armonia Holiday Village Spa,69995.8,https://cdn.tatilsepeti.com/Files/Images/Tesis/02078/1050X700/tsr02078638149178215246580.jpg,8.3,Bodrum Akyarlar ,0.0,2.0,Yok,3,1,1,3,3,0,1,5,1,0,1,1,1,1,1,1,1,1,1,1,1,1,1,1,1,1,1,1,1
34,Rizom Beach Hotel Kumluca,55722.0,https://cdn.tatilsepeti.com/Files/Images/Tesis/06246/1050X700/tsr06246638563971613196631.jpg,8.3,Antalya Kumluca ,,2.0,Yok,1,1,1,1,2,2,1,3,1,0,1,0,1,1,1,1,1,1,1,1,0,0,1,1,1,1,1,1,1
44,Timo Deluxe Resort,58202.9,https://cdn.tatilsepeti.com/Files/Images/Tesis/01581/1050X700/tsr01581637926168782497439.jpg,8.6,Antalya Alanya Konaklı ,,2.0,Yok,1,1,1,1,2,1,1,3,1,0,1,1,1,1,1,1,1,0,1,1,0,1,1,1,1,1,1,1,1
233,Qinn Hotel,23394.1,https://cdn.tatilsepeti.com/Files/Images/Tesis/12551/1050X700/tsr12551638475687066314480.jpg,,Antalya Muratpaşa ,0.0,-1.0,Var,1,1,1,1,1,0,0,2,0,0,0,1,0,0,1,0,0,0,1,0,0,0,1,0,0,0,0,1,0
133,Sianji Well Being Resort,99449.3,https://cdn.tatilsepeti.com/Files/Images/Tesis/13550/1050X700/tsr13550638349480850188056.jpg,9.7,Bodrum Turgutreis Kadıkalesi Mevkii ,0.0,2.0,Yok,1,0,1,1,1,1,0,1,0,0,1,1,1,1,1,0,1,0,0,0,0,0,1,0,1,1,1,1,0
100,Telatiye Resort Hotel,37217.8,https://cdn.tatilsepeti.com/Files/Images/Tesis/06218/1050X700/tsr06218638033493863414267.jpg,7.7,Antalya Alanya Konaklı ,50.0,2.0,Yok,2,1,1,1,2,1,0,3,1,0,1,1,1,1,1,0,1,0,1,1,0,0,1,0,1,1,1,1,1
107,Blue Dreams Resort,98000.0,https://cdn.tatilsepeti.com/Files/Images/Tesis/00051/1050X700/tsr00051637849360261276855.jpg,8.6,Bodrum Torba ,0.0,2.0,Var,3,1,1,1,4,1,0,5,1,0,1,1,1,1,1,1,1,0,1,1,0,1,1,1,0,1,1,1,1
152,Club Munamar Beach Resort,52552.5,https://cdn.tatilsepeti.com/Files/Images/Tesis/01828/1050X700/tsr01828638366809951961062.jpg,7.8,Marmaris İçmeler Cumhuriyet Mahallesi ,50.0,2.0,Yok,0,1,1,1,3,0,0,3,1,0,0,0,1,1,1,0,0,0,1,1,0,0,1,0,1,1,1,1,1
234,Reis Maris Hotel,16296.1,https://cdn.tatilsepeti.com/Files/Images/Tesis/11684/1050X700/tsr11684637903231357060825.jpg,,Marmaris Merkez ,100.0,-1.0,Yok,0,0,0,0,0,0,0,0,0,0,0,0,0,0,0,0,0,0,0,0,0,0,0,0,0,0,0,0,0
5,Champion Holiday Village,52064.2,https://cdn.tatilsepeti.com/Files/Images/Tesis/06840/1050X700/tsr06840638264036188217445.jpg,7.8,Antalya Kemer Beldibi ,0.0,2.0,Var,2,1,1,1,1,0,1,3,1,0,1,1,1,1,1,1,1,1,1,1,0,0,0,0,1,1,1,1,1
30,Presa Di Finica Hotel,56000.0,https://cdn.tatilsepeti.com/Files/Images/Tesis/01644/1050X700/tsr01644638436164442815167.jpg,7.2,Antalya Finike Sahilkent ,100.0,,Yok,2,0,1,1,4,1,1,8,1,0,1,0,1,1,1,1,1,0,1,1,0,0,1,1,0,1,1,1,1
73,Mysea Hotels Alara,34650.0,https://cdn.tatilsepeti.com/Files/Images/Tesis/06833/1050X700/tsr06833637841414821729363.jpg,5.6,Antalya Alanya Okurcalar ,0.0,2.0,Yok,0,0,1,1,1,1,1,1,1,0,0,1,1,1,1,0,1,0,1,1,1,1,1,0,0,1,1,1,0
39,Sealife Buket Beach Hotel,74144.0,https://cdn.tatilsepeti.com/Files/Images/Tesis/04235/1050X700/tsr04235638556818920921071.jpg,8.4,Antalya Alanya Okurcalar ,0.0,2.0,Yok,2,1,1,1,1,1,1,5,1,0,1,1,1,1,1,1,1,1,1,1,0,0,1,0,1,1,1,1,1
189,Lara Otel +12 Adult Only,18708.7,,,,,,,0,0,0,0,0,0,0,0,0,0,0,0,0,0,0,0,0,0,0,0,0,0,0,0,0,0,0,0,0
101,Taç Premier Hotel Spa,37383.9,https://cdn.tatilsepeti.com/Files/Images/Tesis/02550/1050X700/tsr02550638459284226016185.jpg,7.6,Antalya Alanya ,,2.0,Yok,0,1,0,1,1,1,0,1,0,0,1,0,1,1,1,1,1,0,1,1,0,1,1,1,1,1,1,1,1
125,Porto Bello Hotel Resort Spa,71715.0,https://cdn.tatilsepeti.com/Files/Images/Tesis/00192/1050X700/tsr00192637309456904748589.jpg,8.5,Antalya Konyaaltı Konyaaltı ,,2.0,Yok,1,1,1,2,1,1,1,4,1,0,1,1,1,1,1,1,1,1,1,1,1,1,1,1,1,1,1,1,1
187,Kleopatra İkiz Otel,16115.7,https://cdn.tatilsepeti.com/Files/Images/Tesis/01618/1050X700/tsr01618637654970960108154.jpg,7.3,Antalya Alanya Kleopatra ,50.0,-1.0,Yok,1,1,1,1,1,0,0,1,1,0,0,1,0,0,0,1,0,0,1,0,0,0,0,0,0,0,1,1,0
108,Bodrum Park Resort,98752.5,https://cdn.tatilsepeti.com/Files/Images/Tesis/14016/1050X700/tsr14016638507818168248370.jpg,9.9,Bodrum Yalıçiftlik ,0.0,2.0,Var,1,1,1,1,1,1,0,8,1,0,1,1,1,1,0,1,1,0,1,1,0,0,1,1,1,1,1,0,1
114,Diamond Elite Hotel Spa,50069.2,https://cdn.tatilsepeti.com/Files/Images/Tesis/07607/1050X700/tsr07607637874484820863379.jpg,9.1,Antalya Side Çolaklı ,200.0,2.0,Yok,2,1,1,1,2,1,1,1,1,0,1,1,1,1,1,0,1,1,1,1,0,0,1,0,1,1,1,1,0
235,Relax Beach Hotel,23660.0,https://cdn.tatilsepeti.com/Files/Images/Tesis/12483/1050X700/tsr12483638326448357958246.jpg,7.4,Antalya Alanya ,,2.0,Yok,1,0,0,0,1,0,0,0,1,0,1,1,0,1,1,0,0,0,1,1,0,0,1,0,0,0,0,1,0
40,Selene Beach Spa Hotel,78205.2,https://cdn.tatilsepeti.com/Files/Images/Tesis/10516/1050X700/tsr10516638149157739566985.jpg,9.5,Antalya Alanya Türkler ,0.0,2.0,Yok,1,1,1,1,1,0,0,2,0,0,1,1,0,1,1,0,1,0,1,1,0,0,1,0,0,1,0,0,0
134,Sui Resort Hotel,75341.0,https://cdn.tatilsepeti.com/Files/Images/Tesis/05788/1050X700/tsr05788638427253466141786.jpg,8.2,Antalya Alanya Okurcalar ,500.0,2.0,Yok,3,1,1,1,1,1,1,4,1,0,0,0,0,1,1,1,1,1,1,1,1,0,0,0,1,1,1,1,1
188,La Brezza Suıte Hotel Akyarlar,35421.7,https://cdn.tatilsepeti.com/Files/TesisResim/09739/tsr09739636934424999202682.jpg,,Bodrum Akyarlar ,600.0,2.0,Yok,0,0,1,0,1,0,1,1,0,0,0,1,0,0,0,0,0,0,1,0,0,0,0,0,0,0,0,1,0
236,Side Beach Club,24313.0,https://cdn.tatilsepeti.com/Files/Images/Tesis/13947/1050X700/tsr13947638494219362390149.jpg,,Antalya Side ,,-1.0,Yok,0,0,1,0,1,0,0,0,0,0,0,1,0,0,0,0,0,0,0,0,0,0,0,0,0,0,0,0,0
6,Club Grand Aqua,66901.3,https://cdn.tatilsepeti.com/Files/Images/Tesis/03476/1050X700/tsr03476638493107104703148.jpg,7.7,Antalya Side Çolaklı ,300.0,2.0,Yok,2,1,1,1,1,1,0,5,1,0,1,1,0,1,1,1,1,0,0,1,0,0,1,0,1,1,1,1,0
53,Hedef Kleopatra Hotel,34912.5,https://cdn.tatilsepeti.com/Files/Images/Tesis/11412/1050X700/tsr11412637896969373112254.jpg,8.4,Antalya Alanya ,100.0,-1.0,Yok,0,0,1,1,1,0,1,1,0,0,1,0,0,1,1,1,0,0,1,1,1,1,1,1,1,1,1,1,1
45,Turunç Premium Hotel,64680.0,https://cdn.tatilsepeti.com/Files/Images/Tesis/04840/1050X700/tsr04840637713008889961242.jpg,9.4,Marmaris Turunç ,0.0,2.0,Var,1,1,1,1,1,1,1,5,0,0,0,1,1,1,1,0,1,1,1,0,0,0,1,1,1,1,1,1,1
31,Queens Park Resort Göynük,68040.0,https://cdn.tatilsepeti.com/Files/Images/Tesis/02797/1050X700/tsr02797637115931447450695.jpg,7.9,Antalya Kemer Göynük ,0.0,2.0,Yok,3,1,1,1,2,1,0,4,1,0,1,0,1,1,1,1,1,1,1,1,0,0,1,1,1,1,1,1,1
155,Söz Hotel Gümbet (Ex. The Best Life Hotel Gümbet),37196.0,,,,,,,0,0,0,0,0,0,0,0,0,0,0,0,0,0,0,0,0,0,0,0,0,0,0,0,0,0,0,0,0
64,Oba Star Hotel Spa,37251.9,https://cdn.tatilsepeti.com/Files/Images/Tesis/02801/1050X700/tsr02801638392860593939941.jpg,6.4,Antalya Alanya Obagöl ,50.0,2.0,Yok,0,1,0,0,2,0,1,3,1,0,1,1,0,0,1,1,1,0,1,1,1,0,1,1,1,1,1,1,1
154,Elips Royal Hotel,26145.0,https://cdn.tatilsepeti.com/Files/TesisResim/06974/tsr06974637039951580664898.jpg,8.1,Antalya Antalya Merkez Muratpaşa ,,,Yok,0,1,0,0,0,0,1,0,0,1,0,1,0,0,0,0,0,0,1,0,0,0,0,0,1,0,0,0,0
153,Dragut Point South Hotel,18598.9,https://cdn.tatilsepeti.com/Files/Images/Tesis/04291/1050X700/tsr04291638240784100059352.jpg,8.1,Bodrum Turgutreis ,0.0,2.0,Var,0,0,1,0,1,0,0,1,0,0,1,0,0,1,1,0,1,1,1,0,0,0,1,0,1,1,1,1,0
35,Royal Alhambra Palace,75600.0,https://cdn.tatilsepeti.com/Files/Images/Tesis/04218/1050X700/tsr04218638149092208201702.jpg,7.4,Antalya Side Çolaklı ,200.0,2.0,Yok,8,1,1,1,2,1,0,7,1,0,1,1,0,1,1,1,1,1,1,1,0,0,1,0,1,1,1,1,1
190,Lara World Hotel,20133.2,https://cdn.tatilsepeti.com/Files/Images/Tesis/03569/1050X700/tsr03569638297266680184344.jpg,7.4,Antalya Lara Örnekköy ,200.0,2.0,Yok,0,1,1,1,1,0,0,2,0,0,0,1,0,0,0,0,0,0,1,0,0,0,1,0,0,0,1,0,0
135,Campus Hill Hotel,30730.0,https://cdn.tatilsepeti.com/Files/Images/Tesis/09619/1050X700/tsr09619637610982718666211.jpg,7.5,Antalya Alanya ,750.0,2.0,Yok,1,0,1,1,1,0,0,4,1,0,1,1,1,1,1,1,1,0,1,1,0,1,1,0,0,1,1,1,0
7,Commodore Elite Suites Spa,82620.7,https://cdn.tatilsepeti.com/Files/Images/Tesis/03648/1050X700/tsr03648638427248216005182.jpg,9.4,Antalya Side Evrenseki ,0.0,2.0,Yok,2,1,1,1,1,1,0,0,1,0,0,1,0,1,1,0,1,0,1,1,0,0,1,0,1,1,0,0,0
115,Diamond Premium Hotel Spa,64260.0,https://cdn.tatilsepeti.com/Files/Images/Tesis/05289/1050X700/tsr05289638427244294704014.jpg,8.8,Antalya Side Titreyengöl ,200.0,2.0,Var,2,1,3,3,1,1,1,9,1,0,1,1,1,1,0,1,1,1,1,1,0,0,1,0,1,1,1,1,1
237,Silver Hotel,25200.0,https://cdn.tatilsepeti.com/Files/Images/Tesis/03386/1050X700/tsr03386638461160227920142.jpg,9.3,Antalya Side Çolaklı ,500.0,2.0,Yok,0,1,1,0,2,0,0,1,1,0,0,0,0,1,0,1,0,0,1,0,0,0,0,0,0,1,0,1,1
260,Nerton Hotel,37984.8,https://cdn.tatilsepeti.com/Files/Images/Tesis/00852/1050X700/tsr00852638492941731262571.jpg,8.7,Antalya Side Denizbükü ,0.0,2.0,Yok,1,1,1,1,1,1,0,2,0,0,1,0,0,1,1,0,0,0,0,1,1,0,0,0,1,1,1,0,0
74,Dragut Point North Hotel,35356.1,https://cdn.tatilsepeti.com/Files/Images/Tesis/04292/1050X700/tsr04292638060077318583845.jpg,6.7,Bodrum Turgutreis ,0.0,2.0,Var,0,0,1,1,1,0,0,1,0,0,0,0,0,1,1,0,1,0,1,0,1,0,1,1,1,1,0,1,0
9,Doria Hotel Bodrum,55282.5,https://cdn.tatilsepeti.com/Files/Images/Tesis/01861/1050X700/tsr01861638225143019176828.jpg,0.9,Bodrum Bitez ,750.0,2.0,Var,1,0,1,1,2,1,0,2,0,0,0,1,0,1,1,0,1,0,1,0,0,0,1,0,1,1,0,1,0
8,Crystal Palace Luxury Resort Spa,75680.0,https://cdn.tatilsepeti.com/Files/Images/Tesis/02958/1050X700/tsr02958638472205921405272.jpg,8.3,Antalya Side Çolaklı ,0.0,,Yok,5,1,4,4,2,1,1,10,1,0,1,1,1,1,1,1,1,1,1,1,0,0,1,0,1,1,1,1,1
36,Royal Dragon Side,80640.0,https://cdn.tatilsepeti.com/Files/Images/Tesis/01983/1050X700/tsr01983638544028863742495.jpg,8.9,Antalya Side Evrenseki ,,2.0,Yok,4,1,1,1,3,1,0,10,1,0,0,1,0,1,1,1,1,1,1,1,0,0,1,0,1,1,1,1,1
102,Vita Bella Hotel Resort Spa,58240.0,https://cdn.tatilsepeti.com/Files/Images/Tesis/06516/1050X700/tsr06516638427301196261612.jpg,7.6,Bodrum Gündoğan ,0.0,2.0,Var,1,1,1,1,1,1,0,2,0,0,0,1,0,1,1,0,0,0,0,0,0,0,1,0,1,1,0,1,1
65,The X Belek,49834.2,https://cdn.tatilsepeti.com/Files/Images/Tesis/13057/1050X700/tsr13057638262476477292777.jpg,8.2,Antalya Belek Serik ,750.0,2.0,Yok,4,0,1,1,1,1,0,4,1,0,1,0,0,1,1,1,1,1,1,1,0,0,1,0,1,1,1,1,0
46,Vonresort Elite,87780.0,https://cdn.tatilsepeti.com/Files/Images/Tesis/05003/1050X700/tsr05003637338632233269166.jpg,0.9,Antalya Side Çolaklı ,0.0,2.0,Var,7,1,1,1,3,1,0,7,1,0,1,1,1,1,1,1,1,1,1,1,0,1,1,1,1,1,1,1,1
191,Lupo Libero Hotel Spa,25352.2,https://cdn.tatilsepeti.com/Files/Images/Tesis/13477/1050X700/tsr13477638332414655399306.jpg,,Antalya Muratpaşa ,500.0,,Yok,0,1,1,0,0,0,0,0,0,0,0,1,0,1,0,0,1,0,1,0,0,0,0,0,1,1,0,0,0
136,Crb Crown Residence Belek Health Spa,46709.0,https://cdn.tatilsepeti.com/Files/Images/Tesis/14130/1050X700/tsr14130638540172602639772.jpg,,Antalya Belek ,,-1.0,Yok,1,1,0,0,0,0,0,0,1,0,1,1,1,0,1,0,0,0,1,1,0,0,1,0,1,1,0,1,1
41,Sueno Hotels Beach Side,87806.2,https://cdn.tatilsepeti.com/Files/Images/Tesis/01531/1050X700/tsr01531638489662654390413.jpg,8.1,Antalya Side Sorgun ,0.0,2.0,Var,6,1,1,1,6,1,1,13,1,1,0,1,0,1,1,1,1,0,1,1,0,0,1,0,1,1,1,1,1
156,Tamara Business Antalya,15092.0,https://cdn.tatilsepeti.com/Files/Images/Tesis/11351/1050X700/tsr11351637393284673731968.jpg,8.3,Antalya Antalya Merkez Muratpaşa ,400.0,-1.0,Yok,0,1,0,1,0,1,1,1,0,0,0,1,0,1,1,0,1,0,0,0,0,0,1,0,1,1,0,0,0
126,Radisson Blu Resort Spa Çeşme,67900.0,https://cdn.tatilsepeti.com/Files/Images/Tesis/02518/1050X700/tsr02518637927824175138931.jpg,7.8,Çeşme Ilıca ,0.0,2.0,Var,1,1,0,1,1,1,0,3,0,1,1,1,1,1,1,0,1,0,1,0,0,0,1,0,1,1,1,1,1
75,Habesos Hotel,22642.2,https://cdn.tatilsepeti.com/Files/Images/Tesis/00623/1050X700/tsr00623638513922266036043.jpg,7.2,Antalya Kaş Küçükçakıl Mevkii ,,-1.0,Yok,0,1,1,1,1,0,0,1,0,0,0,1,0,0,1,0,0,0,1,0,0,0,0,0,0,0,0,1,0
238,Solis Beach Hotel,20011.7,https://cdn.tatilsepeti.com/Files/Images/Tesis/12891/1050X700/tsr12891638150872099937308.jpg,,Antalya Alanya Konaklı ,600.0,2.0,Yok,0,1,1,0,2,0,0,1,1,0,1,0,0,1,0,0,0,0,1,1,0,0,0,0,0,1,1,1,0
54,Hera Hotel Kaş,33610.5,https://cdn.tatilsepeti.com/Files/Images/Tesis/01119/1050X700/tsr01119637642892884417410.jpg,7.4,Antalya Kaş Küçükçakıl Mevkii ,0.0,2.0,Var,2,1,1,1,1,0,0,3,0,0,0,0,0,1,1,0,1,0,1,0,0,1,1,1,0,1,0,1,1
116,Doubletree By Hilton Bodrum Işıl Club All Inclusive Resort,103861.3,https://cdn.tatilsepeti.com/Files/Images/Tesis/11539/1050X700/tsr11539638493911392130797.jpg,8.7,Bodrum Torba Kaynar Mevkii ,0.0,2.0,Var,2,1,1,1,1,0,0,5,0,0,1,1,1,1,1,1,1,1,1,1,1,0,0,1,1,1,1,1,1
137,Elementa Boutique Hotel,77602.0,https://cdn.tatilsepeti.com/Files/Images/Tesis/11528/1050X700/tsr11528637783660597280375.jpg,9.2,Bodrum Yalıkavak ,200.0,-1.0,Yok,1,0,1,1,1,0,0,2,0,0,0,0,0,1,1,0,0,0,1,0,0,0,0,0,1,1,0,0,0
76,Bitez Garden Life,44195.2,https://cdn.tatilsepeti.com/Files/Images/Tesis/08511/1050X700/tsr08511638149174206641114.jpg,0.7,Bodrum Bitez ,100.0,2.0,Yok,1,0,1,1,3,0,0,3,1,0,1,1,1,1,1,0,0,1,1,1,0,0,0,0,1,1,1,1,0
10,Ela Excellence Resort Belek,158270.0,https://cdn.tatilsepeti.com/Files/Images/Tesis/01711/1050X700/tsr01711638470548349362065.jpg,7.8,Antalya Belek İskele ,0.0,2.0,Var,8,1,3,2,3,1,1,9,1,1,1,1,1,1,1,1,1,1,1,1,1,0,1,0,1,1,1,1,1
239,Suite Laguna Otel,47414.2,https://cdn.tatilsepeti.com/Files/TesisResim/02970/tsr02970636651835808121451.jpg,7.7,Antalya Muratpaşa ,750.0,-1.0,Yok,0,1,1,1,1,0,0,0,0,0,0,1,0,0,0,0,0,0,1,0,0,0,1,0,0,0,0,1,0
157,The Nowness Hotel,57487.5,https://cdn.tatilsepeti.com/Files/Images/Tesis/07766/1050X700/tsr07766638427348843823923.jpg,9.7,Çeşme Çeşme Merkez ,0.0,2.0,Var,1,1,1,1,1,0,0,1,0,0,1,1,1,1,1,0,1,0,1,0,0,0,1,0,1,1,0,1,0
103,Eldar Resort Hotel,51408.0,https://cdn.tatilsepeti.com/Files/Images/Tesis/03047/1050X700/tsr03047638563067235173010.jpg,7.7,Antalya Kemer Göynük ,300.0,2.0,Yok,0,1,1,1,1,1,1,1,1,0,0,1,1,1,1,0,1,1,1,1,1,1,1,1,1,1,1,1,1
138,Hyde Bodrum Adult Only 16,134035.3,https://cdn.tatilsepeti.com/Files/Images/Tesis/14173/1050X700/tsr14173638544910825655558.jpg,,Bodrum Torba ,0.0,-1.0,Yok,1,0,0,0,0,0,0,0,0,0,1,1,0,0,0,0,0,1,0,0,1,0,1,0,1,1,0,0,0
240,The Abc Hotel,61414.1,https://cdn.tatilsepeti.com/Files/Images/Tesis/12550/1050X700/tsr12550637968687758317496.jpg,,Çeşme Alaçatı ,,-1.0,Yok,0,0,0,0,1,0,0,0,0,0,0,0,0,0,0,0,0,0,0,0,0,0,1,0,0,0,0,0,0
192,Marbas Select Beach,36646.9,https://cdn.tatilsepeti.com/Files/Images/Tesis/03200/1050X700/tsr03200638245881272925338.jpg,7.7,Marmaris İçmeler ,0.0,2.0,Var,1,1,1,1,2,0,0,1,0,0,0,0,0,0,0,0,0,0,1,1,0,0,0,0,0,0,0,1,0
55,Hotel Sun Fire Beach,19709.3,https://cdn.tatilsepeti.com/Files/Images/Tesis/02770/1050X700/tsr02770638525871096559021.jpg,5.8,Antalya Alanya Mahmutlar ,0.0,2.0,Yok,0,1,1,1,1,0,0,1,1,0,0,0,0,1,1,1,1,0,1,1,0,1,0,0,1,1,1,1,1
11,Grand Kaptan Hotel,48958.3,https://cdn.tatilsepeti.com/Files/Images/Tesis/00329/1050X700/tsr00329637840856725510700.jpg,7.3,Antalya Alanya Obagöl ,,2.0,Var,1,1,1,1,2,0,1,5,1,0,1,1,1,1,1,1,1,1,1,1,0,0,1,0,0,1,1,1,1
47,Vonresort Golden Beach,30922.5,https://cdn.tatilsepeti.com/Files/Images/Tesis/00160/1050X700/tsr00160637338641686218590.jpg,8.9,Antalya Side Çolaklı ,200.0,2.0,Var,7,0,1,1,3,0,0,7,1,0,1,1,1,1,1,1,1,1,1,1,0,1,1,1,1,1,1,1,1
66,White City Beach Hotel,53886.5,https://cdn.tatilsepeti.com/Files/Images/Tesis/01772/1050X700/tsr01772637546009209758317.jpg,7.5,Antalya Alanya Konaklı ,,2.0,Var,1,1,1,1,1,0,1,2,1,0,1,1,1,1,1,0,1,1,1,1,0,0,1,0,0,1,1,0,0
67,Antique Roman Palace +16,45876.2,,,,,,,0,0,0,0,0,0,0,0,0,0,0,0,0,0,0,0,0,0,0,0,0,0,0,0,0,0,0,0,0
127,Regnum Carya,207900.0,https://cdn.tatilsepeti.com/Files/Images/Tesis/04294/1050X700/tsr04294638463222089981314.jpg,9.1,Antalya Belek Üçkum Tepesi ,0.0,,Var,15,1,1,3,6,2,1,17,1,1,1,1,1,1,1,1,1,1,1,1,1,0,1,1,1,1,1,1,1
104,Algora Halal Hotel,40950.0,https://cdn.tatilsepeti.com/Files/Images/Tesis/10692/1050X700/tsr10692638206100462064615.jpg,7.9,Antalya Alanya Konaklı ,200.0,2.0,Yok,0,1,1,1,3,0,1,2,1,0,1,1,1,1,1,1,0,0,1,1,0,1,1,0,0,1,1,1,1
109,Club Grand Side Amazon Water World,66901.3,https://cdn.tatilsepeti.com/Files/Images/Tesis/00294/1050X700/tsr00294638558778714038807.jpg,8.1,Antalya Side Çolaklı ,300.0,2.0,Yok,3,1,1,1,2,1,1,5,1,1,1,1,1,1,1,1,1,1,1,1,0,0,1,0,1,1,1,1,1
158,Theluna Suite Hotel,20357.1,https://cdn.tatilsepeti.com/Files/Images/Tesis/10896/1050X700/tsr10896637280920829816330.jpg,,Antalya Konyaaltı Konyaaltı ,,-1.0,Yok,0,1,0,0,1,0,1,1,0,0,0,1,1,0,1,1,0,0,1,0,0,1,1,0,1,1,0,1,1
193,Marin Hotel Kemer,19635.0,https://cdn.tatilsepeti.com/Files/Images/Tesis/05998/1050X700/tsr05998638461778143455398.jpg,,Antalya Kemer Beldibi ,300.0,2.0,Yok,0,0,1,1,0,1,0,0,1,0,0,0,1,1,0,0,0,0,1,1,0,0,1,0,0,1,1,1,0
56,La Salvia Hotel Kaş,34160.0,https://cdn.tatilsepeti.com/Files/Images/Tesis/08130/1050X700/tsr08130638229689933262499.jpg,7.7,Antalya Kaş Çukurbağ Yarımadası ,50.0,2.0,Var,0,0,1,1,1,0,0,3,0,0,0,1,0,0,0,0,0,0,1,0,0,0,1,0,0,1,1,0,1
79,Ayayorgi Hotel By T,46100.0,https://cdn.tatilsepeti.com/Files/Images/Tesis/08231/1050X700/tsr08231637292990887285953.jpg,0.9,Çeşme Çeşme Merkez ,750.0,,Yok,1,1,1,1,1,0,1,2,0,0,0,1,0,0,0,0,0,0,1,0,0,0,0,0,0,0,0,0,0
78,Acropol Of Bodrum Beach Hotel,20482.0,https://cdn.tatilsepeti.com/Files/Images/Tesis/10771/1050X700/tsr10771637262725159149155.jpg,8.7,Bodrum Ortakent Yahşi Ortakent ,0.0,2.0,Yok,1,1,1,1,0,0,0,1,0,0,0,0,0,0,0,0,0,0,1,0,0,0,1,0,0,0,0,0,0
139,Radisson Collection Bodrum,123606.0,https://cdn.tatilsepeti.com/Files/Images/Tesis/11568/1050X700/tsr11568638168020117683645.jpg,9.1,Bodrum Akyarlar ,50.0,2.0,Var,1,1,2,1,1,1,1,2,0,1,1,1,1,1,1,1,1,0,1,0,1,0,0,0,1,1,0,0,0
140,Side Sunport Hotel Spa (Ex. Side Sungate),55993.0,,,,,,,0,0,0,0,0,0,0,0,0,0,0,0,0,0,0,0,0,0,0,0,0,0,0,0,0,0,0,0,0
77,Romance Beach Hotel,26348.2,https://cdn.tatilsepeti.com/Files/Images/Tesis/00366/1050X700/tsr00366638512945741659105.jpg,8.4,Marmaris Siteler ,,2.0,Yok,0,1,1,1,1,0,0,1,0,0,0,1,0,1,1,0,1,1,1,0,0,0,0,0,0,1,0,1,0
241,Wasa Hotel,22491.0,https://cdn.tatilsepeti.com/Files/TesisResim/01419/tsr01419636545702598909711.jpg,,Antalya Alanya Damlataş ,750.0,-1.0,Yok,1,1,1,1,1,0,0,1,0,0,0,1,0,0,1,0,0,1,1,0,0,0,1,0,0,0,1,1,0
261,Almena Hotel,17546.9,https://cdn.tatilsepeti.com/Files/TesisResim/06208/tsr06208635949370195706204.jpg,7.2,Marmaris Merkez ,,-1.0,Yok,1,1,1,0,1,0,0,1,0,0,0,1,0,1,1,0,0,1,1,0,0,0,1,0,1,1,0,1,0
194,Mostar Otel Antalya,12800.0,https://cdn.tatilsepeti.com/Files/Images/Tesis/06330/1050X700/tsr06330638531131320587314.jpg,,Antalya Muratpaşa ,500.0,-1.0,Yok,0,1,0,0,0,0,0,0,0,0,0,1,0,0,0,0,0,0,0,0,0,0,0,0,0,0,0,0,0
68,Astoria Hotel,33345.5,https://cdn.tatilsepeti.com/Files/Images/Tesis/02618/1050X700/tsr02618638427264213912164.jpg,7.1,Antalya Kemer Merkez ,200.0,2.0,Yok,0,1,1,1,1,1,1,2,0,0,0,0,0,1,1,0,1,0,1,1,0,0,0,0,1,1,1,1,1
12,Hapimag Resort Sea Garden,85050.0,https://cdn.tatilsepeti.com/Files/Images/Tesis/00461/1050X700/tsr00461637423329786262922.jpg,8.2,Bodrum Yalıçiftlik ,0.0,2.0,Var,3,1,1,1,2,1,1,4,1,0,1,1,1,1,1,0,1,1,1,1,1,0,1,1,0,1,1,1,1
48,Vonresort Golden Coast,77000.0,https://cdn.tatilsepeti.com/Files/Images/Tesis/00125/1050X700/tsr00125637338656421484540.jpg,8.6,Antalya Side Çolaklı ,0.0,2.0,Var,7,1,1,1,3,1,1,7,1,0,1,1,1,1,1,1,1,1,1,1,0,1,1,1,1,1,1,1,1
196,Pearly Hotel,55339.2,https://cdn.tatilsepeti.com/Files/Images/Tesis/12824/1050X700/tsr12824638083702568735924.jpg,,Antalya Konyaaltı ,,-1.0,Yok,0,0,1,0,0,0,0,0,0,0,0,0,0,1,0,0,0,0,1,0,0,0,0,0,1,1,0,0,0
195,Myra Hotel,30450.0,https://cdn.tatilsepeti.com/Files/Images/Tesis/02149/1050X700/tsr02149638455909652435441.jpg,6.5,Marmaris Siteler ,200.0,-1.0,Yok,0,1,1,1,1,0,0,1,0,0,0,1,0,0,0,0,0,0,1,0,0,0,0,0,0,0,0,1,0
142,Eramax Hotel Kemer,21000.0,https://cdn.tatilsepeti.com/Files/Images/Tesis/11643/1050X700/tsr11643637587421841670948.jpg,7.5,Antalya Kemer Merkez ,750.0,-1.0,Yok,0,0,0,1,1,0,0,0,0,0,0,1,0,0,0,0,0,0,1,0,0,0,1,0,0,0,0,1,1
141,Swissotel Living Bodrum,176303.3,https://cdn.tatilsepeti.com/Files/Images/Tesis/13474/1050X700/tsr13474638331524275192841.jpg,,Bodrum Gündoğan ,0.0,2.0,Var,2,1,1,2,3,1,1,2,0,0,0,1,0,1,0,0,1,0,1,0,0,0,1,0,1,1,1,0,0
117,Elegance Hotel Marmaris,87550.0,https://cdn.tatilsepeti.com/Files/Images/Tesis/00145/1050X700/tsr00145637840780411888323.jpg,8.7,Marmaris Siteler ,0.0,2.0,Var,2,1,0,1,2,0,1,4,0,1,1,0,1,1,1,0,1,1,0,1,1,1,1,0,1,1,1,1,1
128,Rixos Downtown Antalya,97200.0,https://cdn.tatilsepeti.com/Files/Images/Tesis/00200/1050X700/tsr00200637904610741567474.jpg,9.1,Antalya Antalya Merkez ,200.0,2.0,Yok,3,1,1,1,1,0,1,1,0,0,1,1,1,1,1,0,1,0,1,0,0,0,0,0,1,1,1,1,1
69,Celeste Bella Luxury Hotel Spa,46041.0,https://cdn.tatilsepeti.com/Files/Images/Tesis/12274/1050X700/tsr12274638435927587646873.jpg,,Bodrum Ortakent Yahşi Ortakent ,300.0,2.0,Yok,1,1,1,1,1,0,0,2,0,0,0,1,0,1,1,0,0,0,1,0,0,0,0,0,1,1,1,0,0
80,Casa Nonna Bodrum,149396.9,https://cdn.tatilsepeti.com/Files/Images/Tesis/04363/1050X700/tsr04363637964156373393588.jpg,9.2,Bodrum İçmeler ,0.0,2.0,Var,1,1,1,1,1,0,1,2,0,0,0,1,0,1,1,0,1,0,1,0,0,0,1,0,1,1,0,0,0
143,Ag Hotels Antalya,21330.9,https://cdn.tatilsepeti.com/Files/Images/Tesis/11425/1050X700/tsr11425637461543930348851.jpg,0.8,Antalya Antalya Merkez Muratpaşa ,750.0,-1.0,Yok,1,1,1,1,0,0,1,0,0,0,0,1,0,0,0,0,0,0,1,0,0,0,0,0,0,0,0,0,0
13,Hotel Terrace Beach Resort,54922.0,https://cdn.tatilsepeti.com/Files/Images/Tesis/00901/1050X700/tsr00901637539191036979159.jpg,8.7,Antalya Side Kumköy ,0.0,2.0,Yok,2,1,1,1,1,1,1,3,1,0,1,0,1,1,1,1,1,0,1,1,0,0,1,0,1,1,1,1,0
82,Ege Tulip Çeşme Deluxe Hotel,26836.7,https://cdn.tatilsepeti.com/Files/Images/Tesis/03878/1050X700/tsr03878638427347514398686.jpg,8.3,Çeşme Çeşme Merkez ,750.0,,Yok,1,1,1,1,1,0,0,1,0,0,0,0,0,0,0,0,0,0,1,0,0,0,0,0,0,0,0,1,1
57,Larissa Sultans Beach Hotel,37128.0,https://cdn.tatilsepeti.com/Files/Images/Tesis/00330/1050X700/tsr00330638161309207122554.jpg,0.8,Antalya Kemer Çamyuva ,50.0,2.0,Yok,1,1,1,1,1,1,1,1,0,0,1,1,1,1,1,1,0,1,1,1,0,0,1,0,0,1,0,1,1
110,Club Hotel Turan Prince World,65520.0,https://cdn.tatilsepeti.com/Files/Images/Tesis/00148/1050X700/tsr00148638376396092821681.jpg,8.2,Antalya Side Kızılağaç ,0.0,2.0,Var,3,0,1,1,3,1,1,7,1,0,1,0,1,1,1,1,1,1,1,1,1,1,1,1,1,1,1,1,1
81,Club Hotel Barbarossa Kaş,48882.4,https://cdn.tatilsepeti.com/Files/Images/Tesis/01921/1050X700/tsr01921637886634466799194.jpg,7.9,Antalya Kaş Çukurbağ Yarımadası ,0.0,2.0,Var,1,1,1,1,2,0,1,3,0,0,0,1,0,0,1,0,0,1,1,0,0,1,1,1,0,1,1,1,0
49,Altis Resort Hotel Spa,67469.6,https://cdn.tatilsepeti.com/Files/Images/Tesis/07296/1050X700/tsr07296637982266022740295.jpg,8.1,Antalya Belek Taşlıburun ,0.0,2.0,Var,0,1,1,1,2,1,1,1,1,0,1,1,1,1,1,1,1,1,0,1,0,1,1,1,1,1,1,1,1
159,Club Hotel Mirabell Alanya,24834.5,https://cdn.tatilsepeti.com/Files/Images/Tesis/01354/1050X700/tsr01354638549926325031337.jpg,0.8,Antalya Alanya Konaklı ,50.0,2.0,Var,0,1,1,1,2,0,0,5,1,0,1,1,1,1,1,0,1,0,1,1,0,0,1,0,0,1,1,1,1
197,Peramis Hotel Spa,17500.0,https://cdn.tatilsepeti.com/Files/Images/Tesis/12590/1050X700/tsr12590637989477507704839.jpg,,Antalya Lara ,500.0,-1.0,Yok,0,1,0,0,1,0,0,1,0,0,0,1,0,1,0,0,0,0,0,0,0,0,1,0,1,1,0,1,0
262,Atrium Hotel Bodrum,22866.6,https://cdn.tatilsepeti.com/Files/TesisResim/08299/tsr08299636657990315406108.jpg,7.9,Bodrum Bodrum Merkez ,100.0,-1.0,Yok,1,0,1,1,1,0,0,1,0,0,0,1,0,0,1,0,0,0,1,0,0,0,0,0,0,0,0,1,0
144,Ambrosia Hotel,37800.0,https://cdn.tatilsepeti.com/Files/Images/Tesis/02969/1050X700/tsr02969638497490981386701.jpg,8.8,Bodrum Bitez ,0.0,2.0,Yok,1,0,1,1,1,0,0,3,0,0,1,1,1,1,1,1,1,1,1,1,0,0,1,0,1,1,1,1,0
243,Uk Hotel Kiriş,35748.9,https://cdn.tatilsepeti.com/Files/Images/Tesis/12004/1050X700/tsr12004638476744057586193.jpg,,Antalya Kemer Kiriş ,200.0,-1.0,Yok,0,0,1,0,1,0,0,0,1,0,0,1,0,1,1,0,1,1,1,0,0,0,0,0,1,1,1,1,1
83,Golden Key Bördübet,112000.0,https://cdn.tatilsepeti.com/Files/Images/Tesis/00470/1050X700/tsr00470637838303812094523.jpg,9.8,Marmaris Bördübet ,500.0,2.0,Var,2,0,2,0,1,0,0,4,0,0,0,1,0,0,1,0,0,0,1,0,1,0,1,1,0,1,1,0,0
88,Alaçatı Aura Plus Otel,40500.0,https://cdn.tatilsepeti.com/Files/Images/Tesis/10782/1050X700/tsr10782637528853261320650.jpg,8.5,Çeşme Alaçatı ,750.0,,Yok,0,0,0,0,0,0,0,1,0,0,0,0,0,0,0,0,0,0,1,0,0,0,1,0,0,0,0,0,0
14,Hotel Turan Prince,65016.0,https://cdn.tatilsepeti.com/Files/Images/Tesis/04761/1050X700/tsr04761638376447493351461.jpg,0.8,Antalya Side ,0.0,2.0,Var,3,1,1,1,3,1,0,11,1,0,1,0,1,1,1,1,1,1,1,1,1,0,1,1,1,1,1,1,1
15,Juju Premier Palace (Ex. Amara Premier Palace),88506.2,,,,,,,0,0,0,0,0,0,0,0,0,0,0,0,0,0,0,0,0,0,0,0,0,0,0,0,0,0,0,0,0
58,Mysea Hotels İncekum,40950.0,https://cdn.tatilsepeti.com/Files/Images/Tesis/06831/1050X700/tsr06831637902087576966583.jpg,6.7,Antalya Alanya Türkler ,0.0,2.0,Yok,0,1,1,1,1,1,1,2,1,0,1,1,0,1,1,1,1,1,1,1,0,0,0,0,0,1,1,1,1
198,Point Beach,34815.7,https://cdn.tatilsepeti.com/Files/Images/Tesis/12092/1050X700/tsr12092638246008653240330.jpg,0.7,Marmaris Merkez ,0.0,2.0,Yok,0,1,1,1,1,1,0,1,0,0,1,0,0,1,1,0,0,0,1,0,0,0,1,0,0,1,0,0,0
160,Holiday Inn Antalya Lara,32045.1,https://cdn.tatilsepeti.com/Files/TesisResim/06705/tsr06705636936123836968764.jpg,9.2,Antalya Lara Örnekköy ,400.0,2.0,Yok,1,1,1,1,1,0,1,1,0,0,0,1,1,1,0,0,1,0,1,0,0,0,1,0,0,1,0,0,0
85,Provence Mansion Alaçatı,32893.0,https://cdn.tatilsepeti.com/Files/Images/Tesis/07718/1050X700/tsr07718637611701938730213.jpg,9.9,Çeşme Alaçatı ,,,Yok,0,0,1,1,1,0,0,2,0,0,0,0,0,0,0,0,0,0,1,0,0,0,0,0,0,0,0,0,0
87,My Adress Alaçatı,31150.0,https://cdn.tatilsepeti.com/Files/TesisResim/04084/tsr04084636657187250369100.jpg,0.7,Çeşme Alaçatı ,750.0,-1.0,Yok,0,0,0,0,0,0,0,1,0,0,0,1,0,0,0,0,0,0,1,0,1,0,0,0,0,0,0,0,0
111,Club Marco Polo,92820.0,https://cdn.tatilsepeti.com/Files/Images/Tesis/00040/1050X700/tsr00040637755346218426513.jpg,7.9,Antalya Kemer Çamyuva ,0.0,2.0,Var,3,0,1,1,6,0,1,4,1,0,1,1,1,1,1,1,1,1,1,1,0,0,1,0,1,1,1,1,1
129,Robinson Club Pamfilya,38675.0,https://cdn.tatilsepeti.com/Files/Images/Tesis/01735/1050X700/tsr01735638479273408133121.jpg,9.1,Antalya Side Titreyengöl ,0.0,2.0,Var,1,0,1,1,1,0,1,3,1,0,1,1,1,1,1,1,1,0,1,1,0,0,1,0,1,1,1,1,1
84,Marmaris Beach Hotel,37525.0,https://cdn.tatilsepeti.com/Files/TesisResim/07352/tsr07352637043203447035428.jpg,7.3,Marmaris Merkez ,0.0,2.0,Yok,1,1,1,1,1,0,0,1,0,0,0,0,0,0,1,0,0,1,1,0,0,1,1,0,1,0,0,1,0
86,Upperhouse Boutique Hotel,18300.0,https://cdn.tatilsepeti.com/Files/TesisResim/04035/tsr04035635955401373145738.jpg,8.6,Antalya Kaş ,200.0,2.0,Var,0,0,1,1,0,0,0,1,0,0,1,1,1,1,0,0,0,0,1,0,0,1,1,0,1,1,0,0,0
199,La Mira Otel,34000.0,https://cdn.tatilsepeti.com/Files/TesisResim/06904/tsr06904636815267747163685.jpg,,Çeşme Alaçatı ,750.0,-1.0,Yok,0,0,0,0,0,0,0,0,0,0,0,1,0,0,0,0,0,0,1,0,0,0,1,0,0,0,0,0,0
91,Otto Palace Boutique Hotel,28215.0,https://cdn.tatilsepeti.com/Files/Images/Tesis/12260/1050X700/tsr12260637837989700930998.jpg,,Antalya Adrasan ,,-1.0,Yok,0,0,1,0,1,0,0,0,0,0,0,0,0,0,0,0,0,0,1,0,0,0,0,0,0,0,0,0,0
59,Pırıl Hotel Thermal Beauty Spa,34020.0,https://cdn.tatilsepeti.com/Files/Images/Tesis/01012/1050X700/tsr01012637908002100524394.jpg,7.9,Çeşme Çeşme Merkez ,,2.0,Var,0,1,1,1,2,1,1,4,0,1,1,1,0,1,1,0,1,0,1,0,0,0,1,0,1,1,1,1,1
118,Galeri Resort Hotel,49151.1,https://cdn.tatilsepeti.com/Files/Images/Tesis/01900/1050X700/tsr01900638066345604480445.jpg,7.9,Antalya Alanya Okurcalar ,0.0,2.0,Var,4,1,1,1,1,1,1,7,1,0,1,1,1,1,1,1,1,0,1,1,0,0,1,0,0,1,1,1,0
16,Kempinski Hotel Barbaros Bay,179499.6,https://cdn.tatilsepeti.com/Files/Images/Tesis/01716/1050X700/tsr01716637336162043652800.jpg,9.6,Bodrum Yalıçiftlik ,0.0,2.0,Var,3,1,1,1,1,1,1,2,0,1,1,1,1,1,1,1,1,0,1,0,1,1,1,1,1,1,1,1,1
200,Ni Hotel Lara,19995.0,https://cdn.tatilsepeti.com/Files/Images/Tesis/11579/1050X700/tsr11579637689518624598555.jpg,,Antalya Lara ,750.0,,Yok,0,1,1,1,0,0,0,1,0,0,0,1,0,0,0,0,0,0,1,0,0,0,1,0,0,1,0,0,0
130,Robinson Çamyuva,94278.5,https://cdn.tatilsepeti.com/Files/Images/Tesis/01736/1050X700/tsr01736638500711491155046.jpg,0.8,Antalya Kemer Çamyuva ,0.0,2.0,Var,2,0,3,0,1,0,1,4,0,0,1,1,1,1,0,1,1,0,1,1,0,0,1,0,1,1,1,0,0
89,Cumbalıca Garden Hotel,42218.0,https://cdn.tatilsepeti.com/Files/Images/Tesis/13180/1050X700/tsr13180638259310321008764.jpg,,Çeşme Ilıca ,,2.0,Yok,1,0,1,1,0,1,0,1,0,0,0,0,0,0,0,0,0,0,0,0,0,0,0,0,0,0,0,0,0
90,Mekvin Hotels Deniz Feneri Lighthouse +12 Adults Only,33763.6,,,,,,,0,0,0,0,0,0,0,0,0,0,0,0,0,0,0,0,0,0,0,0,0,0,0,0,0,0,0,0,0
202,Beetle House Coffee Hotel,14000.0,https://cdn.tatilsepeti.com/Files/Images/Tesis/11497/1050X700/tsr11497637510736809385296.jpg,9.5,Antalya Konyaaltı ,750.0,-1.0,Yok,1,1,1,1,0,0,0,1,0,0,0,1,0,0,0,0,0,0,1,0,0,0,0,0,0,0,0,0,1
92,The Local House Alaçatı,43312.5,https://cdn.tatilsepeti.com/Files/Images/Tesis/13429/1050X700/tsr13429638306551222353210.jpg,,Çeşme Alaçatı ,,,Yok,1,0,1,1,1,0,0,1,0,0,0,1,0,1,0,0,1,0,1,0,0,0,0,0,1,1,0,0,0
93,Kuum Hotel +14 Adult Only,33250.0,,,,,,,0,0,0,0,0,0,0,0,0,0,0,0,0,0,0,0,0,0,0,0,0,0,0,0,0,0,0,0,0
201,Sunset Hotel Marmaris,37264.6,https://cdn.tatilsepeti.com/Files/Images/Tesis/10904/1050X700/tsr10904637301809157370896.jpg,,Marmaris Siteler ,750.0,,Yok,0,0,1,0,0,0,0,1,0,0,0,0,0,0,0,0,0,0,1,0,0,0,1,0,0,0,0,0,0
244,A11 Hotel Obaköy,25096.8,https://cdn.tatilsepeti.com/Files/Images/Tesis/11762/1050X700/tsr11762638048196909634869.jpg,7.1,Antalya Alanya Obagöl ,50.0,2.0,Var,0,1,0,1,1,0,0,5,1,0,1,1,1,1,1,1,1,0,0,1,0,0,0,0,0,1,1,1,1
203,Dores Residence,40545.8,https://cdn.tatilsepeti.com/Files/Images/Tesis/07693/1050X700/tsr07693637437149471304814.jpg,0.9,Marmaris Turunç ,100.0,-1.0,Yok,1,1,1,0,1,0,0,0,0,0,0,1,0,0,0,0,0,0,1,0,0,0,0,0,0,0,0,1,0
17,Kirman Arycanda De Luxe,80850.0,https://cdn.tatilsepeti.com/Files/Images/Tesis/00897/1050X700/tsr00897638487745176731246.jpg,8.5,Antalya Alanya Okurcalar ,0.0,2.0,Yok,4,1,1,1,2,1,1,5,1,0,1,1,0,1,1,1,1,0,1,1,0,0,1,0,1,1,1,1,1
161,Stella Hotel Kemer,29677.4,https://cdn.tatilsepeti.com/Files/Images/Tesis/07828/1050X700/tsr07828638400667494864843.jpg,0.7,Antalya Kemer Çamyuva ,100.0,2.0,Yok,0,0,0,1,1,0,0,1,1,0,1,0,0,1,1,0,1,1,1,1,0,0,0,0,1,1,1,1,1
119,Green Nature Resort Spa,60928.0,https://cdn.tatilsepeti.com/Files/Images/Tesis/01844/1050X700/tsr01844637439839027532214.jpg,7.7,Marmaris Siteler ,400.0,-1.0,Yok,1,1,1,1,3,1,1,5,1,0,1,0,1,1,1,0,1,1,1,1,0,0,1,1,1,1,1,1,1
131,Royal Seginus Hotel,74980.5,https://cdn.tatilsepeti.com/Files/Images/Tesis/06757/1050X700/tsr06757637874458920111184.jpg,8.9,Antalya Lara Kundu ,200.0,2.0,Var,9,1,1,1,6,1,0,9,1,0,1,0,1,1,1,1,1,1,1,0,0,0,1,0,1,1,1,1,1
95,Sun Pearl Resort Çeşme,39504.0,https://cdn.tatilsepeti.com/Files/Images/Tesis/13350/1050X700/tsr13350638372122557577698.jpg,,Çeşme Çeşme Merkez ,0.0,2.0,Var,1,0,1,1,1,0,0,1,0,0,0,1,0,0,0,0,0,0,1,0,0,0,0,0,0,0,0,1,0
245,Akra V,33851.1,https://cdn.tatilsepeti.com/Files/Images/Tesis/04413/1050X700/tsr04413638560522919064368.jpg,8.6,Antalya Lara ,300.0,,Yok,1,1,1,1,1,1,0,1,0,1,1,1,1,0,1,0,0,0,1,0,0,0,1,0,1,0,0,1,1
205,Golden World Suite Hotel,25930.8,https://cdn.tatilsepeti.com/Files/Images/Tesis/10893/1050X700/tsr10893637235919566051000.jpg,,Antalya Konyaaltı ,750.0,-1.0,Yok,0,1,0,0,1,0,1,1,0,0,0,1,0,0,0,0,0,0,1,0,0,0,1,0,0,0,0,1,1
94,Hotel Berke Ranch Nature,29750.0,https://cdn.tatilsepeti.com/Files/Images/Tesis/03195/1050X700/tsr03195637820927508501095.jpg,8.6,Antalya Kemer Çamyuva ,750.0,2.0,Yok,1,0,1,1,1,0,0,2,0,0,0,1,1,1,1,1,0,1,1,0,0,0,1,0,1,1,1,0,1
204,Flamingo Residence,39404.3,https://cdn.tatilsepeti.com/Files/Images/Tesis/06241/1050X700/tsr06241637802623106441462.jpg,,Antalya Konyaaltı ,750.0,-1.0,Yok,0,1,0,0,1,0,0,0,0,0,0,1,0,0,0,0,0,0,1,0,0,0,1,0,0,0,0,1,1
162,The Corner Park Hotel,18534.8,https://cdn.tatilsepeti.com/Files/Images/Tesis/03194/1050X700/tsr03194638046210869069412.jpg,7.5,Antalya Konyaaltı ,,,Yok,1,1,1,1,1,0,0,0,0,0,0,1,0,0,0,0,0,0,1,0,0,0,1,0,0,0,0,1,1
146,Balmy Beach Resort Kemer,21192.0,https://cdn.tatilsepeti.com/Files/Images/Tesis/12954/1050X700/tsr12954638224172637152365.jpg,9.5,Antalya Kemer ,0.0,2.0,Yok,1,0,1,0,1,0,0,3,0,0,0,0,0,1,1,0,1,0,1,0,0,0,0,0,0,1,0,0,0
18,Kirman Sidemarin Beach Spa,77175.0,https://cdn.tatilsepeti.com/Files/Images/Tesis/08061/1050X700/tsr08061638489420402270650.jpg,8.8,Antalya Side ,0.0,2.0,Var,4,1,1,1,1,1,0,8,1,0,1,0,0,1,1,1,1,1,0,1,0,0,1,0,1,1,1,1,1
163,Ramitos Hotel Turunç,45500.8,https://cdn.tatilsepeti.com/Files/Images/Tesis/13316/1050X700/tsr13316638255500036377478.jpg,,Marmaris Turunç ,750.0,2.0,Yok,1,1,1,1,1,0,0,2,0,0,0,1,1,1,0,0,0,0,1,0,0,0,0,0,1,1,0,1,0
145,Aqı Hydros Club,48965.8,https://cdn.tatilsepeti.com/Files/Images/Tesis/01572/1050X700/tsr01572638359272731136001.jpg,8.9,Antalya Kemer Merkez ,0.0,2.0,Var,3,1,0,1,2,1,0,2,1,0,1,1,1,1,1,1,1,1,1,1,1,1,1,1,1,1,1,1,0
263,Britannia Hotel,13300.0,https://cdn.tatilsepeti.com/Files/Images/Tesis/02996/1050X700/tsr02996637176327050666902.jpg,,Antalya Kemer Merkez ,100.0,-1.0,Yok,0,0,1,1,1,0,0,1,0,0,0,1,0,0,1,0,0,1,1,1,0,0,1,0,0,0,1,1,1
206,İrem Garden Hotel,31625.9,https://cdn.tatilsepeti.com/Files/TesisResim/07774/tsr07774637044886415914054.jpg,7.3,Antalya Side ,600.0,2.0,Yok,1,0,1,1,1,0,0,2,1,0,1,1,1,1,1,1,0,0,1,0,0,1,1,0,1,1,1,1,1
246,Blue Diamond Alya Hotel,44176.4,https://cdn.tatilsepeti.com/Files/Images/Tesis/05080/1050X700/tsr05080638149117499338306.jpg,8.8,Antalya Alanya ,,2.0,Yok,0,1,1,1,2,0,1,2,1,0,0,0,1,1,1,1,1,1,1,1,0,0,0,0,0,1,1,1,0
264,Cihantürk Hotel,19530.0,https://cdn.tatilsepeti.com/Files/Images/Tesis/03335/1050X700/tsr03335637120113935325750.jpg,8.2,Marmaris Siteler ,,-1.0,Var,0,1,1,0,1,0,0,1,0,0,0,0,0,0,0,0,0,0,1,0,0,0,0,0,0,0,0,1,0
164,Rammos Managed By Dedeman,58476.6,https://cdn.tatilsepeti.com/Files/Images/Tesis/12314/1050X700/tsr12314638100649450862258.jpg,,Bodrum Turgutreis ,0.0,2.0,Yok,2,1,1,0,1,0,1,1,0,0,0,1,0,0,0,0,1,1,1,0,0,0,0,0,1,0,0,0,0
207,Arya Apart,15103.2,https://cdn.tatilsepeti.com/Files/Images/Tesis/13020/1050X700/tsr13020638385006499349568.jpg,,Antalya Lara ,600.0,2.0,Yok,0,0,0,0,0,0,0,0,0,0,0,1,1,0,0,0,0,0,0,0,0,0,0,0,0,0,0,0,0
147,Bilem Hotel Beach Spa,55177.3,https://cdn.tatilsepeti.com/Files/TesisResim/02196/tsr02196637054467859405862.jpg,8.6,Antalya Lara ,0.0,2.0,Yok,0,1,1,1,1,1,1,4,0,0,1,1,0,1,1,0,1,0,1,0,0,0,1,0,1,1,0,1,0
165,Saint Star Kemer (Adult Only),63360.0,,,,,,,0,0,0,0,0,0,0,0,0,0,0,0,0,0,0,0,0,0,0,0,0,0,0,0,0,0,0,0,0
19,Kirman Sidera Luxury Spa,73500.0,https://cdn.tatilsepeti.com/Files/Images/Tesis/00377/1050X700/tsr00377638479265824794893.jpg,8.8,Antalya Alanya Okurcalar ,0.0,2.0,Var,5,1,1,1,2,1,1,5,1,0,1,1,0,1,1,1,1,1,0,1,0,0,1,0,1,1,1,1,1
120,Hotel Samara,128845.8,https://cdn.tatilsepeti.com/Files/Images/Tesis/00059/1050X700/tsr00059638409947743617394.jpg,9.2,Bodrum Torba ,0.0,2.0,Var,1,0,1,1,1,1,1,5,1,1,1,1,1,1,1,1,1,1,1,1,1,1,1,1,0,1,1,1,1
212,Heredot`s House,13930.0,https://cdn.tatilsepeti.com/Files/TesisResim/10224/tsr10224637038483772333385.jpg,,Antalya Finike ,750.0,,Yok,0,0,1,0,2,0,0,1,0,0,0,1,0,0,0,0,0,0,1,0,0,0,1,0,0,0,0,0,0
209,Berraksu Hotel,29467.9,https://cdn.tatilsepeti.com/Files/TesisResim/08728/tsr08728636848870171801120.jpg,8.2,Antalya Antalya Merkez ,,,Yok,0,1,0,0,0,0,0,0,0,0,0,1,0,0,0,0,0,0,1,0,0,0,0,0,0,0,0,0,0
211,Harnup Apart,28941.0,https://cdn.tatilsepeti.com/Files/Images/Tesis/14094/1050X700/tsr14094638520802576728475.jpg,,Antalya Kaş ,50.0,,Yok,0,0,0,0,0,0,0,0,0,0,0,1,0,0,0,0,0,0,0,0,0,0,0,0,0,0,0,0,0
213,Deruni Ilıca Otel,34900.0,https://cdn.tatilsepeti.com/Files/Images/Tesis/11103/1050X700/tsr11103637293935084219354.jpg,,Çeşme Alaçatı ,600.0,,Yok,1,0,0,0,0,0,0,0,0,0,0,1,0,0,0,0,0,0,1,0,0,0,0,0,0,0,0,1,0
208,Bella Rose Apart Hotel,15666.6,https://cdn.tatilsepeti.com/Files/Images/Tesis/13602/1050X700/tsr13602638372959084455137.jpg,,Antalya Alanya ,400.0,-1.0,Yok,0,1,0,1,1,0,0,1,0,0,0,1,0,0,0,0,0,0,1,0,0,0,0,0,0,0,1,1,0
148,Blue Fish Hotel,26335.0,https://cdn.tatilsepeti.com/Files/Images/Tesis/00805/1050X700/tsr00805638324710051306591.jpg,7.5,Antalya Alanya Konaklı ,50.0,2.0,Var,0,1,1,1,1,0,0,4,1,0,0,0,1,0,1,0,1,0,0,1,0,0,0,0,0,1,1,1,1
210,Bodrum Residence Hotel Turgutreis,69300.0,https://cdn.tatilsepeti.com/Files/Images/Tesis/14051/1050X700/tsr14051638521444212738877.jpg,,Bodrum Turgutreis ,0.0,,Yok,0,0,0,0,0,0,0,0,0,0,0,0,0,0,0,0,0,0,0,0,0,0,0,0,0,0,0,0,0
166,Seagull Hotel,35910.0,https://cdn.tatilsepeti.com/Files/Images/Tesis/06976/1050X700/tsr06976637535775598395208.jpg,,Antalya Kemer ,0.0,2.0,Var,1,0,1,1,2,1,0,1,0,0,0,0,0,1,0,0,1,0,1,1,0,0,0,0,1,1,1,1,1
20,La Blanche Island Bodrum,117600.0,https://cdn.tatilsepeti.com/Files/Images/Tesis/04334/1050X700/tsr04334638502440832270082.jpg,8.1,Bodrum Güvercinlik ,0.0,2.0,Var,5,1,1,1,3,1,1,15,1,0,1,1,1,1,1,1,1,1,1,1,0,0,0,0,1,1,1,1,1
149,Charm Beach Hotel,45668.7,https://cdn.tatilsepeti.com/Files/Images/Tesis/05313/1050X700/tsr05313637907181766550673.jpg,7.9,Bodrum Turgutreis Akyarlar ,0.0,2.0,Yok,2,1,1,1,1,0,1,3,1,0,1,1,1,1,1,1,1,0,1,1,0,0,0,0,0,1,1,1,0
214,Devran Pansiyon,13387.5,https://cdn.tatilsepeti.com/Files/Images/Tesis/14032/1050X700/tsr14032638521429947677134.jpg,,Bodrum Bodrum Merkez ,200.0,,Yok,0,0,0,0,0,0,0,0,0,0,0,0,0,0,0,0,0,0,0,0,0,0,0,0,0,0,0,0,0
217,Hotel 212,36995.0,https://cdn.tatilsepeti.com/Files/Images/Tesis/09638/1050X700/tsr09638637276652781232419.jpg,8.4,Antalya Olimpos ,750.0,-1.0,Yok,1,0,1,1,1,0,0,1,0,0,0,1,0,0,0,0,0,0,1,0,0,0,0,0,0,0,0,0,0
247,Caprice Beach Hotel,24416.1,https://cdn.tatilsepeti.com/Files/Images/Tesis/06498/1050X700/tsr06498638149103811300622.jpg,6.7,Marmaris Merkez ,0.0,2.0,Yok,1,0,1,1,1,0,0,0,1,0,1,0,1,1,1,0,1,1,1,1,0,0,0,0,1,1,1,1,0
167,Sırma Hotel Side,47231.1,https://cdn.tatilsepeti.com/Files/Images/Tesis/13066/1050X700/tsr13066638483391545942566.jpg,,Antalya Side Manavgat ,,-1.0,Yok,0,0,1,1,1,1,0,1,0,0,0,0,0,0,0,0,1,0,1,0,0,0,0,0,1,0,0,0,0
168,Side Golden Rock Hotel Spa +16,35402.5,,,,,,,0,0,0,0,0,0,0,0,0,0,0,0,0,0,0,0,0,0,0,0,0,0,0,0,0,0,0,0,0
216,Halikarnas Pansiyon,18270.0,https://cdn.tatilsepeti.com/Files/TesisResim/09162/tsr09162636962969943152325.jpeg,8.4,Bodrum Bodrum Merkez ,100.0,-1.0,Yok,0,0,1,0,0,0,0,0,0,0,1,1,1,0,0,0,0,0,1,0,0,0,0,0,0,0,0,0,1
121,Narcia Resort,57682.8,https://cdn.tatilsepeti.com/Files/Images/Tesis/02771/1050X700/tsr02771637254186903633105.jpg,8.4,Antalya Side Kumköy ,300.0,,Yok,2,1,1,1,0,1,1,4,1,0,1,1,1,1,1,0,0,0,1,0,0,0,0,0,0,1,1,1,1
218,Hotel Gold Stone,14700.0,https://cdn.tatilsepeti.com/Files/Images/Tesis/12994/1050X700/tsr12994638185643711049531.jpg,0.7,Antalya Kemer Beldibi ,,-1.0,Yok,0,0,1,0,1,0,0,0,1,0,0,1,0,0,0,0,0,0,1,0,0,0,1,0,0,0,0,1,0
215,Finike Sever Otel,7000.0,https://cdn.tatilsepeti.com/Files/Images/Tesis/10046/1050X700/tsr10046637582376144678812.jpg,,Antalya Finike ,100.0,-1.0,Yok,0,0,0,0,0,0,0,0,0,0,0,1,0,0,0,0,0,0,1,0,0,0,1,0,0,0,0,0,0
169,Side Palm Dor Hotel,23275.0,https://cdn.tatilsepeti.com/Files/Images/Tesis/03342/1050X700/tsr03342638144810017443167.jpg,8.1,Antalya Side Side ,400.0,-1.0,Yok,0,1,0,1,1,0,0,2,1,0,0,1,1,0,1,0,0,0,1,0,0,1,1,0,0,0,0,1,1
219,Kahveci Alibey Hotel Luxury Concept,27452.8,https://cdn.tatilsepeti.com/Files/TesisResim/06018/tsr06018637036392370103825.jpg,7.8,Marmaris Siteler ,0.0,2.0,Yok,1,1,1,1,0,0,0,1,1,0,0,1,0,0,0,0,0,0,1,0,0,0,0,0,0,0,0,0,0
122,Nirvana Cosmopolitan Hotel,120240.1,https://cdn.tatilsepeti.com/Files/Images/Tesis/10550/1050X700/tsr10550638524069084427402.jpg,8.9,Antalya Lara Kundu ,0.0,2.0,Var,5,0,1,1,1,1,1,1,0,0,1,1,1,1,1,1,1,1,1,1,0,0,1,0,1,1,1,1,1
21,Lrs Lake River Side Hotel Spa,53166.4,https://cdn.tatilsepeti.com/Files/Images/Tesis/05922/1050X700/tsr05922638141838814462307.jpg,8.1,Antalya Side Titreyengöl ,750.0,2.0,Yok,3,1,1,1,1,1,1,2,1,0,1,1,1,1,1,1,1,1,1,1,0,1,1,0,1,1,1,1,1
248,Cocos The Club Solto,90440.0,https://cdn.tatilsepeti.com/Files/Images/Tesis/11477/1050X700/tsr11477637715344921765275.jpg,,Çeşme Alaçatı ,0.0,,Var,1,1,1,1,1,1,1,2,0,0,0,1,0,1,1,0,1,0,1,0,0,0,0,0,1,1,0,0,0
249,Cooks Club Alanya +12 Adult Only,36660.4,,,,,,,0,0,0,0,0,0,0,0,0,0,0,0,0,0,0,0,0,0,0,0,0,0,0,0,0,0,0,0,0
170,Sirene Luxury Bodrum,148898.7,https://cdn.tatilsepeti.com/Files/Images/Tesis/06053/1050X700/tsr06053638447238825515706.jpg,7.8,Bodrum Yalıkavak ,0.0,2.0,Var,1,1,1,1,2,1,0,2,0,1,1,0,0,1,0,0,1,0,1,0,0,0,0,0,1,1,0,0,0
265,Ekici Hotel,25074.0,https://cdn.tatilsepeti.com/Files/Images/Tesis/00619/1050X700/tsr00619638513920349911723.jpg,8.9,Antalya Kaş ,100.0,,Yok,0,1,1,1,1,0,0,2,0,0,0,1,0,0,1,0,0,0,1,0,0,0,0,0,0,0,1,1,1
172,Soliport Hotel Spa Alaçatı,64600.0,https://cdn.tatilsepeti.com/Files/Images/Tesis/12259/1050X700/tsr12259638194021664141940.jpg,,Çeşme Alaçatı ,200.0,-1.0,Yok,0,0,1,0,1,0,0,1,0,0,0,1,0,0,0,0,1,0,1,0,0,0,0,0,1,0,0,0,0
22,Lrs Port River Hotel Spa,58828.0,https://cdn.tatilsepeti.com/Files/Images/Tesis/05927/1050X700/tsr05927638064563653648627.jpg,7.6,Antalya Side Titreyengöl ,200.0,,Yok,2,1,1,1,1,1,1,4,1,0,1,1,1,1,1,1,1,1,1,1,0,1,1,0,1,1,1,1,1
123,Pirate`s Beach Club,49375.0,https://cdn.tatilsepeti.com/Files/Images/Tesis/00066/1050X700/tsr00066637306167854773097.jpg,8.7,Antalya Kemer Tekirova ,200.0,2.0,Var,3,0,1,1,4,0,1,6,1,0,1,1,1,1,1,1,1,0,1,1,1,0,1,1,1,1,1,1,1
267,Golden Orange Hotel,44215.5,https://cdn.tatilsepeti.com/Files/TesisResim/08442/tsr08442636723528828279321.jpg,9.6,Antalya Konyaaltı ,300.0,-1.0,Yok,0,0,0,1,1,0,0,0,0,0,0,1,0,0,0,0,0,0,1,0,0,0,0,0,0,0,0,1,0
250,Costa Farilya Special Class Hotel Bodrum,86100.0,https://cdn.tatilsepeti.com/Files/Images/Tesis/05843/1050X700/tsr05843638466254145599538.jpg,8.7,Bodrum Gündoğan ,0.0,2.0,Var,1,0,1,1,1,0,0,1,0,0,0,1,0,1,0,0,1,0,1,0,0,0,1,0,1,1,1,1,0
266,Elista Boutique Hotel Spa,90241.2,https://cdn.tatilsepeti.com/Files/Images/Tesis/07867/1050X700/tsr07867638258135726680247.jpg,0.9,Bodrum Türkbükü ,0.0,2.0,Var,1,0,1,1,1,0,1,1,0,0,0,1,0,1,0,0,0,0,1,0,0,0,0,0,1,1,1,0,0
171,Sofa Kaleiçi,31311.4,https://cdn.tatilsepeti.com/Files/Images/Tesis/13077/1050X700/tsr13077638197508453875047.jpg,,Antalya Muratpaşa ,750.0,,Yok,0,0,0,1,0,0,0,1,0,0,0,0,0,0,0,0,0,0,0,0,0,0,0,0,0,0,0,0,0
221,Kaş Marin Hotel,24184.7,https://cdn.tatilsepeti.com/Files/Images/Tesis/03418/1050X700/tsr03418637352494442778769.jpg,7.3,Antalya Kaş ,,2.0,Var,1,0,1,0,1,0,0,1,0,0,0,1,0,0,0,0,0,0,0,0,0,0,0,1,0,0,0,1,0
173,The Hello Hotel,36993.6,https://cdn.tatilsepeti.com/Files/Images/Tesis/13934/1050X700/tsr13934638501565029247577.jpg,,Bodrum Gümbet ,100.0,-1.0,Yok,0,0,1,1,1,0,0,1,0,0,0,0,1,0,1,0,0,0,1,0,0,0,1,0,0,1,0,0,0
223,Kosa Otel Antalya,40114.8,https://cdn.tatilsepeti.com/Files/Images/Tesis/07758/1050X700/tsr07758637139446493002415.jpg,0.9,Antalya Kaleiçi Antalya Merkez ,300.0,-1.0,Yok,0,0,1,1,1,0,0,1,0,0,0,1,0,0,0,0,0,0,1,0,0,0,0,0,0,0,0,0,0
220,Karyatit Hotel,14861.6,https://cdn.tatilsepeti.com/Files/TesisResim/08918/tsr08918636874879159968502.jpg,,Antalya Kaleiçi ,200.0,-1.0,Yok,1,0,1,1,1,0,0,1,0,0,0,1,0,0,0,0,0,0,1,0,0,0,1,0,0,0,1,1,0
222,Khai Hotel Bodrum,84210.9,https://cdn.tatilsepeti.com/Files/Images/Tesis/11700/1050X700/tsr11700637610786942551712.jpg,,Bodrum Ortakent Yahşi ,0.0,2.0,Yok,1,0,1,1,1,0,1,1,0,0,0,1,0,0,1,0,0,0,1,0,0,0,1,0,0,0,0,0,0
225,La Local Beach Hotel Yalıkavak,24517.5,https://cdn.tatilsepeti.com/Files/Images/Tesis/07730/1050X700/tsr07730638480401320156219.jpg,1.0,Bodrum Yalıkavak ,0.0,2.0,Var,1,0,1,1,1,0,0,0,0,0,0,1,0,0,0,0,0,0,1,0,0,0,0,0,0,0,0,0,0
23,Lykia World Antalya,62475.0,https://cdn.tatilsepeti.com/Files/Images/Tesis/01723/1050X700/tsr01723638108640178237383.jpg,7.8,Antalya Belek Boğazkent ,0.0,2.0,Var,5,1,1,1,6,2,1,5,1,0,1,1,1,1,1,0,1,1,1,1,0,0,0,1,1,0,1,1,1
227,Lara Park Hotel,34000.0,https://cdn.tatilsepeti.com/Files/Images/Tesis/08796/1050X700/tsr08796638427232576155406.jpg,7.2,Antalya Lara Örnekköy ,200.0,2.0,Yok,0,1,0,0,1,0,0,1,0,0,0,0,0,0,0,0,0,0,1,0,0,0,0,0,0,0,0,0,0
224,Kupina Alaçatı,41300.0,https://cdn.tatilsepeti.com/Files/TesisResim/09474/tsr09474636904951398632814.jpg,,Çeşme Alaçatı ,750.0,-1.0,Yok,0,0,0,1,1,0,0,0,0,0,0,1,0,0,0,0,0,0,1,0,0,0,0,0,0,0,0,0,0
174,The Rest Port Argento,31816.0,https://cdn.tatilsepeti.com/Files/Images/Tesis/13923/1050X700/tsr13923638479613562594645.jpg,,Bodrum Gümüşlük ,750.0,,Yok,1,0,1,1,0,0,1,1,0,0,0,1,0,0,0,0,0,0,1,0,0,0,1,0,0,0,0,0,0
226,La Siete Hotel,57750.0,https://cdn.tatilsepeti.com/Files/Images/Tesis/09988/1050X700/tsr09988637341270421259425.jpg,,Antalya Lara ,,2.0,Yok,1,0,1,1,1,0,0,1,0,0,0,1,0,0,0,0,0,0,1,0,0,0,1,0,0,0,0,0,0
228,Laren Family Hotel Spa,48000.0,https://cdn.tatilsepeti.com/Files/Images/Tesis/08218/1050X700/tsr08218638486285612545405.jpg,,Antalya Lara ,750.0,-1.0,Yok,0,0,0,0,0,0,0,0,0,0,1,0,0,1,0,0,1,1,0,0,0,0,0,0,1,1,1,0,1
175,Villa Side Hotel,26131.7,https://cdn.tatilsepeti.com/Files/Images/Tesis/04396/1050X700/tsr04396638399649500192692.jpg,9.1,Antalya Side ,100.0,-1.0,Yok,0,1,1,1,1,1,1,0,1,0,1,1,1,1,0,0,1,0,1,0,0,0,1,0,1,1,1,1,1
176,Ambassador Plaza Hotel	,30537.6,,,,,,,0,0,0,0,0,0,0,0,0,0,0,0,0,0,0,0,0,0,0,0,0,0,0,0,0,0,0,0,0
252,Grand Hotel Derin,21681.0,https://cdn.tatilsepeti.com/Files/Images/Tesis/14200/1050X700/tsr14200638548475728761032.jpg,,Antalya Kemer ,300.0,2.0,Yok,0,0,1,0,1,0,0,0,1,0,0,1,0,0,0,0,0,0,0,0,0,0,0,0,1,1,0,1,1
24,Martı Myra,76160.0,https://cdn.tatilsepeti.com/Files/Images/Tesis/00038/1050X700/tsr00038638476749961181784.jpg,8.9,Antalya Kemer Tekirova ,0.0,2.0,Var,5,1,1,1,7,1,1,6,1,0,1,1,1,1,1,1,1,1,1,1,0,1,1,1,1,1,1,1,1
253,Grand Nar Hotel Adult Only +16,18375.0,,,,,,,0,0,0,0,0,0,0,0,0,0,0,0,0,0,0,0,0,0,0,0,0,0,0,0,0,0,0,0,0
251,Fun And Sun Club Saphire,58968.0,https://cdn.tatilsepeti.com/Files/Images/Tesis/07791/1050X700/tsr07791638333289370901319.jpg,7.4,Antalya Kemer Tekirova ,0.0,2.0,Yok,3,0,1,1,1,1,0,5,1,0,1,1,0,1,1,1,1,0,1,1,0,0,1,0,0,1,1,1,0
230,Lemon Garden,37367.2,https://cdn.tatilsepeti.com/Files/Images/Tesis/03136/1050X700/tsr03136637538341120253920.jpg,0.9,Bodrum Türkbükü ,100.0,-1.0,Yok,0,0,1,1,1,0,0,1,0,0,0,1,0,0,0,0,0,0,1,0,0,0,0,0,0,0,0,0,0
254,Hotel Caprea Marmaris,29181.6,https://cdn.tatilsepeti.com/Files/Images/Tesis/12549/1050X700/tsr12549638246844514845946.jpg,,Marmaris Siteler ,,2.0,Yok,0,0,0,0,1,0,0,1,0,0,0,1,0,0,0,0,0,1,1,0,0,0,0,0,0,0,0,0,1
229,Leaf Port Hotel,33062.2,https://cdn.tatilsepeti.com/Files/Images/Tesis/11915/1050X700/tsr11915637690429650592893.jpg,,Antalya Konyaaltı ,300.0,,Yok,1,1,1,1,1,0,1,1,0,0,0,1,0,0,1,0,0,0,1,0,0,0,1,0,0,0,0,1,0
177,Orfeus Queen Spa,21396.2,https://cdn.tatilsepeti.com/Files/Images/Tesis/05882/1050X700/tsr05882637108860398749766.jpg,7.8,Antalya Side Çolaklı ,300.0,,Yok,0,1,1,1,1,1,0,1,0,0,1,1,0,1,0,1,1,1,1,0,0,0,1,1,1,1,1,1,1
25,Martı Resort Hotel,83776.0,https://cdn.tatilsepeti.com/Files/Images/Tesis/00147/1050X700/tsr00147638477409535047375.jpg,7.9,Marmaris İçmeler ,0.0,2.0,Yok,2,1,1,1,3,1,1,5,0,0,1,1,1,1,1,1,1,1,1,1,1,1,1,0,1,1,1,1,1
255,Kaya Maris Hotel,39950.0,https://cdn.tatilsepeti.com/Files/Images/Tesis/00962/1050X700/tsr00962637831368615124649.jpg,7.2,Marmaris Siteler ,,2.0,Yok,0,1,1,1,1,0,1,1,0,0,1,1,1,1,1,0,1,0,1,1,0,0,1,0,0,1,1,1,0
178,Alkan Hotel,18649.2,https://cdn.tatilsepeti.com/Files/Images/Tesis/03390/1050X700/tsr03390638162174775620834.jpg,0.8,Marmaris Merkez ,100.0,-1.0,Yok,1,1,1,1,1,0,0,1,0,0,0,0,0,0,1,0,0,0,1,0,0,0,1,0,0,0,0,1,0
26,Nirvana Mediterranean Excellence,133851.2,https://cdn.tatilsepeti.com/Files/Images/Tesis/04259/1050X700/tsr04259638367808477840573.jpg,8.1,Antalya Kemer Beldibi ,0.0,2.0,Var,8,1,1,1,12,2,1,16,1,0,1,1,1,1,1,1,1,1,1,1,1,1,1,1,1,1,1,1,1
180,Rosy Hotel,16000.0,https://cdn.tatilsepeti.com/Files/TesisResim/05226/tsr05226635671188201097218.jpg,7.3,Marmaris Merkez ,750.0,,Yok,0,0,1,1,1,0,1,1,0,0,0,1,0,0,1,0,0,0,1,0,0,0,1,0,0,0,0,1,1
179,Princess Artemisia Bodrum,84000.0,https://cdn.tatilsepeti.com/Files/Images/Tesis/00817/1050X700/tsr00817638513928594533269.jpg,7.7,Bodrum Yalıkavak ,0.0,2.0,Var,2,0,1,1,1,0,0,3,0,0,0,1,0,0,1,0,0,0,1,0,1,0,1,1,0,1,0,1,1
27,Orange County Alanya,71400.0,https://cdn.tatilsepeti.com/Files/Images/Tesis/05847/1050X700/tsr05847638502603084436683.jpg,7.6,Antalya Alanya Okurcalar ,0.0,2.0,Var,2,1,1,1,2,2,1,7,1,0,1,1,1,1,1,1,1,1,1,1,0,1,1,0,1,1,0,1,1
257,Latanya Palm Hotel,18543.0,https://cdn.tatilsepeti.com/Files/TesisResim/02034/tsr02034637051789683839947.jpg,8.1,Antalya Antalya Merkez Muratpaşa ,750.0,-1.0,Yok,1,1,0,1,0,1,1,1,0,0,1,1,0,1,1,0,1,0,1,0,0,0,1,0,1,1,0,1,0
256,Laren Seaside Hotel Spa,28407.8,https://cdn.tatilsepeti.com/Files/Images/Tesis/10400/1050X700/tsr10400637061501460527178.jpg,,Antalya Lara ,,2.0,Yok,0,0,1,1,1,0,0,0,0,0,1,1,0,1,0,0,1,0,1,0,0,0,1,0,1,0,1,0,1
