id,otel_id,otel_ad,yorum
1,2,Adin Beach Hotel,"Pozitif yonu, Calisanlar cok guler yuzlu ve ilgililerdi animasyon ekibi cok iyiydi"
2,2,Adin Beach Hotel,"Negatif yonu, Soguk kahve boyle bir tesiste nasil olmaz anlamadim onun disinda iyiydi"
3,2,Adin Beach Hotel,"Pozitif yonu, Personel cok guler yuzlu ve iyilerdi, onca yogunluga ragmen samimi ve yardimsever, temizlik de cok iyiydi. Bir tane bile sinek gormedik diyebilirim"
4,2,Adin Beach Hotel,"Pozitif yonu, Tum hizmetlerden cok memnun kaldik"
5,3,Altin Yunus Hotel Spa  Cesme,"Pozitif yonu, Denizi mukemmel Personel mukemmel Temizlik mukemmel Spa mukemmel"
6,3,Altin Yunus Hotel Spa  Cesme,"Negatif yonu, Sosyal aktivite sifir Fitnes kapanis 19.00  Aksam otelde bosuna durmayin hic bir sey yok"
7,3,Altin Yunus Hotel Spa  Cesme,"Pozitif yonu, Cocuklar icin etkinlikler. Iyi hizmet ve duzgun personel. Termal havuz. Pinar urunleri kullanilmasi. Ekstra fiyatlarinin uygun olmasi."
8,3,Altin Yunus Hotel Spa  Cesme,"Negatif yonu, Yemeklerde icecek olmamasi."
9,8,Crystal Palace Luxury Resort Spa,"Pozitif yonu, Denizi cok guzeldi.Oda konforlu"
10,8,Crystal Palace Luxury Resort Spa,"Negatif yonu, Aktiviteler cok azdi .Kaydiraklar 3-4 tane.Tatlilar bayat veya lezzetsizdi ."
11,8,Crystal Palace Luxury Resort Spa,"Pozitif yonu, Plaj konum"
12,8,Crystal Palace Luxury Resort Spa,"Negatif yonu, Yeme icme berbat birde restorani ayirmislar yetiskin bolumu iyi oturur oturmaz bir gorevli sisinle ilgileniyor cocuklu bolum tam bi rezalet personel elinden geleni yapiyor ama yetersiz ve cogu acemi animasyon yok gibi otel alani dar iki gun sora sikiliyorsun vs vs"
13,8,Crystal Palace Luxury Resort Spa,"Pozitif yonu, plas havlulari odalar da bulunmasi ve gun icinde spa dan degisikligi yapilmasi"
14,8,Crystal Palace Luxury Resort Spa,"Negatif yonu, BENIM ICIN TEK ozlem GECE 02 ye kadar acik olan barda muzik calinmamasi."
15,9,Doria Hotel Bodrum,"Pozitif yonu, Tesis temiz, odalar konforlu, personel saygili ve guler yuzlu."
16,11,Grand Kaptan Hotel,"Pozitif yonu, Sadece iskele guzeldi"
17,11,Grand Kaptan Hotel,"Negatif yonu, Cikis gunu saat 12:00 da odayi teslim ettik hemen kolumuzdan bileklikleri cikardilar tesisi terk edebilirsiniz dediler bende ogle yemegini yiyip cikalim dedim olmaz dediler ama isterseniz ucret karsiliginda yiyip icebilirsiniz denildi ben bunca zamandir okadar tesise gittim ilk defa boyle bir hitapla tesisle ilk defa karsilastim Yeme icme havuz aquapark cok zayif ve yetersiz vs vs"
18,11,Grand Kaptan Hotel,"Pozitif yonu, Yemekler ve icecekler cesitli guzeldi. Temizlik ve personel ilgisi iyiydi. Bir sikinti oldu yonetim hizlica cozdu."
19,11,Grand Kaptan Hotel,"Negatif yonu, Deniz belli oranda cakildi"
20,11,Grand Kaptan Hotel,"Negatif yonu, Deniz cok dalgali cocuklar giremez kesinlikle, resimlerde otelin eski havuz resimleri olmasi yaniltici,iki farkli havuz varmis havasi verilmis."
21,11,Grand Kaptan Hotel,"Pozitif yonu, Icecekler genellikle kapali kutu ve kaliteli olmasi"
22,11,Grand Kaptan Hotel,"Negatif yonu, Yemek cesitliligi sinirliydi mutfak klima calismiyordu"
23,11,Grand Kaptan Hotel,"Pozitif yonu, Tek olumlu yani icecekleri kapali kutuydu baska olumlu yani yok malesef"
24,12,Hapimag Resort Sea Garden,"Pozitif yonu, Doga ile ic ice guzel plaji cok iyi"
25,12,Hapimag Resort Sea Garden,"Negatif yonu, Yemekler benim icin kotu iyilestirilmesi lazim"
26,12,Hapimag Resort Sea Garden,"Negatif yonu, Yemekler berbatti"
27,12,Hapimag Resort Sea Garden,"Pozitif yonu, Konum, deniz, doga cok guzel. Yemekler genellikle lezzetliydi. Yemek surelerinin uzun olmasi kosusturmadan rahat yemenizi sagliyor."
28,12,Hapimag Resort Sea Garden,"Negatif yonu, Tek noktada yemek oldugu icin erisim sorunlu. En azindan snack (gozleme, burger, kurabiye v.b.) tarzi yiyecekler sahil bolumunde de olmali. 5 cayi icin sahilden lobby'e gitmek gerekiyor:( Restaurant havalandirmasi iyilestirilmeli, yemek sonrasi kiyafetlere yemek kokusu siniyor. Aksamlari eglenceleri cesitlendirilebilir."
29,12,Hapimag Resort Sea Garden,"Pozitif yonu, Calisanlar cok ilgili ve guler yuzlu idi. Otel nezih ve guzeldi. Cok guzel tatil gecirdik. Deniz ve havuz cok guzel. Yemekler harika."
30,12,Hapimag Resort Sea Garden,"Negatif yonu, Aksam etkinligi biraz daha dolu olabilirdi. 4 gunun 2si iyi ikisi vasatti."
31,13,Hotel Terrace Beach Resort,"Pozitif yonu, Personel son derece nazik ve guleryuzlu yemekler harika plaj havuz otel tertemiz her sey cok guzeldi"
32,13,Hotel Terrace Beach Resort,"Negatif yonu, Bulamadik??"
33,14,Hotel Turan Prince,"Pozitif yonu, Cocuklu aileler icin mukemmel bir otel oda temizlikleri biraz dusuk o kadar"
34,14,Hotel Turan Prince,"Negatif yonu, Yataklari iyicene eskimis"
35,14,Hotel Turan Prince,"Pozitif yonu, 4 ve 6 yasinda cocuklarim ile birlikte ailecek konakladik. Kesinlikle cocuk oteli, kids cluptaki calisanlar cok ilgili, her gun cocuklara yonelik aktiviteler yapiliyor. Personel guler yuzlu, fiyat performans acisindan kesinlikle cok memnun kaldik."
36,15,Juju Premier Palace Ex Amara Premier Palace,"Pozitif yonu, Dogasi, yemekleri, personel kalitesi ve hizmeti. Ilgili ve isin basinda ust yonetim. Yuzeyi kirli olmadigi zaman deniz harika."
37,15,Juju Premier Palace Ex Amara Premier Palace,"Negatif yonu, Ortak alan temizligi, gun icinde teknelerin attigi sintine yuzunden kirlenen deniz yuzeyi."
38,15,Juju Premier Palace Ex Amara Premier Palace,"Negatif yonu, Balayi ciftlerine tenteli ve hasirli plaj alanlarinin yarim gunlugune de olsa ucretsiz kullandirilmasi guzel bir jest olurdu. Talebimiz geri cevrildi."
39,15,Juju Premier Palace Ex Amara Premier Palace,"Pozitif yonu, Ef sa ne! Bayildik. O kadar guzeldi ki ruya gibi bir tatil gecirdik . Yemekleri ayri yesilligi ayri guzel. Cok tesekkur ederiz"
40,15,Juju Premier Palace Ex Amara Premier Palace,"Pozitif yonu, cocuk ve aile kalite temizlik icin cok guzel hotel."
41,21,Lrs Lake River Side Hotel Spa,"Pozitif yonu, Uc yildir tatil icin rezervasyon yaptiriyoruz ve tatil icin gidiyoruz."
42,21,Lrs Lake River Side Hotel Spa,"Negatif yonu, Yok.memnunuz. olumsuz ozellikleri yok. Gayet iyi"
43,21,Lrs Lake River Side Hotel Spa,"Pozitif yonu, Yemek ve icme kalitesi cok iyi"
44,21,Lrs Lake River Side Hotel Spa,"Negatif yonu, Eglence sifir berbat calisanlar yetersiz ve kaba"
45,21,Lrs Lake River Side Hotel Spa,"Pozitif yonu, Mutfagi cok zengindi"
46,21,Lrs Lake River Side Hotel Spa,"Negatif yonu, Denizin konumu iyi degildi hic giremedik resmen bir de odalar cok eskiydi"
47,22,Lrs Port River Hotel Spa,"Pozitif yonu, Personel davranisi"
48,22,Lrs Port River Hotel Spa,"Negatif yonu, Ortak kullanim alanlari hijyenligi"
49,22,Lrs Port River Hotel Spa,"Pozitif yonu, Hersey guzeldi. Bir sikinti yapamadim. Dinlendim emegi gecenlere tesekkurler."
50,22,Lrs Port River Hotel Spa,"Negatif yonu, Gece eglencesi yetersiz. Sanki hicbir planlama yapilmamis rastgele siradan birseyler yapiliyor gibi geldi bana. Geceler sonuk gecti. Birde havuz kenarinda semsiyeler yetersiz."
51,25,Marti Resort Hotel,"Pozitif yonu, Yemek cesitleri ve lezzeti fena  sayilmazdi. Konumu  guzeldi. Animasyonlar iyiydi."
52,25,Marti Resort Hotel,"Negatif yonu, Hijyen kotuydu. Kahvaltida sunulan ceri domatesler resmen yikanmamisti. Bahcede ve restoranda kakalaklar dolasiyordu. Yine restoranda ucusan karasinekler cok rahatsiz ediciydi. Oda temizligi bazen iyi bazen ozensizdi. Plaja giden yolun tam ortasina konumlandirilan  mazgallar her gidiste ve donuste kanalizasyon kokusuna maruz birakiyordu. Tenis kortu, plaj voleybolu vb. olanaklar yoktu. Odadaki modem calismiyordu. 2 gun interneti kullanamadik. Klimalar filtrelerinin duzenli temizlendiginden de supheliyim. Burun akintisi, oksurme vb. sebep oldu.."
53,25,Marti Resort Hotel,"Pozitif yonu, Otelin konumu, denizi, personeli mukemmeldi."
54,25,Marti Resort Hotel,"Negatif yonu, Genc kusak icin animasyon zayif denilebilir."
55,25,Marti Resort Hotel,"Pozitif yonu, Calisan personeller guler yuzlu elinden geleni yapiyorlardi odalar gunluk temizleniyordu havuzlarda ayni sekilde temizleniyordu"
56,25,Marti Resort Hotel,"Negatif yonu, Yemekler konusunda cok zayiflar karnimiz hic doymadi maalesef dogru duzgun et yemekleri tavuk yemekleri meyve olarak 4 cesitten fazlasi yoktu ve SEZLONG lari gosteren hic bir kamera yoktu gozlugum calindi"
57,25,Marti Resort Hotel,"Pozitif yonu, Otelin konumu"
58,25,Marti Resort Hotel,"Negatif yonu, Otopark sikintisi var. Arac park edis ve arabayi parkdan musterinin kendisi yapiyor. Musteriye arabayi park icin kimse yardim etmiyor..otel icinde musterinin kendisi park yeri ariyor!!! Ayrica sahilin icinde icecek servisi yapan bi kisim yok!! Sahilden ciktiktan sonra otelin bahcesine girip icecek alip sahile tekrar donuluyor, mesafesi uzak!! Icecek servisi yapan kismin sahil icinde olmasi daha uygun olur. Ogleden sonra 12 -16 arasi Sneakbarda sunulan atistirma cesitleri cok az. Sneakbarin bitis suresi 16:00 dan 17:00 cikarilmasi dogru olur. Aksam patiseri bolumunun suresi bitis suresi 23:00 den  00: 00 ye cikarilmasi daha iyi olur. Sahile denizin icine yikanma ve guneslenme icin ahsap iskele yapilmasi guzel olur. Bu eksikliklere karsin oda fiyatlari cok fazla.."
59,30,Presa Di Finica Hotel,"Pozitif yonu, sadece aqua parki guzel , heseyi kotu"
60,30,Presa Di Finica Hotel,"Negatif yonu, yemekler berbat, havuc kizarmasi ana yemek mi olur_ana yemekte  cesit sifir .. Ana restaurant 7 tane yemek kabinda yedisinde de  haslama yemek var ,  Ana restauranta herseyde sira var. tatli yemeniz mucize , kalmiyor , dondurma servisi sadece 1 saat ve serviste  kuyruk oluyor..  Gece klimalar calismiyor , ara ara aciyorlar enerjisiniz.. Kesinlikle tavsiye etmiyorum , gidin sahile cadir kurun daha iyi"
61,30,Presa Di Finica Hotel,"Pozitif yonu, Personel gayet iyi"
62,30,Presa Di Finica Hotel,"Negatif yonu, Yatak yaylari artik ben bittim diyor degismesi lagzim"
63,30,Presa Di Finica Hotel,"Negatif yonu, yemekler yetersiz ve cok kotu personel yetersiz ve kalifiye degil. odalar cok kirli ve mobilyalar cok eski."
64,30,Presa Di Finica Hotel,"Pozitif yonu, Cocuklarin cok eglendigini soyleyebilirim. Barda gorevli arkadaslar cok iyiler ve cok yardimci oluyorlar. Plaj kismina bir tunel ile ulasilmasi cok guzel. Disco bolumunu cok begendik guzel fotograflar cekilmek icin iyi dekor edilmis."
65,30,Presa Di Finica Hotel,"Negatif yonu, Yemeklerde tavuk kullaniminin biraz azaltilmasi lazim."
66,31,Queens Park Resort Goynuk,"Pozitif yonu, Ilk girdigimizde guler yuzlu bir karsilama sonrasi eksiksiz odaya yerlestik temizlik cok iyiydi yemekler ve icecekler f/p olarak cok iyiydi hicbir asik suratla karsilasmadik ne istediysek gerceklesti"
67,31,Queens Park Resort Goynuk,"Negatif yonu, Olumsuz hicbir durumla karsilasmadik"
68,31,Queens Park Resort Goynuk,"Pozitif yonu, Yemekler cok lezzetli. Havuz yeterli buyuklukte. Denizi guzel cabuk derinlesse de eglenecek kadar sig alan mevcut. Duzenli tertipli ortak kullanim alanlari bir arada yemekhanede eksikler hemen tamamlaniyor. Tatlilar cok lezzetli. Tavsiye edilir. Club odalara bir kopruden geciliyor ama cok uzak sayilmaz."
69,31,Queens Park Resort Goynuk,"Negatif yonu, Yemeklerde kirmizi et secenegi cok az. Bir de sezlonglari havuzun kenarina ve merdiven diplerine almalarina musaade edilmemeli havuza girip cikmak ve havuz kenarinda takilmak sikinti oluyor."
70,31,Queens Park Resort Goynuk,"Pozitif yonu, Personel Havuz Deniz"
71,31,Queens Park Resort Goynuk,"Negatif yonu, Yemek cesitliligi az idi."
72,31,Queens Park Resort Goynuk,"Pozitif yonu, Personel iyi onerilecek otel"
73,31,Queens Park Resort Goynuk,"Negatif yonu, Olumsuz yok"
74,33,Raymar Resort Aqua,"Pozitif yonu, Aqua harika, mini club/disco harika, animasyon ekibi cok iyi"
75,33,Raymar Resort Aqua,"Negatif yonu, Otel eskimis, yemekler surekli ayni ve pek iyi degil. Oda temizligi, mini bar yenilemesi zayif"
76,33,Raymar Resort Aqua,"Pozitif yonu, Kaliteli aquapark, basarili animasyon ekibi, guzel bir deniz ve kumsal"
77,33,Raymar Resort Aqua,"Negatif yonu, Restoran alani yetersiz ve ozellikle kirmizi etli yemekler sayisi azdi"
78,33,Raymar Resort Aqua,"Pozitif yonu, animasyon ekibi harika. yiyecek icecek cesidi ve kalitesi harika."
79,33,Raymar Resort Aqua,"Negatif yonu, resepsiyon personeli alakasiz. spa personeli gergin."
80,33,Raymar Resort Aqua,"Pozitif yonu, Yemegi guzeldi."
81,33,Raymar Resort Aqua,"Negatif yonu, Eglencesinin olmamasi, animasyon ekibi."
82,33,Raymar Resort Aqua,"Pozitif yonu, Yemek bolumunde ascilar,garsonlar ve sorumlu sef veya mudurler cok ilgili. Animatorler ( ozellikle Buse hanim ck guleryuzlu) cok iyi ellerinden gelenin fazlasini yapmaya calisiyorlar. Etkinlikler gelistirilmeli ama geneli iyi."
83,33,Raymar Resort Aqua,"Negatif yonu, Havuzlar cok pis ,dipleri kum dolu. Cankurtaranlar ilgisiz ve lakayit. Odalarda meydana gelen arizalara mudahalede orunlar var cozum yok. Resepsiyon gorevlileri yetersiz ve yabancilara oncelik veriyorlar. Meyve suyu makinalari cogu zaman  bos  5 yildizli ve ultra hersey dahil konsepte bu kabul edilemez."
84,34,Rizom Beach Hotel Kumluca,"Pozitif yonu, Otel yemekleri guzeldi fakat balayi cifti olmamiza ragmen hic bir arti yani yoktu"
85,34,Rizom Beach Hotel Kumluca,"Negatif yonu, Oda temizligi sifir . odayi temizlemesi icin oda temizligi cagiriyorsunuz nevresimi ters cevirip odada hic birsey yapmadan geri donuyor hijyen konusunda begenmedim"
86,34,Rizom Beach Hotel Kumluca,"Pozitif yonu, DENIZ GUZEL FAKAT DALGALI ODA TEMIZLIGI IYI YEMEKLER GUZEL PERSONELLER ILGILI"
87,34,Rizom Beach Hotel Kumluca,"Negatif yonu, KARMA HAVUZ KUCUK VE KIRLI  DIS MEKANLARDA SAAT VE SICAKLIK OLCER YOK (HAVUZLAR DAHIL)"
88,34,Rizom Beach Hotel Kumluca,"Pozitif yonu, Fiyat olarak uygun"
89,34,Rizom Beach Hotel Kumluca,"Negatif yonu, Yemek cesidi az"
90,34,Rizom Beach Hotel Kumluca,"Negatif yonu, Yemek cesitleri cok az..havuz yetersiz..havuz kenarinda sezlonglar yetersiz yer bulmakta zorlaniyorduk"
91,38,Salmakis Resort Spa,"Pozitif yonu, Havuz ve deniz"
92,38,Salmakis Resort Spa,"Negatif yonu, Deniz in karsisinda bulunan yat ve teknelerin mazot ve copleri direk denizi pisletiyor mazot icinde yuzmek guzel olmuyor"
93,38,Salmakis Resort Spa,"Pozitif yonu, Tesekkur ederiz??"
94,38,Salmakis Resort Spa,"Negatif yonu, Tesekkur ederiz ??"
95,38,Salmakis Resort Spa,"Pozitif yonu, Bardakci koyu muhtesem, otelin odalari rahat ve konforlu. Personel yardimsever ve cozum odakli."
96,38,Salmakis Resort Spa,"Negatif yonu, Yemekler vasat"
97,38,Salmakis Resort Spa,"Pozitif yonu, Yemekleri muhtesem, personel cok ilgili."
98,38,Salmakis Resort Spa,"Negatif yonu, Odamiz kotuydu acikcasi, 3 kisilik rezervasyon icin verilen oda cok kucuktu esyalar 2 kisi icin duzenlenmisti. Aksam aktivite canli muzik daha sok olsa daha iyi olabilirdi."
99,39,Sealife Buket Beach Hotel,"Pozitif yonu, Isteklerimizin aninda karsilandigi, bol aktiviteli eglenceli zaman gecirdigimiz bir tatildi. Denize sifir olmasi bizim icin en guzeliydi."
100,39,Sealife Buket Beach Hotel,"Pozitif yonu, Her konuda basarili"
101,39,Sealife Buket Beach Hotel,"Pozitif yonu, Bayramin 2. gunune kadar her sey harikulade olarak tamamlandi. Tum personele ayri ayri hizmetlerinden dolayi tesekkur ederiz."
102,39,Sealife Buket Beach Hotel,"Negatif yonu, Bayramin 2. gunu gelen Suriyeli musteriler nedeniyle Fransiz, Alman ve yerli misafirler hijyen kurallarina dikkat etmedikleri icin magdur oldular. Havuzlara 2-4 yas cocuklari bez olmadan giris yaptirdilar. Denizden gelirken dus almadilar kumlu kumlu havuza girmeye calistilar. Kapali havuzda mayosuz ic camasiri ile giris yaptirilan cocuklar bile vardi. Bu nedenlerden dolayi kizim 2 gun acik ve kapali havuzlari kullanamadi."
103,39,Sealife Buket Beach Hotel,"Pozitif yonu, HERSEY..COK IYI"
104,39,Sealife Buket Beach Hotel,"Negatif yonu, YOKKK........."
105,39,Sealife Buket Beach Hotel,"Pozitif yonu, Yemekler guzel oda temizligi hizmet cok guzel konumunda cok iyi"
106,40,Selene Beach Spa Hotel,"Pozitif yonu, Otelin bulundugu mevki, ambiyansi, cocuk olmamasi, bazi personellerin guleryuzlu olmasi. Yemeklerinin cogunlugu lezzeti iyiydi."
107,40,Selene Beach Spa Hotel,"Negatif yonu, Denizi oldukca kirli. Diger komsu otellerde anlasarak denizin dibi temizlenebilir."
108,41,Sueno Hotels Beach Side,"Pozitif yonu, Sibel Can konseri ve acilis esnasinda  mars ve Turk bayragi dalgalanmasi"
109,41,Sueno Hotels Beach Side,"Pozitif yonu, Yemekler lezzetli ve cesit olarak boldu.Havuzu temizdi."
110,41,Sueno Hotels Beach Side,"Pozitif yonu, Yemekler ve deniz superdi"
111,41,Sueno Hotels Beach Side,"Negatif yonu, Goremedik ki"
112,41,Sueno Hotels Beach Side,"Pozitif yonu, Denizi ve kumu cok guzel"
113,41,Sueno Hotels Beach Side,"Negatif yonu, Temizlik kotu . Bazi personelin ozellikle Patisera daki Yaren hanimin bize tavirlari ve konusma sekli, mimikleri cok kotuydu."
114,42,Sunis Elita Beach Resort Spa,"Pozitif yonu, Akliniza gelebilecek hersey mukemmeldi . Tatil yapilabilecek en guzel yeri secmisim . Personel ve hizmet cok iyi ve en ince ayrintisina kadar dusunulmus . Tesekkur ediyoruz hersey icin."
115,42,Sunis Elita Beach Resort Spa,"Negatif yonu, Denizi cakilli ama oteldende denize gitmek istemiyorsunuz zaten"
116,42,Sunis Elita Beach Resort Spa,"Pozitif yonu, Guler yuzlu ve yardimsever personel, odalarin ve ortak kullanim alanlarinin temizligi, yemek ve alkol cesitliligi, cevre dostu otel, cocuklu aileler icin uygun"
117,42,Sunis Elita Beach Resort Spa,"Negatif yonu, odalarda buklet urunlerinin olmamasi(pamuk, krem vs.) Deniz cok cabuk derinlesiyor"
118,42,Sunis Elita Beach Resort Spa,"Pozitif yonu, fiyat genel skalasina gore uygun fiyatli, temel beklentilerinizi karsiliyor, yemek secenekleri yeterli, her gun degisiyor, jumbo karides , ordek ve kuzu cevirme guzeldi, personelin cogunlugu guler yuzlu, isini yapmaya gayretkar, oda hizmetleri hic aksamadi, her gun temiz bir oda ve dolu bir icecek dolabi vardi, musteri iliskiler sorumlusu olumlu bir diyalog kuruyor, gittigim donemdeki musteri sayisinin yogun olmamasindan dolayi kalabalik kaynakli sira, sezlong vb sorun yasamadim, tam paket masaj iyiydi, su sporlarindki temsilci cok saygili, yardimsever, parasail'den manzarayi seyretmek guzel"
119,42,Sunis Elita Beach Resort Spa,"Negatif yonu, eglence aktiviteleri zayif, animasyon ekibi amator, bazilari hic birsey vuramadin, askerlik yapmamis diye toplum onunde musterisini rencide edebilecek kadar saygisiz, kucuk cocuklu aileler havuz ve denizde kendi emniyet tedbirlerine dikkat etsinler, iki cankurtaran onlerindeki cocuk havuza dusme vakasini hic farketmediler, dereden veya coplerden kaynaklanan havuz bar arkasinda agir koku var, bardaki personele kokteyl tavsiye etmesini istedigimde onume menu kartini carparak orada yaziyor diyecek saygisizlikta (yakin gozlugum yanimda olmadigindan menuyu okuyamadigim icin sormustum) , deniz kayalik ve dalgali, hizla derinlesiyor, cin alakart menusu zayifti, spada sadece sauna var, kapali havuz kapali, spadaki uc dusta da sorunla karsilastim, sabun yok, sabunluk kirik, dusun kurnasi bozuk"
120,42,Sunis Elita Beach Resort Spa,"Negatif yonu, Oda konforu ve odalardaki malzeme kalitesi"
121,42,Sunis Elita Beach Resort Spa,"Pozitif yonu, Yemekler cok guzeldi personel cok kibar"
122,42,Sunis Elita Beach Resort Spa,"Negatif yonu, Dort yetiskin icin bir banyo bir wc yetersiz deniz cok tasli denize yakin alanlar daha etkin hale getirilebilir nacizane fikrim"
123,43,Susesi Luxury Resort,"Pozitif yonu, Kapali icecekler ve misir cok iyiydi"
124,43,Susesi Luxury Resort,"Negatif yonu, Bazi yemekler cabuk bitiyor ve devami yok deniliyor,yemek ve kahvalti cesitligi az, ozellikle aksam yemek saati cok kalabalik oluyor,surekli bir kosturma oluyor"
125,43,Susesi Luxury Resort,"Pozitif yonu, Hersey ust duzey ruya gibi bir yer susesi ailesine sonsuz tesekkurler"
126,43,Susesi Luxury Resort,"Negatif yonu, Olumsuz bir tane yonu yok"
127,43,Susesi Luxury Resort,"Pozitif yonu, Otelde ilk kez konakladik kus sesi, su sesleriyle tek kelimeyle hersey eksiksiz muhtesemdi (Seda hanim, Ugur bey ilginize tsk).Bayram haftasi konakladik. Disarida sicak havuzumuz vardi cok eglendik. kids-midi club vuslat,irmak gulperi hanim kizlarim cok mutluydu. Yiyecekler ve icecekler her geceye ayri konseptle (uzak dogu, Meksika, turk mutfagi gibi) inanilmaz lezzetliydi. Personel ilgisi alakasi her alanda superdi. Tesis yaz konseptiyle hizmet verdi aksam konserleri de guzeldi.Tekrar mutlaka gelicez"
128,43,Susesi Luxury Resort,"Negatif yonu, Olumsuz bir yonu yokkk"
129,43,Susesi Luxury Resort,"Pozitif yonu, Resepsiyon dan restorana garsondan barmene Personelin tamami guler yuzlu ve ilgili  Yemekler kaliteli  odalar temiz"
130,43,Susesi Luxury Resort,"Negatif yonu, Animasyon be spor ekibi cok ilgisiz ve umursamaz  etkinliklere katilim istenmiyor gibi bir tavir  bitisin de gidelim davranisi vardi"
131,43,Susesi Luxury Resort,"Pozitif yonu, Hersey tatil konforu icin dusunulmus"
132,44,Timo Deluxe Resort,"Negatif yonu, En buyuk olumsuzluk dondurma servisinin iki gunde bir olmasi ve dondurmanin neyli oldugunu secememeniz.gotevki personel hangi iki kutuyu actiysa onlardan birini yada ikisini tercih edebiliyorsunuz"
133,44,Timo Deluxe Resort,"Pozitif yonu, Yemekler cok guzel ve lezzetli personel guler yuzlu hic olumsuz personel gormedim temizlik cok guzel"
134,44,Timo Deluxe Resort,"Negatif yonu, Eglence kismi yetersiz birazda havuzlarda sezlon sorunu var kolay kolay yer bulunmuyor"
135,44,Timo Deluxe Resort,"Pozitif yonu, personel durumu cok iyi.Yemekleriniz lezzetli.Hijyen 10 numara.Mudurunuz ,danismadaki arkadaslar ve bayan guvenlik arkadasimiz emine hanima da ilgilerinden dolayi tesekkur ederiz."
136,44,Timo Deluxe Resort,"Pozitif yonu, Odalar temiz,yemek bol ve lezzetli, guler yuzlu personel"
137,44,Timo Deluxe Resort,"Negatif yonu, Bence yoktu"
138,45,Turunc Premium Hotel,"Pozitif yonu, Deniz mukemmel ,personel saygili ve ozverili calisiyor."
139,45,Turunc Premium Hotel,"Negatif yonu, Odada gider kokusundan uyunmuyor,yemeklerde cesitlilik arttirilmali ,icecekte alternatif markalar bulunmali. Ornegin sadece Yeni Raki markasi olmasi otele yakismiyor ."
140,45,Turunc Premium Hotel,"Pozitif yonu, Turunc sessiz bir yer, kafa dinlemek isteyenler icin ideal. Otel, personel, otelin konumu, plaj ve havuzu guzel."
141,45,Turunc Premium Hotel,"Negatif yonu, Aksam 22:30 itibariyle hayat bitiyor."
142,45,Turunc Premium Hotel,"Pozitif yonu, Personel mukemmel"
143,45,Turunc Premium Hotel,"Negatif yonu, Yemek cesitleri"
144,45,Turunc Premium Hotel,"Pozitif yonu, Hersey superdi."
145,45,Turunc Premium Hotel,"Negatif yonu, Olumsuz Yonu yok."
146,47,Vonresort Golden Beach,"Pozitif yonu, Cocuklu ailelerin rahat edebilecegi bir yer. Agaclarin icinde otel icerisinde cok fazla alan mevcut. En iyi yani otelin temiz olmasi ve yemeklerinin lezzeti cok iyiydi sadece tatli kisminda cesit cok ama lezzetli degillerdi"
147,47,Vonresort Golden Beach,"Negatif yonu, Tatli cesitleri yeterli fakat lezzet olarak com iyi degildi"
148,47,Vonresort Golden Beach,"Pozitif yonu, Konum rahat ulasabilir  Deniz havuz yeme icme kalitesi iyi odalar eski ama klima dus tuvalet kisimlari sorunsuz"
149,47,Vonresort Golden Beach,"Negatif yonu, Sokak kedilerine biraz daha onlem alinmali sayilari cok ve yemek yerlerinde cok fazlalar. Hastalikli olanlari da var onun disinda olumsuzluk gormedim"
150,47,Vonresort Golden Beach,"Pozitif yonu, Hersey guzel temizlik harika"
151,47,Vonresort Golden Beach,"Negatif yonu, Odalar konfor ister"
152,47,Vonresort Golden Beach,"Negatif yonu, Sadece oda temizligi yapan personel, sikintili.Diger oda temizliyen personeller icin ayni seyi soylemiyecegim.Oda temizligi yapan personele iyi bir egitim verilmeli."
153,48,Vonresort Golden Coast,"Pozitif yonu, Plaj, yemekler, calisanlar, hizmet kalitesi."
154,48,Vonresort Golden Coast,"Negatif yonu, Olumsuz bir sey ile karsilasmadik."
155,48,Vonresort Golden Coast,"Pozitif yonu, Yeme icme iyi Odalar guzel  Temizlik iyi  Aguapark i guzel"
156,48,Vonresort Golden Coast,"Negatif yonu, Animasyon ekibi berbat Hicbir aktivite yok"
157,48,Vonresort Golden Coast,"Pozitif yonu, Yiyecek ve konum."
158,48,Vonresort Golden Coast,"Negatif yonu, odalari cok guzel degil."
159,48,Vonresort Golden Coast,"Negatif yonu, Calisanlarin bazilari insanlara davranislarinda ayrim yapiyor erkekler ozellikle"
160,49,Altis Resort Hotel Spa,"Pozitif yonu, Personeller ilgili ve guler yuzlu. Yemekler lezzet ve cesit olarak iyi. Odalar ve havuzlar temiz. Tesisin konumu ve peyzaji guzel. Memnun kaldik, tekrar gitmek isteriz"
161,49,Altis Resort Hotel Spa,"Negatif yonu, Aksam vakitleri etkinliklerin az ve benzer olmasi."
162,49,Altis Resort Hotel Spa,"Pozitif yonu, Denizi guzel bir tatil oldu"
163,49,Altis Resort Hotel Spa,"Negatif yonu, Oda konforu, ozellikle banyolar kotu idi, Yemekler daha iyi olabilir"
164,49,Altis Resort Hotel Spa,"Pozitif yonu, Havuz, Aqua park, deniz ve kumsal mukemmeldi. Yemekler taze ve lezzetliydi."
165,49,Altis Resort Hotel Spa,"Negatif yonu, Oda, yata konforu kotu. Meyve suyu icecek cesitleri cok kotu. Dondurma cesitleri cok kotu."
166,49,Altis Resort Hotel Spa,"Pozitif yonu, Yemekleri denizi personelin guleryuzlulugu ile dort dortluktu tesekkurler altis resort hotel"
167,50,Hedef Beach Resort Spa,"Pozitif yonu, havuz cok iyi konumu guzel personel ilgiliydi sorunlari hemen cozuyorlar odalar genis  animasyon ekibinden sinci ye tesekkur ediyorum."
168,50,Hedef Beach Resort Spa,"Negatif yonu, oda temizligi pek yapilmiyor  aksam animasyon yetersiz o yuzden aksamlari sikici geciyor.deniz tasli onada yapacak bisey yok tabi.eksikler illaki var ama parana gore  2 kurus odeyipde 10 kurusluk hizmet beklnmesin"
169,50,Hedef Beach Resort Spa,"Pozitif yonu, Havuzlar buyuk,kaydirak cocuklari Karpuz iyidi."
170,50,Hedef Beach Resort Spa,"Negatif yonu, Ultra hersey dahil dondurma bile yok,snack hep , ayni seyi cikariyor."
171,50,Hedef Beach Resort Spa,"Pozitif yonu, Havuz ve personel"
172,50,Hedef Beach Resort Spa,"Negatif yonu, yemek, ikram, temizlik"
173,50,Hedef Beach Resort Spa,"Pozitif yonu, Havuz yemekler fast food havuz basi yemek vs aksam eglenceleri olsun guzel hersey  bar yonetimindeki olsun calisanlar olsun saygili ve herturlu yardimci oluyorlar yemekhane olsun calisanlarda oyle abi bi ihtiyacin olursa soyle diye devamli soruyorlar katci bir kat 38 oda vermisler bir kisiye soyledimi herturlu yardimci oluyor temizlik vs olsun soylemezseniz pek bakmiyor oda sayisi fazla olduguna oda yetistirmesi anca oluyor cunku yemekler meyve tatli vs guzel yiyecek icecek konusunda sadece aksam yemeklerinde cocuklarin yiye bilecegi iste patates vs yok"
174,50,Hedef Beach Resort Spa,"Negatif yonu, Iki bar mevcut zaten biri yemek vakti acik biri yemek sonrasi o yuzden kuyruga neden oluyor  ayni sekil yemek kuyruklari oluyor otel onunde kamera yok koca otelde nasi kamera olmaz anlayamadim araca vurup gidiyorlar kimsenin bilgisi yok kapi bekleyeni yok gelen giriyo kimin girdigi ciktigi belli degil asansorler devamli bozuluyor ve havalandirma namina bisey yok katlardada herhangi bir klima vs yok odaya girdimi sogumuyor 1 saat boyunca hem disarinin sicagi hem katlarin sicagi klima anca sogutuyor odayi aksamlari eglence oluyor herhangi bi duzen olmadigina ya onune dikiliyo ya zart zurt sandalye cekip en one geciyor gorusunu engelliyorlar devamli"
175,50,Hedef Beach Resort Spa,"Pozitif yonu, Havuz yaninda neredeyse gunun buyuk bolumunde hamburger, gozleme ve icecek servisi var. Cocuklar icin Aqua park eglenceli"
176,50,Hedef Beach Resort Spa,"Negatif yonu, Yemek kalitesi dusuk. Hijyen yeterli degil. Odalarda cay kahve yok. Personel mutsuz  Havlular her gun degistirilmiyor."
177,51,Hedef Resort Hotel Spa,"Pozitif yonu, Ulasim gayet iyi. Yemek cesitleri yeterli . ( meyve cesitleri haric) Havuz , deniz gayet guzel. Temizlik yeterli ."
178,51,Hedef Resort Hotel Spa,"Negatif yonu, Banyo , wc ler mimari onarim gerekli.  Eglenceye yonelik hizmetler yeterli degil."
179,51,Hedef Resort Hotel Spa,"Pozitif yonu, Havuz guzel sezlong sikintisi yok"
180,51,Hedef Resort Hotel Spa,"Negatif yonu, Yemekler cok kotu cigerden baska bise yok  icecek sirasi beklemekle geciyor zamanin cogu. Oda banyo tuvalet cok kotu"
181,51,Hedef Resort Hotel Spa,"Pozitif yonu, Hersey anlatildigi gibi kotu veya eksik diyebilecegim herhangi birsey yok gayet yeterli yani odaya su birakmalari dahi cok guzel bi dusunce"
182,51,Hedef Resort Hotel Spa,"Negatif yonu, Olumsuz bi durum goremedim olsa yazicam ama yok"
183,51,Hedef Resort Hotel Spa,"Pozitif yonu, yeri guzel onun disinda otel 3-4 yildizli otel ayarinda"
184,51,Hedef Resort Hotel Spa,"Negatif yonu, ana yemekler iyi degil, icecek surekli icemiyorsunuz hep bi yer arizali bardaklar cay bardagi gibi ufak temiz degiller,deniz acayip kum cakilli, asansoru cok bekliyorsunuz"
185,51,Hedef Resort Hotel Spa,"Pozitif yonu, Havuz iyiydi. Kaydiraklar da fena degil"
186,51,Hedef Resort Hotel Spa,"Negatif yonu, Yemek kotu. Temizlik yok. Ilgisizlik hakim. Havuz havlusu yok. Plaj kotu."
187,53,Hedef Kleopatra Hotel,"Negatif yonu, Havuzda hep gunesli oldugu icin biraz kullanissiz sadece"
188,53,Hedef Kleopatra Hotel,"Pozitif yonu, 5 kisilik otel konaklamamizda otelin tum olanaklarindan yararlandik. Temiz, cesitli yemekler, ilgili personel."
189,55,Hotel Sun Fire Beach,"Pozitif yonu, Resepsiyon daki 3 personelde yardimci olmaya calistilar."
190,55,Hotel Sun Fire Beach,"Negatif yonu, Odalar kotu,elbise dolaplarina kiyafet koymadik cok pis kokuyor,klimam su akitiyor,altina kova koymuslar,ozellikle ogle yemekleri yetersiz, personel egitimsiz,birayi pet bardakla veriyor,bardak degistirmesi istendiginde triplere girip kopuklu birayi ikram ediyor. Icecekler sicak koordinasyon sorumlusu ve mudure sikayete gidiyoruz sonuc yok,ustelik bir gun bira,bir gun kola,bir gun buz yok deniliyor onuda bildiriyoruz yine sonuc yok.havuzu bile sabah havuz acilis saatinde temizleyip klorladilar,malzemeler ozellikle bardaklar yetersiz,tabaklari secerek yemek aliyoruz.hayatimin en kotu tatili neyseki 3 gun konakladik."
191,55,Hotel Sun Fire Beach,"Pozitif yonu, Personel iyiydi,ozellikle ilk giris danismadaki personel gorevine cok hakimdi misafir nasil karsilanir nasil yonlendirilir biliyordu"
192,55,Hotel Sun Fire Beach,"Negatif yonu, Havuz kucuk,cocuklarla buyuklerin ayni havuzda yuzmeleri uygun degil, yemekler daha iyi olabilirdi"
193,56,La Salvia Hotel Kas,"Negatif yonu, berbat bir oteldi. bizim 3 gunluk tatil olmasina ragmen dayanamayip 2. gunun sabahinda erkenden ayrildik dayanmayip. odada berbat bir gider kokusu vardi.otel calisanlari mutsuz .   kas i o kadar cok seviyordum ki sirf bu otel deneyimi yuzunden nefret ettim. kahvaltids cesitliligin olmasi bir arti degil. kalitesiz seyler koyulduktn sonra bin cesit olsa onemi yok. her sey bekletilmis de sunulmus gibi.  hicbir onerim yok asla duzelmez cunku."
194,56,La Salvia Hotel Kas,"Pozitif yonu, Konumu guzeldi, kas merkeze kolay gidiliyordu. Plaj ve denizi de guzeldi. Oda her gun temizlendi, banyo temizdi. Kahvalti icin yiyecek cesidi yeterliydi ve yiyecekler lezzetliydi."
195,56,La Salvia Hotel Kas,"Negatif yonu, iki ayri yatak istedigimizi istarla call center calisanina bildirmemize karsin, bize tek yatakli oda verildi. Sorunun cozumu icin tatil sepetini iki kez aradik ve baska otel istedigimizi soyledik ama bize bir cozum sunulmadi.  Oradaki klima ve buzdolabi cok gurultulu calisti ve uyumamiza engel oldu. Tatili uykusuz ve bitkin bir sekilde tamamladik.  Kahvalti yiyecekleri acik bir sekilde sunuldu ve cok fazla kara sinek vardi. Bu da hijyen yonunden sikintili bir durum."
196,56,La Salvia Hotel Kas,"Pozitif yonu, Odalar temiz gunluk temizleniyor. Kahvalti cesidi fazla masalarin deniz manzarali olmasi guzel. Havuz alani guzel dizayn edilmis. Tekrar konaklamak isteyecegim bi isletme diyebilirim."
197,56,La Salvia Hotel Kas,"Negatif yonu, Wifi cekmiyordu tek eksik bu denilebilir."
198,58,Mysea Hotels Incekum,"Pozitif yonu, Kumsal plaj, ve guleryuzu bar personal."
242,73,Mysea Hotels Alara,"Negatif yonu, Odalar, yemekler, hijyen"
243,73,Mysea Hotels Alara,"Negatif yonu, Yemek ortam hijyen her konuda problemli"
199,58,Mysea Hotels Incekum,"Negatif yonu, Animasyon yok, tv bozuk yalvara yalvara tamirci getirtirdigim , fitnes yok, yemekler  berbat (bir gun kokmus tavuk verildi),,temizlik sifir, 3 gun sicak su olmadi, dus ta bocek geziyor. Burda yazsam herseyini  ,vaktim yetmez. Berbat ,berbar, berbat! Bu hotel eksi 5 yildiz hakkediyor."
200,59,Piril Hotel Thermal Beauty Spa,"Pozitif yonu, Tatlilar guzeldi Havuz yani keyifli"
201,59,Piril Hotel Thermal Beauty Spa,"Negatif yonu, Ana restoranin acik hava oturmasi olmaali idi. Restoran cok vasatti Otel bakimsiz idi Banyolarin havalandirmasi yok, o yuzden kotu bir koku var Servis yavas Akiam yemeklerinde cay ikrami olmali Fitness alani pis, bazi ekipmanlar pasli idi."
202,59,Piril Hotel Thermal Beauty Spa,"Pozitif yonu, Konum,isletme,fiyat,ve en onemlisi spa da medikal masaj."
203,59,Piril Hotel Thermal Beauty Spa,"Negatif yonu, Termal havuz tavani eskimis"
204,59,Piril Hotel Thermal Beauty Spa,"Pozitif yonu, Kolay ulasim"
205,59,Piril Hotel Thermal Beauty Spa,"Pozitif yonu, Konumu  Oda temizligi"
206,59,Piril Hotel Thermal Beauty Spa,"Negatif yonu, Acik bufe de biten seylerin devami yok Havuz basi yanlari kuflu Otelin bazi bolgeleri soguk Su disinda icecek bir sey yoktu  Oda da kasa bozuktu  Odanin klimasi calismiyordu  Kahvaltida ki zeytinler artik cop olmus buzulmus hala koyuyorlardi kahvalti diye onlari yani bes yildiz kalitesini hak etmiyor kisacasi"
207,59,Piril Hotel Thermal Beauty Spa,"Pozitif yonu, Calisan arkadaslar gercekten cok guler yuzlu ve yardimciydi ama en onemlisi gercekten cok hijyenikti. Ayrica spa bolumunde calisan masor arkadaslar gercekten bu konuda cok basarili."
208,59,Piril Hotel Thermal Beauty Spa,"Negatif yonu, Yemekler pek tatmin edici degildi bu bizi pek mutlu etmeyen bir durum oldu ve maalesef sanssizligimiz otel de bir gece kaldik pazar sabahi termal havuzun gereginden fazla sicak olmasindan dolayi sabah ne yazik ki havuzu kullanamadik asagida sordugumuzda da hos Bi tavir goremedik bastan savma bir cevapla gecistirildik bu da biraz can sikici oldu acikcasi zaten kisa bir sure kaldik ama tam anlamiyla bu imkanlardan yararlanma sansimiz olmadi."
209,62,Avena Resort Spa Hotel,"Pozitif yonu, Genis konforlu oda  Yemekler"
210,62,Avena Resort Spa Hotel,"Negatif yonu, Sahil ve deniz"
211,62,Avena Resort Spa Hotel,"Pozitif yonu, Yemekleri lezzetliydi ama cesit azdi"
212,62,Avena Resort Spa Hotel,"Negatif yonu, Genel olarak temiz degildi ve aksam aktiviteleri zayifti"
213,62,Avena Resort Spa Hotel,"Pozitif yonu, temiz ve yemekleri guzel."
214,62,Avena Resort Spa Hotel,"Negatif yonu, cok sira bekledik, personel guzel yuzluydu ancak sayilari azdi."
215,62,Avena Resort Spa Hotel,"Pozitif yonu, Ilgili personel, lezzetli yemekler, rahat ve temiz bir oda"
216,64,Oba Star Hotel Spa,"Pozitif yonu, Yemekleri cok lezzetliydi"
217,64,Oba Star Hotel Spa,"Negatif yonu, Calisan personeller cok kotu hepsi zoraki calisiyor gibi sanki icecek istediginde tersler cok disiplin de yok"
218,65,The X Belek,"Pozitif yonu, Ekip mutluydu, hizmet cok iyiydi. Annem ve kizimla geldik hepsi cok memnun kaldi. Ne talep etsek fazlasiyla yapildi."
219,65,The X Belek,"Negatif yonu, Oda temizliginden mutsuz olduk. Odamizi degistrme talebinde bulunduk, bizden kaynakli bir durumdu saolaunlar yardimci oldular ama verilen odanin balkonu inanilmaz tozluydu."
220,65,The X Belek,"Pozitif yonu, Yetiskin ve cocuk alanlarinin ayri olmasi, yiyecek icecek kalitesi, temizlik olumlu"
221,65,The X Belek,"Negatif yonu, Denize sifir olsa guzel olurdu, havuzu yetersiz"
222,65,The X Belek,"Pozitif yonu, Yiyecek kalitesi cok iyi alkollu ve alkolsuz icecekler kutulu ve premium markalar ve minibar gunluk doluyor. Gun icerisinde 2 farkli restauranta gidip menude bulunan yiyecekleri yiyebilirsiniz. Barlar cok iyi calisanlar guleryuzlu ve ilgililerdi. +16 bolumunde havuz ve restorant var. Starbuckstan gidip sicak soguk mesrubat alabilirsiniz. Pastalarda cok iyiydi. Odalar cok temiz ve hersey yeniydi. Cocuklar icin bol aktivite var. Cocuk ve Yetiskinler icin aquapark mevcut"
223,65,The X Belek,"Pozitif yonu, Tuzlu havuzu olmasi cok iyi"
224,65,The X Belek,"Negatif yonu, Deniz Uzak"
225,66,White City Beach Hotel,"Pozitif yonu, 1- resepsiyon cok iyi bir sekilde yardimci oldu.  2- servis gorevlilerinin cogu universite mezunu islerini cok iyi yapiyorlar ( bazi otellerde yabanci turistlerle ilgilenip Turklerle ilgilenmezler ama burada ayrim yapilmaksizin herkese esit ve iyi davraniyorlar).  3- oglen ve aksam yemekleri  hepsi lezzetli ( kaliteli yemek yagi kullaniyorlar) 4- Barda fici tuborg bira var kokteyller vs iyi."
226,68,Astoria Hotel,"Pozitif yonu, Fiyat performans lokasyon ve yemekler iyi"
227,68,Astoria Hotel,"Negatif yonu, Odalar kucuk tadilattan gecebilir"
228,68,Astoria Hotel,"Pozitif yonu, Personel iyiydi Otel iyiydi Deniz temidi"
229,68,Astoria Hotel,"Negatif yonu, Yemekler iyi olabilir Turkce muzik yok  Hijyen daha iyi olabilir"
230,68,Astoria Hotel,"Pozitif yonu, Her sey cok guzeldi."
231,68,Astoria Hotel,"Negatif yonu, Olumsuz gorusum yok."
232,70,La Perla Hotel Kemer,"Pozitif yonu, Istisnasiz butun personel cok iyiydi . Hepsine tekrar tesekkur ediyorum  Yemek bolumu temizlik bolumu havuz basi barmen hepsi cok iyiydi"
233,70,La Perla Hotel Kemer,"Negatif yonu, Yemek cesidi cok azdi ve bazen aksamdan kalan patlicanlari sabah icin yanina patates dograyip cesit olsun diye koyuldu mesela hic guzel degildi yemekler"
234,70,La Perla Hotel Kemer,"Pozitif yonu, Konum olarak gayet guzel denize yakin olmasi cok iyiydi"
235,70,La Perla Hotel Kemer,"Negatif yonu, Deniz kirliligi, yemeklerin lezzetsiz olusu"
236,71,Miramor Garden Resort,"Negatif yonu, Aksamlari aktivasyon yoktu."
237,72,Museum Resort Spa,"Pozitif yonu, Havuz guzel"
238,72,Museum Resort Spa,"Negatif yonu, Odada buzdolabi ve televizyon yok"
239,72,Museum Resort Spa,"Pozitif yonu, Olumlu yonu yok heryer pislik personel ufak yaslari biseyler yapmayi calisiyorlar ama imkan yok."
240,72,Museum Resort Spa,"Negatif yonu, 2 kisi konakladik . Oda olarak mobilyalar cok eski ve elinizde kalcak gibi banyosu cok ufak . Tolet pecetelik yok . Yemekhane ve yemek alma yeri sineklerle ortak yemek aliyoruz . Heryer plastik bardak . Barda karton bardaktan alkol aliyorsun. Havuzda cok klorlu senzok  sayisi yetersiz ."
241,73,Mysea Hotels Alara,"Pozitif yonu, Fiyati, denizi temiz"
244,74,Dragut Point North Hotel,"Pozitif yonu, Personel cok yardimsever ve ilgili. Odalarin klimalari gayet yeterli. Cay,kahve cok lezzetli. Pide cok basarili."
245,74,Dragut Point North Hotel,"Negatif yonu, Havuzun bir tarafi cok ruzgar aliyor sezlonglar yetersiz denizde dalgakiran yetersiz asiri yosunlu. Ortak wc ler cok kotu ve bakimsiz. Hazir kofte yerine daha lezzetli bir kofte tercih edilebilir izgara aksam yemegi icin cesitlendirelebilir"
246,74,Dragut Point North Hotel,"Pozitif yonu, Bazi personelleri ilgiliydi"
247,74,Dragut Point North Hotel,"Negatif yonu, Her sey cok kotuydu cok pismanim"
248,74,Dragut Point North Hotel,"Pozitif yonu, Calisan personeller cok ilgili alakaliydi"
249,74,Dragut Point North Hotel,"Negatif yonu, Oda temizligi konusunda biraz daha hassas davranilmasi gerekir."
250,76,Bitez Garden Life,"Negatif yonu, Yemekler kotu plajda senzlog az"
251,76,Bitez Garden Life,"Pozitif yonu, Calisan arkadaslar guler yuzlu ilgili ve saygililar otelin konumu denize cok uzak degil otelin bulundugu yer agaclandirma yesillik olarak gayet guzel"
252,76,Bitez Garden Life,"Negatif yonu, Yemekler bizi resmen baydi ayni yemegin ertesi gun farkli bir versiyon da yedik daha sonraki gun ayni yemegi daha farkli bir esit olarak tekrar yedik cok kotuydu"
253,76,Bitez Garden Life,"Pozitif yonu, Personel anlaminda cok ilgililer."
254,76,Bitez Garden Life,"Negatif yonu, Ama verilen konaklama hizmetindeki aksaklik konusunda giderilmesi icin islevsel acisindan bir karsiliklari yok"
255,76,Bitez Garden Life,"Negatif yonu, Calisanlarinizi misafirlerinizin yaninda azarlayici bir sekilde konusuyordunuz. Bunu dikkate alsaniz iyi olur."
256,77,Romance Beach Hotel,"Pozitif yonu, Otelin konumu ve plaji cok iyi idi.Havuzu ufak ama guzeldi."
257,77,Romance Beach Hotel,"Negatif yonu, Arabayi park edecek yer bulamadik,minibar dolaplari oldukca eski ve calismiyor.Odaya kapiya vurulmadan giriliyor.Asansorler ufak."
258,77,Romance Beach Hotel,"Pozitif yonu, Denize cok yakin olmasi, havuzunun yeterli olmasi, kahvaltinin guzel ve doyurucu olmasi"
259,77,Romance Beach Hotel,"Negatif yonu, Oda kapilarinin cok eski olmasi bu sebeple guven vermemesi, odada kullanilan yataklarin eski olmasi."
260,79,Ayayorgi Hotel By T,"Pozitif yonu, Otel calisanlari yardimsever ve guler yuzlu, merkeze yakin, sabah kahvaltisi basarili memnun kaldik. Tekrar gidersem ayni oteli tercih ederim."
261,79,Ayayorgi Hotel By T,"Pozitif yonu, Konumu cok iyi"
262,79,Ayayorgi Hotel By T,"Negatif yonu, Cok ruzgar aliyor hijyen kotu odalar cok pisti"
263,79,Ayayorgi Hotel By T,"Pozitif yonu, Ilgi ve alaka cok iyi hizmet her yonden guzel"
264,79,Ayayorgi Hotel By T,"Negatif yonu, Havuzun kucuk olmasi ve cok kalabalik olmasi. Yeterli sayida personelin olmayisi"
265,79,Ayayorgi Hotel By T,"Pozitif yonu, Otelin cesme merkeze yuruyerek 15 dakika mesafede.  Odalari temiz, personel sicak ve yardimsever,"
266,79,Ayayorgi Hotel By T,"Negatif yonu, Sabah kahvaltisinin sabah 9'da baslamasi cok gec. Daha erkene alinmasi gerekir"
267,81,Club Hotel Barbarossa Kas,"Pozitif yonu, Otel essiz konumda, odalar manzarali ve gunluk temizleniyor. Personel ilgili ve saygili"
268,81,Club Hotel Barbarossa Kas,"Pozitif yonu, Personel cok ilgili ve guler yuzlu."
269,81,Club Hotel Barbarossa Kas,"Negatif yonu, Oda girdigimizde temizdi ancak kaldigimiz 3 gun boyunca house keeping talep etmemize ragmen ugramadi."
270,83,Golden Key Bordubet,"Pozitif yonu, Hersey mukemmeldi. Ozellikle Kudret Bey'e ilgi ve alakasi icin cok tesekkur ederiz."
271,84,Marmaris Beach Hotel,"Pozitif yonu, Denize sifir konumu"
272,84,Marmaris Beach Hotel,"Negatif yonu, Denize bakan odalarda ayri yatakli oda yok"
273,84,Marmaris Beach Hotel,"Pozitif yonu, Yok, sadece oda mobilyasi yeni, herkes cok kabaydi."
274,84,Marmaris Beach Hotel,"Negatif yonu, Biz Kismi deniz manzarali odayi aldik, fakat odamizdaki cikmamis, uzatmis gittik, 2 kisilik ekonomik odaya cocuk yatagi koymuslar, 3 yetiskiniz biz, soyleyince odayi degistirdiler, ertesi gun, bu odanin girisi var, sizi aldiginiz odaya geciriyoruz dediler, toplandik girdik oda, yan tesisin deposuna bakiyor, 1. Katta ve karanlik. Oysa ki ust katta ve resimde gordugumuz kismi deniz manzarali idi."
275,87,My Adress Alacati,"Pozitif yonu, Genel olarak konum temizlik oda kahvaltiya memnun kaldik"
276,94,Hotel Berke Ranch Nature,"Pozitif yonu, Dogasi muhtesem"
277,94,Hotel Berke Ranch Nature,"Negatif yonu, Denize servisle gidip geliniyor. Ama denizi guzel ve kumsalda anlasmali bir yeri var"
278,96,Trend Life Hotels Torba 14,"Pozitif yonu, Denizi harika odalar konforlu ve temizligi her gun yapiliyor Zulal hanim cok ilgilendi kendisine cok tesekkur ederiz"
279,96,Trend Life Hotels Torba 14,"Negatif yonu, Yemekleri zayif ve yemek yenilen yerde hic bir sogutma olmadigindan sicakta terleyerek cabucak yiyip kalkmamiz gerekiyordu Umarim duzeltilir"
280,98,Aurasia Beach Hotel,"Pozitif yonu, Konum, kahvalti gayet guzel."
281,98,Aurasia Beach Hotel,"Negatif yonu, Otopark ama buyuk sorun degil."
282,98,Aurasia Beach Hotel,"Pozitif yonu, Konumu, restorani ve genel olarak hizmeti iyiydi."
283,98,Aurasia Beach Hotel,"Negatif yonu, Cift olarak konaklamamiza ragmen tekli yataklarin birlestirilmesiyle olusan yatakta uyumak zorunda kaldik, odaya yerlestikten sonra fark ettigimiz icin konu hakkinda yardim istemedik. Soylesek yardim edebilirler miydi bilmiyorum."
284,98,Aurasia Beach Hotel,"Pozitif yonu, Personeller cok guleryuzlu Konum olarak cok iyi"
285,98,Aurasia Beach Hotel,"Negatif yonu, Kahvalti secenegi arttirilmali Daha fazla temizlige ozen gosterilmeli Havuz bakimina daha fazla onem verilmeli"
286,99,Wome Deluxe Hotel,"Pozitif yonu, Basta personelin tamami guleryuzlu, musterilerine memnuniyet yarisindalar sanki. Tesis cok kaliteli ve ayrica yesil ve mavinin bir arada yasandigi mukemmel bir lokasyonda. Basta mudur yrd. Furkan bey olmak uzere, tum yonetici ve calisanlarina tesekkurler, tebrikler."
287,99,Wome Deluxe Hotel,"Negatif yonu, Ortak plajda suni yada daimi bit iskele olmali."
396,125,Porto Bello Hotel Resort Spa,"Pozitif yonu, Calisanlar ve otel cok guzeldi"
397,125,Porto Bello Hotel Resort Spa,"Pozitif yonu, Denize cok yakin,personel guler yuzlu,"
288,99,Wome Deluxe Hotel,"Pozitif yonu, Yemekler icecekler her sey cok lezzetliydi. Bayan bolumu cok iyiydi. Calisanlar cok ozveriliydi. Ozellikle oda temizlemede calisan abladan cok memnun kaldik. Cok tesekkur ediyoruz."
289,99,Wome Deluxe Hotel,"Negatif yonu, Karma deniz biraz tasliydi"
290,99,Wome Deluxe Hotel,"Pozitif yonu, Cocuklar icin mukemmel bir otel ama kucuk olduklari icin cok vakit geciremedik malesef insallah biraz daha buyusunler tekrar gelmek isteriz"
291,100,Telatiye Resort Hotel,"Pozitif yonu, Fiyati uygun, personeli guler yuzlu, otel temiz ve sakindi.  Yemekler taze ve iyiydi. Etkinlikler cesitlendirilebilir. Mutfak sefimize saygilar."
292,100,Telatiye Resort Hotel,"Negatif yonu, Denizi cakilli ve sahili sig degil.  Biraz dalgali."
293,101,Tac Premier Hotel Spa,"Pozitif yonu, Personeller cok nazik ve cok ilgililer, en cok hosuma giden buydu, kalabalik olmadigi icin yemek ve ikram saatlerin de herhangi kaos ve kargasa yoktu her turlu yiyecek icecege rahatlikla ulasabiliyorduk icecekler guzeldi"
294,101,Tac Premier Hotel Spa,"Negatif yonu, Kaldigimiz Odayi  begenmedim eski kucuk ve bakimsiz, ekstre odeme yaparak rezerve ettigimiz odadan farkli bir oda verdiler bize, ayrica animasyon cok zayifdi, neredeyse animasyon yok gibi birsey"
295,101,Tac Premier Hotel Spa,"Pozitif yonu, Odalarinizin genisligi  aile icin uygun olculerde.havuz yeteri kadar buyuk ve kullanisli"
296,101,Tac Premier Hotel Spa,"Negatif yonu, Odadaki tuvalet banyoda havalandirma olmamasi. Temizlik personelin tuvaleti paspasladiktan sonra mobu eliyle suya tutup odanin icini paspaslamasi. 3 blokta kaldik ve katlara cikis tek asansorle arada bir ariza yapti mecburen uzun bir yuruyus sonrasi havuz ve yemek alanina gecis.klima motorlarinin tam balkonda oturulan yere asilmasi ve gurultuden ve sicak hava atmasindan dolayi oturamama."
297,101,Tac Premier Hotel Spa,"Pozitif yonu, Personeli guler yuzlu.   Burdan da isim vererek belirtmek isterim ki,  Emre ,Caglar,Safa, Berat,Memnune, Mehmet, Ozan hepsi o kadar guler yuzlu o kadar samimi ve ictenlikle davraniyorlar. Tesekkur ederim."
298,102,Vita Bella Hotel Resort Spa,"Pozitif yonu, Otelin konumu temizligi ve personelleri cok iyiydiler guler yuzlu ve yardimci olmaya aciklardi.Spa da masajdan cok memnun kaldim.Havuz cok temiz ve berrakti iskelesi olmasi ve mimari olarak goruntu cok guzeldi"
299,102,Vita Bella Hotel Resort Spa,"Negatif yonu, Kahvalti tek cesit her gun ayni seyler var bu olumsuz yonlerinden birisi.Odada 2 kisi gelindiginde valiz koyacak acacak yer yok buna bir cozul getirilebilir buyuk rahatlik olur. Oda ya kahvalti yok maalesefâ€¦ Spa da hamamin tadilata ihtiyaci var gozden gecirilmeli.Ilaclama yetersiz her yer sinekti."
300,103,Eldar Resort Hotel,"Pozitif yonu, Oda gayet genis ve temizdi havuzlar cocuklar ve yetiskin icin yeterliydi mini clup temiz ve guzeldi"
301,103,Eldar Resort Hotel,"Pozitif yonu, Eldar Resort  Yemek personel ilgi temizlik hijyen cok iyi"
302,103,Eldar Resort Hotel,"Negatif yonu, Eldar Garden Cesit olmasindan ziyade lezzet yok Personel ilgisi 0 Soguk su almak mucize Buz bulmak cok zor Kahvalti ve oglen yemeginde temiz masa bulmak cok zor Bufe lerde urunler bitmis ancak kimse yenisini ilave etmiyor Bos kap ve kaseler oyle duruyor Kahvaltida  bi kere pogaca denk geldi o da erken saate  Eldar Resort cok basarili ancak Garden bir o kadar hizmet kalitesi dusuk Iki otel yanyana olmasina ragmen Resort basarili Garden maalesef"
303,103,Eldar Resort Hotel,"Pozitif yonu, Icecekleri iyiydi"
304,104,Algora Halal Hotel,"Pozitif yonu, Oda temizlik guzel yemek tat cesit kalite olarak guzel personel ilgili."
305,104,Algora Halal Hotel,"Negatif yonu, deniz cok taslik ve sig degil Ortak havuz cok kucuk dipdibesiniz Erkekler havuzuna yemekhaneden geciliyor disardan bi asansor yapilabilir.direk havuza cikan Koridorlar cok havasiz asansorden yanarak iniyorsun lobide buz gibi hava. Asansor sirasi vok bekleniyor capraz inis cikisli yuruyen merdiven yapilabilir daha ferah ve kullanisli olur"
306,107,Blue Dreams Resort,"Pozitif yonu, Tandogan hilal ve esila hanima Cook tesekkurler ????"
307,107,Blue Dreams Resort,"Pozitif yonu, Genel olarak calisanlar mudur ve sefler cok mutavazi guler yuzlu"
308,107,Blue Dreams Resort,"Negatif yonu, Neredeyse yok 2-3 personel haric"
309,107,Blue Dreams Resort,"Pozitif yonu, Yemekleri harikaydi, sezon sonunda gittigimiz icin eglence ve animasyon yoktu otelin konumu harika, denizi cok berrak fakat taslik personel guler yuzluydu. Balayi cifti oldugumuz icin deniz manzarali oda yerine deluxe oda verdiler ucretsiz olarak"
310,107,Blue Dreams Resort,"Negatif yonu, Plaji taslik"
311,108,Bodrum Park Resort,"Pozitif yonu, Calisanlar cok ilgili ve guler yuzlu"
312,108,Bodrum Park Resort,"Negatif yonu, Lizbonlarin daha  sik olmasi iyi olur"
313,109,Club Grand Side Amazon Water World,"Pozitif yonu, Tesis aktivesi guzeldi personellerin  ilgi ve alakasi  guzeldi  yemeklerde cesit  bol  havuz temiz odalar temiz plaj cok guzeldi  2 aile gittik cocuklarimizla cok eglendik"
314,109,Club Grand Side Amazon Water World,"Negatif yonu, Keske icme sulari kucuk verseler  cok ziyan oluyor"
315,109,Club Grand Side Amazon Water World,"Pozitif yonu, Everything exceeded our expectations. Guests were mostly German families, and there was a very pleasant vibe."
316,109,Club Grand Side Amazon Water World,"Negatif yonu, Store only seems to accept foreign cards or euros. Would have been nice if they could accept the local currency and cards."
317,109,Club Grand Side Amazon Water World,"Pozitif yonu, Havuzlar personel temizlik cok iyi tesekkurler"
318,109,Club Grand Side Amazon Water World,"Negatif yonu, Yemek kahvalti hep ayni deniz de iskele olmamasi eksileri"
319,110,Club Hotel Turan Prince World,"Pozitif yonu, Otelin konumu cok guzeldi, peyzaj da basarili idi. Deniz ve havuzlarindan memnun kaldik. Sabahlari kus sesleri ile uyanmak da ayrica keyifli idi. Yemek cesitliligi yeterli ve lezzetliydi. Sadece tatlilarini begenmedik. Daha basarili olabilirdi. Cocuklarimiz rahatca  aquaparkta ve lunaparkta  eglenebildi. Animasyon ekibi ve programlarini cok basarili bulduk. Ozel gece organizasyonlari guzeldi."
320,110,Club Hotel Turan Prince World,"Negatif yonu, Otelin ve odalarinin dekorasyona ihtiyaci var. Club odada duslar  kullanilirken ic mekana su geliyor, banyo surekli islak ve anti hijyen oluyordu. Havlu ve tekstil urunler de eski ve yipranmisti malesef. Kokulari hosuma gitmedi hic."
321,110,Club Hotel Turan Prince World,"Pozitif yonu, konum yemekler fena degildi"
398,125,Porto Bello Hotel Resort Spa,"Negatif yonu, Kokteyl cesitleri iyilestirilebilir."
322,110,Club Hotel Turan Prince World,"Negatif yonu, tesise antalya merkezdentek kisi  misafirim geldi.resepsiyonda yarim saat gorusmeme izin verilmedi.tesis disinda gorusebildim.bu konu moral bozucuydu. Alkol kalitesi vasatti.Bayram nedeniyle tesiste doluluk cok fazla oldugu icin housekeeping ler yetersiz ve odayi onaylayan amirde sorun vardi.odadaki bardakta ruj lekeleri vardi"
323,110,Club Hotel Turan Prince World,"Pozitif yonu, Cocuklar icin havuzlar cok iyi ."
324,110,Club Hotel Turan Prince World,"Negatif yonu, Odadaki klimalar bu sene yetersizdi.Cok fazla elektrik kesintisi yasandi."
325,110,Club Hotel Turan Prince World,"Pozitif yonu, Cocuklu aileler icin ideai bir otel. Her turlu ihtiyaca hizmet ediyor. Yemekleri lezzetli ve cesitlilik cok."
326,110,Club Hotel Turan Prince World,"Negatif yonu, Sivrisinek fazlaydi"
327,111,Club Marco Polo,"Pozitif yonu, Icki ve yemek kalitesi, tesisin konumu, denizin berrakligi, personelin ilgi ve alakasi harikaydi"
328,111,Club Marco Polo,"Negatif yonu, Biz tesisi elestirecek bir nokta bulamadik, tekrar tercih edecegimiz harika bir deneyimdi"
329,111,Club Marco Polo,"Pozitif yonu, Yiyecek icecek kalitesi ve cesidi mukemmel personeller cok nazik ne yazik ki ulkemizde yabanci turistlerin on planda oldugu bir cok otel var biz bu negatif ayrimciligi 2 yildir otelinizde hic yasamadik ben herseyi cok begendigim icin ek bir oneri aklima gelmiyor ozellikle barda damla hanim Isa Can Mine kahve evinde ki kucuk hanimlar gusto restoranda stajyer Emre inanin herkes sanki otelin sahibi gibi islerini sahipleniyor ve misafirleri agirliyor umarim maddi manevi olarak ta karsiligini aliyorlardir  2 . Yil konaklamamiz gozden kacmamis odamiza surpriz bir hediye gonderilmis bence hizmet icin hersey dusunulmus bir otel lutfen tum calisanlarinizin kiymetini bilin cunku odalar , havuz ve deniz her otelde var bu oteli tercih sebebi yapan yonetim anlayisi ve personeller â€¦. Sevgiyle kalin"
330,111,Club Marco Polo,"Negatif yonu, Sizin elinizde olan bir durum degil ama bu yil denizde ne yazdik ki cop atiklari oldu ve bu bircok misafir degerlendirmesini negatif olarak etkilemis"
331,111,Club Marco Polo,"Pozitif yonu, Yemekleri bar ve icecekler harikaydi"
332,111,Club Marco Polo,"Negatif yonu, Sadece odalar biraz uzak oda sorun teskil etmedi"
333,111,Club Marco Polo,"Pozitif yonu, Denize sifir olusu, yemekleri cok guzel,"
334,111,Club Marco Polo,"Negatif yonu, Hijyen ve temizlik kalitesi dusuktu"
335,112,Club Sun Heaven Family Spa Alanya,"Pozitif yonu, Fiyatina gore guzel bir otel"
336,112,Club Sun Heaven Family Spa Alanya,"Negatif yonu, Otelin sahibi rus sanirim ruslarla doluydu"
337,113,Delta Hotels By Marriott Bodrum,"Pozitif yonu, Yemekler fena degil  Deniz  guzel"
338,113,Delta Hotels By Marriott Bodrum,"Negatif yonu, Bebek araba indirebilecegin rampa yok kucagimda merdivenlerden bebek arabasi tasidim Personel yok 1 saat siparis icin bekledim Cocuk bebeklere ozel yemek kesinlikle yok bebekler ac kaldi diyebilirim Kokteyl yapan barmen kokteyl yapmayi bilmiyor"
339,113,Delta Hotels By Marriott Bodrum,"Pozitif yonu, Konum, deniz, karinca haric oda."
340,113,Delta Hotels By Marriott Bodrum,"Negatif yonu, Odalardaki karincalar, acik mekanlardaki temizlik."
341,113,Delta Hotels By Marriott Bodrum,"Pozitif yonu, Deniz, personel, oda"
342,113,Delta Hotels By Marriott Bodrum,"Negatif yonu, Yemekler, yuruyus alani olmamasi"
343,113,Delta Hotels By Marriott Bodrum,"Negatif yonu, Yemekler kotu  Bir icecek bir barda baska icecek baska barda El sabunu cikmiyor cok kotu sampuan kopurmuyor"
344,114,Diamond Elite Hotel Spa,"Pozitif yonu, Her sey cok guzeldi"
345,115,Diamond Premium Hotel Spa,"Pozitif yonu, Personel cok keyifli ve eglenceli insanlar guler yuzluler bu bizi cok mutlu etti ."
346,115,Diamond Premium Hotel Spa,"Negatif yonu, Gece Animasyon ekiplerinin performanslari arasinda cok fazla fark var . En kotu ekip maalesef Turk gosteri grubu ."
347,115,Diamond Premium Hotel Spa,"Pozitif yonu, kizimla konakladigim otelde hijyen,personel,performans,yemek hersey cok guzeldi.Butun personel ihtiyacinizi anlamak icin ugrasiyor ve buda sizi mutlu ediyor."
348,115,Diamond Premium Hotel Spa,"Negatif yonu, Otelin su olumsuzdu diye degerlendirecegim onemli bir seyi yok.Ben mayis ayinda konakladim tam sezonunu bilmiyorum nasil bir performans ama benim icin harikaydi."
349,115,Diamond Premium Hotel Spa,"Pozitif yonu, Konfor & temizlik & yemek & personel & animasyon ????????????harika bir tatil gecirdik . Tavsiye ederim ."
350,115,Diamond Premium Hotel Spa,"Negatif yonu, havuz animasyonunda biraz daha fazla etkinlikler olabilir."
351,115,Diamond Premium Hotel Spa,"Pozitif yonu, Yemekler guzel ve yeterli havuz cok guzel personel outhis hep guler yuzlu yardim ediyorlar terasta oturuyorsunuz size icecek getirmek icin soruyorlar muthisti"
352,115,Diamond Premium Hotel Spa,"Negatif yonu, Aksam eglenceleri yetersizdi"
353,116,Doubletree By Hilton Bodrum Isil Club All Inclusive Resort,"Pozitif yonu, Diger konularda herseyde cok iyiydi soylenecek bisey yok good"
354,116,Doubletree By Hilton Bodrum Isil Club All Inclusive Resort,"Negatif yonu, Alacarte restorant icin rezervasyon alan ceylan hanim diye birisi mevcut akli bi karis havada otele girdigimiz gun scorpion balik restorandina rezervasyon yaptirdik cuma gunune islemi tamamladim dedi cuma saat 8e yaptim cuma gunu bi gittik rezalet rezervasyon yok adam bakiyor oda numarasina yok isime bakiyo yok meger rezervasyon bile yapmamis biz oylece kalakaldik  biraz dikkatli uyari yapin oyle suslenip puslenip gezmeye benzemiyor  Birde havuz yetersiz aqua park yok bunlarin olmasi daha guzel sonuclar verebilir"
355,117,Elegance Hotel Marmaris,"Pozitif yonu, Merkezi ,temiz,"
356,117,Elegance Hotel Marmaris,"Negatif yonu, Yemek servis maaslarinin temizligi ve sonraki misafirlere hazirlanmasi daha hizli olabilir"
357,117,Elegance Hotel Marmaris,"Pozitif yonu, Odalar ve genel olarak otel konforlu ve guzeldi."
358,117,Elegance Hotel Marmaris,"Negatif yonu, 5 yildizli bir otel ve hersey dahil konsepti olmasina ragmen, odada kahve seti yoktu, mini bar yetersiz ve ucretliydi, yemekler cok kotuydu, yemekler 3 yildizli otel ayarindaydi sadece ac kalmamak icin yedik. Yemek saatleri disinda yiyecek birsey bulamadik. Cocuklar icin dondurma dahi yoktu. Havuz barinda sadece bira, raki ve 3 cesit kokteyl ucretsiz geri kalan hersey ucretliydi. Plaj kismi cok kucuk ve dipdibe sezlognlar ile dolu.  Cocuklu bir aile olarak bir daha asla bu oteli tercih etmeyecegiz."
438,132,Royal Wings Hotel,"Pozitif yonu, Hersey cok guzeldi"
359,118,Galeri Resort Hotel,"Pozitif yonu, Otel konum olarak merkezden kismen uzak olsa da sahil seridi cok guzeldi, yemekler enfes, alkol ve icecekler guvenilir ve lezzetli. Havuzlar yeterli ve eglenceli. Bebek ve aile dostu bir otel. Ihtiyac duyulan her sey var ve ortak kullanim alanlari hep yakin. Calisanlar cok sicak kanli ve yardimci idi. Ozellikle restoran sefimiz Ilknur hanim her zaman yardimci oldu ve guler yuzu ile bizi sicacik karsiladi. Tum otel calisanlarina bebegimiz ve bize yasattiklari guzel tatil icin tesekkur ediyoruz."
360,118,Galeri Resort Hotel,"Negatif yonu, Deniz aniden derinlesiyor ve dalgali, bu acidan bebekli ve kucuk cocuklu aileler icin denizde dikkatli olmak gerekiyor. Kaydiraklar kismen bakimsizdi diyebilirim. Odalarda temizlik sonrasi carsaf ve havlu degisimi icin ozellikle belirtmek gerekti birkac defa. Biraz eski olmasina ragmen cok guzel bakim yapilmis. Animasyon olarak biraz daha gelistirilebilecegini dusunuyorum."
361,118,Galeri Resort Hotel,"Pozitif yonu, Bebekli aileler icin cok ideal. 3. Gelisimiz ikisi bebekle olmustu.Her sey elinin altinda. Yemekler cok iyi. Personel guler yuzlu ari gibi geziyolar surekli. Havuzlar temiz, yeterli. Deniz dalgali baya ama kenarda taslarla da oynadik az da olsa dalgasiz zamanda girdik bebekle denize.surekli bi organizasyon var gunduz gece surekli. Cocuklar icin de eglenceler var. Parki yeterli her gun gittik.Seneye tekrar gitmek istiyoruz bakalim insaallah ??"
362,118,Galeri Resort Hotel,"Pozitif yonu, Yemek kalitesi ve cesitlilligi tatmin edici duzeyde. Personele 10 uzerinden 10 tamami guler yuzlu ve herseye kosturuyorlar."
363,118,Galeri Resort Hotel,"Negatif yonu, Deniz asiri dalgali otelin bu konuda yapacagi cok bisey yok belkide oteldeki tek zayif nokta bu.Odalar cok buyuk olmasada zaten oda da vakit gecirilmedigi icin hic onemli degil."
364,119,Green Nature Resort Spa,"Pozitif yonu, Havuz guzel fakat kalabaliktan dolayi 5den sonra girebiliyorsun"
365,119,Green Nature Resort Spa,"Negatif yonu, Havuz manzarali oda istedigimiz halde ormana bakan oda verdiler baska yerimiz yok dediler birdaha gitmem kimseyede tavsiye etmem"
366,119,Green Nature Resort Spa,"Pozitif yonu, Cocuk kulubu olmasi, aquapark olmasi bizim icin cok faydaliydi. Odamiz temizdi, manzarasi guzeldi."
367,119,Green Nature Resort Spa,"Negatif yonu, Ozellikle krem santili tatlilari begenmedik, otele giriste hersey -2de dediler sadece, neyin nerde oldugunu zamanla kendimiz kesfettik."
368,121,Narcia Resort,"Pozitif yonu, KALITELI GUZEL EGLENCELI BIR TATILDI"
369,121,Narcia Resort,"Negatif yonu, HERHANGI BIR OLUMSUZLUK GORMEDIM"
370,121,Narcia Resort,"Pozitif yonu, Personeller guleryuzlu cozum odakli"
371,121,Narcia Resort,"Negatif yonu, Yemekler biraz don dolas ayni gibiydi"
372,121,Narcia Resort,"Pozitif yonu, Hic tereddut etmeden tercih ediniz defalarca gittim her seferinde dahada iyi"
373,121,Narcia Resort,"Negatif yonu, Olumsuzluk Goremedim"
374,121,Narcia Resort,"Pozitif yonu, Her zaman her sene oldugu gibi mukemmel"
375,121,Narcia Resort,"Negatif yonu, Olumsuzluk Goremedim"
376,122,Nirvana Cosmopolitan Hotel,"Pozitif yonu, Cocuk, genc, yasli herkese gore doyurucu,keyifli tatil imkani sunan bir yer"
377,122,Nirvana Cosmopolitan Hotel,"Negatif yonu, Herhangi bir olumsuz deneyimimiz olmadi"
378,122,Nirvana Cosmopolitan Hotel,"Pozitif yonu, Alacartlari cok kaliteli ve lezzetliydi Cocuk kulubu on numara cok memnun kaldik cocuklari klupden alamadik hanimla basbasa kalma firsatimiz oldu.Denizi cok iyiydi.hersey dahil oteller arasinda iyilerden diyebilirim.Cosmos klup cok klas ve basariliydi."
379,122,Nirvana Cosmopolitan Hotel,"Negatif yonu, Yemeklerde izgara balik ve izgara etlerde problem yasadim onun disinda olumsuz bir deneyimimiz olmadi.Az pismis olmasi bizi rahatsiz etti ilettik kendilerine"
380,122,Nirvana Cosmopolitan Hotel,"Pozitif yonu, Odalar temiz, genis ve ferah Yemekler harika Calisanlar ozenli  Eglence alternatifleri cok iyi"
381,122,Nirvana Cosmopolitan Hotel,"Pozitif yonu, Balayi cifti oldugumuz icin welldone ve meyhane restoranlarina gittik. Cok cok memnun kaldik. Yemekler ve personel cok ilgiliydi. Onun disinda acik bufede her sey cok lezzetliydi otel calisanlari cok ilgiliydi. Otelde bulanan etkinlikler cok iyiydi."
382,122,Nirvana Cosmopolitan Hotel,"Negatif yonu, Odada ki yatak kotu oldugu icin degistirilmesini talep ettik. Yeni gelen yatakta bizi bir seyler alerji etti. Her yerimizi bocekler yemis gibi kabardi. Yataga yattigimizda yeni yaralar olusuyordu. Ekstra bir durumdu onun disinda kotu bir sey yok"
383,123,Pirate`s Beach Club,"Pozitif yonu, Odalar konum animasyon yiyecek icecekler temizlik mukemmel"
384,123,Pirate`s Beach Club,"Negatif yonu, Personel biraz isteksiz zayif gorunumlu deniz tasli"
385,123,Pirate`s Beach Club,"Pozitif yonu, Ilgili, guleryuzlu veher zaman yardimci olmaya calisan personel"
386,123,Pirate`s Beach Club,"Pozitif yonu, Tesis fiyata gore guzeldi. Animatorler personel iyi ve ilgiliydiler aile oteli guzeldi."
387,123,Pirate`s Beach Club,"Negatif yonu, Yani otel%99u turist idi yerli turist cok azdi.  Bu yuzden herkes Rusca ve Almanca konusuyor animatorler Turkce bilmiyor benim icin Turkce bilen Rus tercuman gelmisti:)   ben biraz sikilmistim. Yemeklerde kirmizi et yoktu genel olarak balik ve tavuk  bunlar disinda iyiydi"
388,124,Port Nature Luxury Resort Hotel Spa,"Pozitif yonu, her zaman biseyler yemek icin secenek olmasi guzel"
389,124,Port Nature Luxury Resort Hotel Spa,"Negatif yonu, denizi taslik"
390,124,Port Nature Luxury Resort Hotel Spa,"Pozitif yonu, Yemek odalar temizlik"
391,124,Port Nature Luxury Resort Hotel Spa,"Negatif yonu, Bebek arabasi kirasi 10 euro olmasi   animasyonlar  daha iyi olabilir"
392,124,Port Nature Luxury Resort Hotel Spa,"Pozitif yonu, sorun yasamadik misafirler birbirlerine gayet saygili ve persnel de bir o kadar da guleryuzlu."
393,124,Port Nature Luxury Resort Hotel Spa,"Negatif yonu, 1- cok kaliteli pecete bile kullanmalarina ragmen islak mendik zor buluyorduk. 2- personelin cikis yaparken tum musterilerin sanki potansiyel hirsizmis gibi valizlerini dedektor ile aramalari cok rahatsiz etti. bunun yerine giris ve cikislarda magazalardaki gibi dedektor sistemi olsa daha iyi olur dusuncesindeyim. 3- cocuk havuzunda cam kigi buldum ve gorevlilere vererek temizlenmesi konusunda uyardim. daha titiz olursa sevinirim."
394,124,Port Nature Luxury Resort Hotel Spa,"Pozitif yonu, Yeme icme gayet guzeldi ilgi alaka cok. Iyi cok memnun kaldik"
395,125,Porto Bello Hotel Resort Spa,"Pozitif yonu, Calisanlar cok guleryuzlu  ve yardimsever odalar hijyenik ve konforlu"
399,126,Radisson Blu Resort Spa Cesme,"Pozitif yonu, Temizlik on planda Sahil deniz yakin tertemiz."
400,126,Radisson Blu Resort Spa Cesme,"Pozitif yonu, Yemekler cesitli ve lezzetli idi. Otel kullanim alanlari temiz personel guler yuzlu idi."
401,126,Radisson Blu Resort Spa Cesme,"Negatif yonu, Extra yiyecek ve icecekler cok pahali. En azindan aksam veya aksam yemekten sonra cay ikrami olmali idi"
402,126,Radisson Blu Resort Spa Cesme,"Pozitif yonu, Deniz genel konsept"
403,126,Radisson Blu Resort Spa Cesme,"Negatif yonu, Odalar eski, resepsiyon sonuc odakli degil. Ilk yerlestirildigim odada telefonlar calismiyordu banyo kaposi kapanmiyordu. Zorla degistirdim oda yok dendi ama baska bir personel iki dakikada odayi ayarladi. Odalarda hala haliflex olmasi, banyolarin kuvetli olmasi bu fiyattaki bir otel icin dusuk performans.  Oda servisinde uc kisi kalmamiza ragmen hep iki kisilik servis verildi biz uyardik tuvalet kagidi konulmadi vs vs. ayrica bayramda hicbir etkinlik yapilmamasi dikkatimi cekti??"
404,126,Radisson Blu Resort Spa Cesme,"Pozitif yonu, Deniz plaji,guzel yemekleri"
405,126,Radisson Blu Resort Spa Cesme,"Negatif yonu, Fiyat biraz daha uygun olabilirdi ,ekstra yiyecekler icecekler  pahali"
406,126,Radisson Blu Resort Spa Cesme,"Pozitif yonu, Ikinci kez aile olarak geliyoruz ve yine cok memnun kaldik. Olumsuz olarak tek soyleyebilecegim birinci sey plajin cok temiz olmamasi. Dogrudan otelle ilgili degil tabi, insanlar malesef kotu. Ama otel bence sezon baslamadan bir temizlik yapsa cok daha iyi olurdu. Ikincisi ise masa tenisi ve spor salonundaki ekipmanlarin yenilenmesi gerekiyor.  Bunlarin disinda yemekler mukemmeldi, seneye tekrar gorusmek uzere tum otel personeline cok tesekkurler."
407,127,Regnum Carya,"Pozitif yonu, Yemekleri otel mimarisi pasteneler"
408,127,Regnum Carya,"Negatif yonu, Personel ilgisizligi ama en cok yemek aksam servisi Murat bey beyendik . Bir daha gelmeyiz"
409,127,Regnum Carya,"Pozitif yonu, Regnum assist cok profesyonel bir hizmet ve ekibi cok iyi calisiyordu. Cocuk kulubu mukemmeldi.Calisanlar cok ilgiliydi.Yazin ozellikle cocuk kulubu icin tekrar gelecegiz. Yiyeceklerin lezzeti essizdi, alacart restaurantlar ve alacart rezervasyon deski cok iyi calisiyordu. Pastane ve ozellikle firin kismi cok keyifli mekanlardi, calisanlari cok iyiydi. Tum calisanlar cok ilgiliydi. Mukemmel bir tatildi. Tesekkur ederiz."
410,127,Regnum Carya,"Negatif yonu, Kapali havuz alani soguktu, disari acilan kapi surekli acilip kapandigi icin soguyordu sanirim. 2 kere denedik, usudugumuz icin kullanamadik."
411,127,Regnum Carya,"Pozitif yonu, Her detay cok iyi dusunulmus , cok temiz, sik , yemekler muthis lezzetli"
412,127,Regnum Carya,"Pozitif yonu, Odalar ve temizlik"
413,127,Regnum Carya,"Negatif yonu, Ilgisiz  tecrubesiz ve yeterli olmayan personel ve onlari idare edemeyen sorunlari gormezden gelen ustleri"
414,128,Rixos Downtown Antalya,"Pozitif yonu, Hizmet,yemek ,personel,yemek ve icecek kalitesi hepsi super calisanlar guler yuzlu ilgi mukemmel"
415,128,Rixos Downtown Antalya,"Negatif yonu, Odadaki yataklar bir tik bakim yapilmali"
416,128,Rixos Downtown Antalya,"Pozitif yonu, Snack bar dedikleri lahmacun yapilan kisim sahaneydi. Butun tatil orda yemek yedik. Icecekler iyiydi."
417,128,Rixos Downtown Antalya,"Negatif yonu, Hizmet yavas. Deniz sahil bolumu otele ait olan super ama suriyeli afganli bilemiyorum bizimle ayni yerde rahatsiz edecek kadar guvensiz bolum ."
418,128,Rixos Downtown Antalya,"Pozitif yonu, Personel harika deniz mukemmel"
419,128,Rixos Downtown Antalya,"Negatif yonu, Cocuk havuzu icin oyun alani kaydirak v.s. Yapilabilir havuz biraz daha hareketlilik kazanmali"
420,128,Rixos Downtown Antalya,"Pozitif yonu, sicakkanli personel yemekler ve sosyal olanaklar cok iyi cocuklar icin ekstra programlar yapilmasi mukemmel guler yuzlu ve mukemmel bir hizmet vardi."
421,128,Rixos Downtown Antalya,"Negatif yonu, .olumsuz yon bulunmamakta"
422,129,Robinson Club Pamfilya,"Pozitif yonu, Temizlik,denizinin kum olmasi,personel guler yuzlu ve islerini severek yapiyor olmasi,yemekler ve cesitliligi,ortak alan temizligi,etkinlikler,sakin ve aile oteli olmasi."
423,129,Robinson Club Pamfilya,"Negatif yonu, Karsilama ve ugurlama yetersiz ve gecikmeliydi."
424,130,Robinson Camyuva,"Pozitif yonu, Her ogun yemek salonunda sizi sasirtacak surprizler sizi bekliyor. Sushi dahil servis edildi.  Sikma havuc, elma, portakal sulari taze meyvelerden yapilmis smoothieler her sabah kahvaltida hazirdi. Otel dolu olmasina ragmen hicbir sekilde kaotik bir ortam yoktu, sezlonglar yeterli sayidaydi.  Odalar temiz ve her zaman serindi."
425,130,Robinson Camyuva,"Negatif yonu, Tek bir olumsuz sey soyleyebilecegim, caylar biraz daha iyi olsa kahvaltilarin keyfi bir kat daha artardi."
426,130,Robinson Camyuva,"Pozitif yonu, deniz tarafi iyi odalar buyuk ve rahat yemeklerde iyi"
427,130,Robinson Camyuva,"Negatif yonu, odalar cok karanlik tuvalette taharet muslugu yok yemek masalari 8 li hic tanimadigin kisilerle yemek yerken kucuk tartismalar cikiyor"
428,130,Robinson Camyuva,"Pozitif yonu, Yemekler, sovlar, deniz, manzara be konfor mukemmel"
429,130,Robinson Camyuva,"Negatif yonu, Hic bir olumsuzluk yok."
430,130,Robinson Camyuva,"Negatif yonu, Merhaba otelle alakali hicbir problem yasamadik aksine sahane gecti tatilimiz. Sadece gitmeden once Tatil Sepeti tarafindan bir bilgilendirme maili gitmesi gerekiyor misafirlere, cunku otelin konsept etkinlikleri geregi misafirlerin hazirlikli gitmesi gerekebiliyor. Ornegin; retro parti vardi ve bizim bilgimiz olmadigindan dress codeâ€™a uyum saglayamadik. Otelin degil sizin platformunuzun sorumlulugunda olmasi gerektigini dusunuyorum. Tesekkurler"
431,131,Royal Seginus Hotel,"Pozitif yonu, Guleryuzlu ve Hizmet odakli personeli cok iyiydi. Otel odalarinda misafirlerin rahatligi icin en ince ayrintisina kadar dusunulmus ve tasarlanmis."
432,131,Royal Seginus Hotel,"Negatif yonu, Mini bar giriste birdefa dolduruluyor. Iceceklerin SKT leri gecmis veya gecmek uzereydi. Dikkat edilmelidir."
433,131,Royal Seginus Hotel,"Pozitif yonu, Yeme-icme son derece lezzetliydi."
434,131,Royal Seginus Hotel,"Negatif yonu, Erkek gruplari ailelerin huzurunu kaciriyor."
435,131,Royal Seginus Hotel,"Pozitif yonu, Mukemmeldi. Kesinlikle tavsiye ediyorum. Otel ve hizmet hakkinda hic tereddutunuz olmasinz"
436,131,Royal Seginus Hotel,"Pozitif yonu, Yemek , servisler"
437,131,Royal Seginus Hotel,"Negatif yonu, Soguk kapali havuz ve hamam"
439,132,Royal Wings Hotel,"Pozitif yonu, Cok sicak ve guleryuzlu personel  her yer tertemiz yemekler guzel harika bir otel herkese tavsiye ederim en kisa zamanda tekrar gidecem"
440,132,Royal Wings Hotel,"Negatif yonu, Her sey guzel olumsuz bir seyle karsilasmadim"
441,132,Royal Wings Hotel,"Pozitif yonu, Deniz manzarasi guzel, oda temiz, kahvaltisi guzel, Alkol secenekleri cok, tatlilari guzel, terasi guzel"
442,132,Royal Wings Hotel,"Negatif yonu, Ana yemek secenegi kisitli, Hamam buz gibi, gobek tasi soguk, aktivite yok, tavla ile vakit gecirebilirsiniz."
443,132,Royal Wings Hotel,"Pozitif yonu, Yemekler ,sahuna ,hamam kapali havuzu ve odalar cok temiz  ve calisan personeller cok alakadar di."
444,132,Royal Wings Hotel,"Negatif yonu, Aile odasinda kaldim havalandirma ile ilgili problem yasadim."
445,135,Campus Hill Hotel,"Pozitif yonu, Odalar temiz Personeller ilgili Isletme muduru cok iyi biriydi. Hizmet guzeldi Havuz, deniz harikaydi"
446,135,Campus Hill Hotel,"Negatif yonu, Yiyecekler de cesit artirilmali ve koku konusunda dikkat edilmeli.  Sogan dogradiklari bicakla karpuz dogranmis kisaca bunu desem yeterli..."
447,139,Radisson Collection Bodrum,"Pozitif yonu, Dogaya zarar vermeden hem konfor hem cazibe kazandirilmis. Bunu saglayanlara minnet duyulacak bir tesis."
448,139,Radisson Collection Bodrum,"Negatif yonu, Gelen misafirlerin sahili sigara izmaritleri ile doldurmasi beni en cok rahatsiz eden konu oldu. ?????? . Insanlarimiz bu konuda hem bilincsiz hem duyarsiz. Tesisin bu yonde belki uyarilarla bunu onlemeye calismasi onerim olabilir."
449,140,Side Sunport Hotel Spa Ex Side Sungate,"Pozitif yonu, Aslinda giderken korkuyordum ne cikacak diye ama mukemmel otesi bir tatil yasadim??"
450,140,Side Sunport Hotel Spa Ex Side Sungate,"Negatif yonu, Olumsuz yonu otelde Turk turist yok denecek kadar az. Her seyin Almanca olmasi sartlardan kaynaklaniyor ama kendi ulkemde multeci gibi hissettim. Bu da otelden degil ulkenin sartlarindan kaynakli"
451,144,Ambrosia Hotel,"Pozitif yonu, Konum ve personel iyi..."
452,145,Aqi Hydros Club,"Pozitif yonu, Deniz cok iyi, personel cok iyi, yemekler iyi, icecek ve icki kalitesi yukseltilebilir."
453,145,Aqi Hydros Club,"Pozitif yonu, Otel olanaklari aradindaki mesafe kisaydi ve bu sebeple asla yorucu olmuyor. Dis alan temizligi ve duzeni cok iyi. Calisanlar nezaketli bir samimiyete sahip. Yemek cesitliligi ve lezzeti cok iyi. Normalde animasyona dair seyler ilgimizi cekmez ancak bu kez hem ebeveynler hem de cocugumuzla memnun ayrildik. Bahceleri cok buyuk. Cimleri bakimli. Portakal, mandalina, nar agaclari var ve hepsi meyve vermis halde. Iceride kedi, horoz, tavuk ve civciv var. Bunun cocuklara olan iyi etkisini gozlemledik. Havuz sayisi fazlasiyla yeterli. Gordugum kadariyla 2 buyuk ve 2 cocuk havuzu var. 1 de kaydirakli minik havuz var. Merkeze yurume mesafesinde. Hemen otel cikisinda solda park var. Spor salonu cok steril ve havalandirmasi iyi. Alet sayisi yeterli."
454,145,Aqi Hydros Club,"Negatif yonu, Oda temizligi, bahce temizligine kiyasla bir parca zayif kaliyor. Sabun, bardak takibi cok iyi degil. Asla olumsuzluk olmamakla birlikte kalabalik bir otel oldugu icin gec kalinmasi halinde sahilde yer bulmak zor olabiliyor."
455,145,Aqi Hydros Club,"Pozitif yonu, genis ve ferah bir ortami var ozellikle mandalina ve limon agaclarina bayildik."
456,145,Aqi Hydros Club,"Negatif yonu, Serin bir pastane bolumu olmaliydi. Restoran disinda ki o da yemek saatleriyle sinirli cay kahve icilebilecek serin bir yer bulamadik. Bergamotlu cay yoktu. Bahcede cok horoz vardi sabah biraz rahatsizlik verdi. AMA EN KOTUSU RESTORANDAN HIC EKSIK OLMAYAN KEDILERDI. Otel yonetimi kedi isini mutlaka cozmeli."
457,148,Blue Fish Hotel,"Negatif yonu, Plaji kayalik oldugu icin denize girmek zorlasiyor. Havuzda koku cok oluyor biraz daha hijyenik olabilir."
458,149,Charm Beach Hotel,"Pozitif yonu, Personelin ilgisi, tesisin mimarisi ve dekoru, odalar, temizlik, icecek kalitesi, hayvan dostu olmasi??"
459,149,Charm Beach Hotel,"Negatif yonu, Deniz biraz hircin:("
460,149,Charm Beach Hotel,"Pozitif yonu, Havuz+deniz"
461,149,Charm Beach Hotel,"Negatif yonu, Genel olarak temizlige onem verilmiyor. Gerek odalarin gerekse ortak kullanim alanlari yeteri kadar temizlenmiyor. Bununla beraber osmanli ve balik restoranlarini birer defa ucretsiz kullanma hakkimiz vardi ama kullanamadik. Tatilin yarisinda kapaliydi diger yarisinda ise dolu oldugu soylendi ancak pek inandirici gelmedi."
462,149,Charm Beach Hotel,"Pozitif yonu, Personel harika."
463,149,Charm Beach Hotel,"Negatif yonu, Banyolar ve havuz cok kirli"
464,149,Charm Beach Hotel,"Pozitif yonu, Konumu guzel, animasyonlar iyi, otelden disari cikmadan aktivitelere katilinabilir. Yemekler iyi, icecek cesitli, deniz ve havuz temiz."
465,149,Charm Beach Hotel,"Negatif yonu, Denizi cok dalgali ve derin, otelin bulundugu konum ruzgarli. Odalar biraz daha yenilenebilir. Odalae tamamen dolu oldugunda yemek bolumundeki masalar yetersiz kaliyor. Yemekler az geliyor ve takviye edilmiyor."
466,149,Charm Beach Hotel,"Pozitif yonu, Temizlik, personel ilgisi, cankurtaranlarin gorev bilinci, hayvan dostu, sakin, otopark"
467,149,Charm Beach Hotel,"Negatif yonu, Animasyon yetersiz, yemekler orta, tavuk disinda izgara turu yok, kalabalikta yemek ve havuz kenari sezlong  yetersiz, dniz hemen derinlesiyor kum yerine ince tasli,"
468,150,Club Bella Mare Beach,"Pozitif yonu, Personel ilgisi"
469,150,Club Bella Mare Beach,"Negatif yonu, Plaj havlusunu ucret karsiligi veriyor"
470,150,Club Bella Mare Beach,"Pozitif yonu, Bes cayindaki borek."
471,150,Club Bella Mare Beach,"Negatif yonu, Tesis kotu isletiliyor. Yoneticilerin kendileri ayni parayi vererek aileleriyle benzer bir yerde tatil yapmazlar. Personel turizmci degil ve sayisi az. Yemekler cok kotu. Insanlar zehirlenmemek icin sandvic hazirlayip onu yediler. Biz sadece belirli ve zararsiz seyleri yiyebildik. Odalar pis, temizlik ozellikle kotu. Genel olarak makul bir otelcilik hizmet sunulmuyor. Marmaris'e de uzun bir aradan sonra tekrar geldik. Hic hoslanmadik. Ayni parayla yurtdisinda tatil yapabilirdik. Oldukca pismaniz. Bir daha da asla gitmeyiz."
472,150,Club Bella Mare Beach,"Pozitif yonu, Havuz temizligi denize konumu olarak gayet memnun kaldim . Yemekler lezzet olarak iyiydi .   Masaj yapan hangemdiden memnun kaldim kibar ve ilgiliydi"
473,150,Club Bella Mare Beach,"Negatif yonu, Yemek cesitliligi azdi guzel yemekler sinirliydi . Oda temizligi orta seviyede yatak konumu degistirdigimizde yerler pisti. Calisanlar yeteri kadar ilgili degildi ."
474,150,Club Bella Mare Beach,"Pozitif yonu, Konumu harika ama merdiven ile cikis olmasa Denizi mukemmel ama sahilin bakima ihtiyaci var."
475,150,Club Bella Mare Beach,"Negatif yonu, tesisin tamamen yenilenmesi gerekir."
476,150,Club Bella Mare Beach,"Pozitif yonu, Konum olarak harika bir yer. Cok keyifli. Mavi ve yesil bir arada. Denizi cok temiz,plaji kullanim olarak gayet iyi."
477,150,Club Bella Mare Beach,"Negatif yonu, Genel muduru ve diger yetkilileri ortada gormek imkansiz. Herhangi bir sikintini veya istegini anlatabilecegin hic bir yetkili YOK!!!  Cozumsel olarak kotu yonetiliyor. Boyle harika bir yere yazik ediliyor.."
478,151,Club Kastalia Holiday Village,"Pozitif yonu, Herseyiyle mukemmel"
479,151,Club Kastalia Holiday Village,"Pozitif yonu, Havuzlar yemekler guzel  Ortam ferah tekrar gelirim"
480,151,Club Kastalia Holiday Village,"Pozitif yonu, Denize sifir olmasi yemek konusunda cok basarili her gun oda temizligi gercekten mukemmel personelin guler yuzlulugu etkinliklerin olmasi"
481,151,Club Kastalia Holiday Village,"Negatif yonu, Icerdeki marketin pahali olmasi"
482,151,Club Kastalia Holiday Village,"Pozitif yonu, Ikinci kez gittim ve bir daha gitmek istiyorum. Basta animasyon ekibinden kizimizla cok guzel ilgilenen Arda hoca olmak uzere tum ekibe cok tesekkurler! Yesillikler icerisinde genis bir alanda olmasiyla kucuk bir bolgeye sikismis betondan olusan 5 yildizli otellerden ayrilarak buyuk bir fark yaratiyor. Genis Aquaparki cocuklarin vazgecilmezi. Yemekleri ve aktiviteleri oldukca guzel ve cok cesitli.  Kesinlikle tavsiye ederim."
483,151,Club Kastalia Holiday Village,"Negatif yonu, Olumsuzluk degil ancak ekstra olarak belki odalara dis fircasi konulabilir."
484,152,Club Munamar Beach Resort,"Pozitif yonu, Havuz sayisi cesitli.Personel ihtiyac durumunda yardimci oluyorlar."
485,152,Club Munamar Beach Resort,"Negatif yonu, Hep ayni tatlilar cikiyor.Yemeklerin bazilari kalanlar ve eksimis. Plajda sezlong sayisi cok cok az."
486,152,Club Munamar Beach Resort,"Pozitif yonu, Oda konforu"
487,152,Club Munamar Beach Resort,"Negatif yonu, Icecek ve yemek"
488,152,Club Munamar Beach Resort,"Pozitif yonu, Deniz yakinligi havuz temizligi"
489,152,Club Munamar Beach Resort,"Negatif yonu, Odalar dokuluyor yataklar eski yemekler berbat"
490,152,Club Munamar Beach Resort,"Pozitif yonu, Yeme icme yeterli seviyede ve lezzetliydi tesis temiz ve personeller Guler yuzluydu memnun kaldigimiz bir tatil oldu bizim icin tesekkur ederiz."
491,152,Club Munamar Beach Resort,"Negatif yonu, 2 bina arasinda mesafe olmasi,cocuk havuzunun yetersiz olmasi gelistirilmesi gerekiyor."
492,152,Club Munamar Beach Resort,"Pozitif yonu, Aksam eglenceleri cok guzel"
493,152,Club Munamar Beach Resort,"Negatif yonu, Yemek hizmeti ve havuz hijyeni biraz daha iyi olabilirdi"
494,153,Dragut Point South Hotel,"Pozitif yonu, Hijyen iyiydi ve personelleri guler yuzluydu."
495,153,Dragut Point South Hotel,"Negatif yonu, Cocuk aktiviteleri hic yok cocuklu ailelere gore degil."
496,153,Dragut Point South Hotel,"Pozitif yonu, Personelin guler yuzune hayran kaldim.Fatih bey ,Salih bey ayrica tesekkurler"
497,153,Dragut Point South Hotel,"Negatif yonu, Oda temizligi 0 soylemeden hic birsey yaptiramiyorsunuz ama gorevli olan ablayada ayrica tesekkur ederim.Cunku ne istedigiysem elinden geldigince karsilamaya calisti ."
498,153,Dragut Point South Hotel,"Pozitif yonu, Personel guleryuzlu"
499,153,Dragut Point South Hotel,"Negatif yonu, Yemek cesiti gelistirilmeli oda temizligi sadece yatak duzeltmekten ve copleri atmaktan ibaretâ€¦ maalesef memnun kalmadim tekrar tercih edecegim bir otel degil"
500,153,Dragut Point South Hotel,"Pozitif yonu, Sahil oteli"
501,153,Dragut Point South Hotel,"Negatif yonu, Personel daha bilgili ve ozenli olmali catal bicaklar masalara atilmadigi icin paketlenmeli herkes kendi aliyor hijyen acisindan iyi degil bardaklar mika veya plastik. Havuz harici cam bardak kullanilabilir. icecek sunumlari kaliteli olmali. Yeterli personel bulunmadigi icin barlarda zaman zaman calisan yok. Kaliteli hizmet guleryuz ve bilincli yonetimle cok daha guzel bir otel olabilir"
502,153,Dragut Point South Hotel,"Pozitif yonu, Personelin guleryuzu ve sevecenligi"
503,153,Dragut Point South Hotel,"Negatif yonu, Yemeklerin kalitesizligi"
504,155,Soz Hotel Gumbet Ex The Best Life Hotel Gumbet,"Negatif yonu, Temizlik adam akilli yok yemekler her gun ayni denizde plaj yok"
505,169,Side Palm Dor Hotel,"Pozitif yonu, Hersey olumlu"
506,169,Side Palm Dor Hotel,"Negatif yonu, Yoktu her sey dort dortluktu"
507,169,Side Palm Dor Hotel,"Pozitif yonu, Havuz calisanlar"
508,169,Side Palm Dor Hotel,"Negatif yonu, Denize uzak mesafe oldugunu ve odalarda Internet ucretli olmasi ayrica lobideki internetin berbat derece yavas olmasi"
509,186,Side Sunberk Hotel,"Pozitif yonu, Otel temiz denize 10 dk yurume mesafesinde,temiz personel ilgili yemekler cesit yok ama guzeldi"
510,186,Side Sunberk Hotel,"Negatif yonu, Havuz cok asiri kucuk yemekler cesitlendirilebilir onun disinda tesis sevimli"
511,189,Lara Otel 12 Adult Only,"Pozitif yonu, Tum odalari deniz manzarali ."
512,189,Lara Otel 12 Adult Only,"Negatif yonu, Otel odalari, ve denize inen merdiven ve cevresi restorasyon dan gecmeli ."
513,189,Lara Otel 12 Adult Only,"Pozitif yonu, Calisan arkadaslar gayet uyumlu ve ilgili"
514,192,Marbas Select Beach,"Pozitif yonu, Yemekler ve icecekler gayet guzeldi. Ayrica calisan arkadaslardan cok memnun kaldik. Konum da iyiydi."
515,192,Marbas Select Beach,"Negatif yonu, Maalesef plaj ufak ve sezlonglar cok yetersiz. Havuz da ufak ve ayni sekilde 5 tane sezlong var sadece. Hepsi kapiliyordu deniz ve havuz tarafi. Bu yonden hic memnun kalamadik."
516,192,Marbas Select Beach,"Pozitif yonu, YEMEKLER, HAVUZ-DENIZ, KONUMU, PERONEL  IYI"
517,192,Marbas Select Beach,"Negatif yonu, TEMIZLIK PERSONELI HIC UGRAMADI, TV DE 2 GUN TEK KANAL(TRTR1) VARDI TEKNIK SERVIS GEC GELDI"
518,192,Marbas Select Beach,"Pozitif yonu, calisanlar genelde guler yuzlu yardimci ve cozum odakli hotelin konumu cok iyi tavsiye ederim"
519,192,Marbas Select Beach,"Negatif yonu, Odadaki duslar Ve Asansor com kotu"
520,192,Marbas Select Beach,"Pozitif yonu, Otelin konumu, calisanlarin gayreti guzeldi"
521,192,Marbas Select Beach,"Negatif yonu, Deniz manzarali satin aldigimiz odaya 1 gun gec yerlestik, kara manzarali oda verdiler. Aradaki farki iade etmediler. Ayrica, yemekhanede sebildeki suyu cesmeden dolduruyorlardi. Odaya kapali su istedigimizde nazlanarak verdiler. Odaya tuvalet kagidi bile koymadilar son 3 gun. Surekli tavuk yemegi cikariyorlardi. Otelin banyosunda dus teknesi var eski caglardan kalma. Surekli gider tikaniyordu. Yani genel anlamda bir daha onunden gecmek istemeyecegim bir otel."
522,192,Marbas Select Beach,"Pozitif yonu, Lokasyon disinda olumlu hic bir yani yoktu."
523,192,Marbas Select Beach,"Negatif yonu, Tamamen berbat bir otel. Calisanlar kaba ve asla yardimci olmuyorlar. Uzun bir yolculuk sonrasi vardigimizda bir bardak su icin yalvarmak zorunda kaldik. Buzu bile tane ile veriyorlar. Yemekler cok kotu, asla hersey dahil sinifinda degil. Kaldigim en kotu oteldi. Ertesi gun ciktik ve iptal istedik. Kesinlikle tavsiye etmem"
524,195,Myra Hotel,"Pozitif yonu, Yemekler konum fiyat"
525,195,Myra Hotel,"Negatif yonu, Havuz derin"
526,198,Point Beach,"Pozitif yonu, Konumu guzel"
527,198,Point Beach,"Negatif yonu, Yemekleri,klima eksikligi,restoranin kotu ve musteri acisinda elverissizligi"
528,198,Point Beach,"Pozitif yonu, Personel cok iyi niyetli.Hic bir rahatsizlik yasamadik."
529,198,Point Beach,"Negatif yonu, Oda temizligi,ana menu yemekleri ayni.Alkollu icecekler cok kotu."
530,198,Point Beach,"Pozitif yonu, Konum harika"
531,198,Point Beach,"Negatif yonu, Tesisteki bardak krizi"
532,198,Point Beach,"Pozitif yonu, Personel yardimci olmaya, aksakliklari duzeltmeye gayretliydi. Bize daha buyuk oda jesti yaptilar. Denize cok yakin ve manzara nefisti. Giriste bizi Ataturk posterinin karsilamasi bizi cok mutlu etti. Kaldigimiz odanin klimasinin sorunsuz calismasindan ve yavas olsa da internet baglantisindan memnunuz."
533,198,Point Beach,"Negatif yonu, Otel bakimsiz ve temizlik yeterli degil. Havlularin rengi sararmis. Icecek alinan bardak, fincanda ruj izi vardi. Bar diye bir sey yoktu diyebilirim. Tek cesit kokteyli hazirlayip sogutucuya koymuslar, istediginiz kokteyli hazirlamiyorlar. Yemekler yeterli cesitlilikte degildi. Her gun tavuk yemegi cikti. Cay saatinde marketten alinan pastalar cikiyor. Otel tadilata girecek diye her sey kaderine birakilmis. Balkondaki sandalyeler curumus, telleri cikmis. Kaldigimiz odanin balkon kapisi kilitlenmiyordu. Sahildeki sezlonglar kirik, minderleri eskimisti."
534,202,Beetle House Coffee Hotel,"Pozitif yonu, manzara , kahvalti, otel temizligi, odalar.."
535,202,Beetle House Coffee Hotel,"Negatif yonu, cekyat bolumundeki klima sogutmuyordu. bir de oraya yatak ortusu olarak kullanacak bir malzeme verilbilirdi"
536,217,Hotel 212,"Pozitif yonu, Personel Kahvalti"
537,217,Hotel 212,"Negatif yonu, Sabahtan aksama kadar yan otelden gelen rahatsiz edici muzik sesi Odanin kucuklugu Balkon olmamasi Banyo lavabosundaki karincalar Pencerelerin ve demirlerin cok kirli olmasi Minibarin odadan cikinca sogutmamasi"
538,218,Hotel Gold Stone,"Negatif yonu, Yemekler cok kotu icecek yok suya bile ekstra para isteniyor"
539,221,Kas Marin Hotel,"Pozitif yonu, Cok keyifli bir konaklamaydi. Otelde gorevli tum arkadaslara kaliteli hizmet anlayislari, musteri memnuniyetini gozetmeleri ve yardim severliklerinden oturu tesekkur ediyorum. Kas'a giden her tanidigima tavsiye edecegim bir adres olacak."
540,235,Relax Beach Hotel,"Pozitif yonu, Denize yakinlik, havuz, anayola yakinlik, calisanlarin samimiyeti, orta buyuklukte bir yer olmasi, Cihat Bey."
541,235,Relax Beach Hotel,"Negatif yonu, Sonuna ve hamam ucretsiz olsa daha mutlu olurduk."
542,235,Relax Beach Hotel,"Pozitif yonu, olumlu yonu salatalar fena degildi Personel elinden geleni yapmaya calisiyor zaten o tesis personel sayesinde ayakta duruyor diye dusunuyorum"
543,235,Relax Beach Hotel,"Negatif yonu, Personel iyi fakat yonetim ve patron mantigi degismeli."
544,235,Relax Beach Hotel,"Pozitif yonu, Otel aktiviteleri cok guzel heryer piril piril hergun oda temizligi yapiliyor ekstra temizlik ihtiyacimizin bile yardimci oldular"
545,235,Relax Beach Hotel,"Negatif yonu, Turk kahvesinin ucretli olmasi:)"
546,237,Silver Hotel,"Pozitif yonu, Ufak tefek aksakliklar disinda tam bir aile oteli. Personel guleryuzlu ve caliskan. Odalarin temizligi konusuna biraz daha ozen gosterelebilir ancak calisanlar ellerinden geleni yapmaya calisiyor. Mutfak ve cesitlilik iyi ancak kullanilan catal bicak ve tabaklar yenilenme istiyor gibi. Yogunluk olmasina karsin verilen hizmet iyi. Herhangi birsey icin 'bitti kalmadi' denilmiyor. ancak, cayin demlenmesi konusunda misafirlerin zamansiz mudahaleleri sikinti oluyor. Hersey icin tesekkurler."
547,237,Silver Hotel,"Negatif yonu, Beklentilerinize gore ve baktiginiz yere gore yani eksik ararsaniz bulursunuz, ancak ful olan bir otelde bir takim aksakliklarin olmasi normal. Belki spor gibi aktiveteler icin yeni alanlar olusturulabilir. Tesekkurler."
548,244,A11 Hotel Obakoy,"Pozitif yonu, personellerin davranisilari gayet guzeldi"
549,244,A11 Hotel Obakoy,"Negatif yonu, televizyonda kanallar yok  tuvalette havalandirma yok oda  tuvalet kokuyor sicak su bi azaliyor bi cogaliyor"
550,244,A11 Hotel Obakoy,"Pozitif yonu, Cocuklar mutluydu"
551,244,A11 Hotel Obakoy,"Negatif yonu, spa bolumunu isleten sahis sadece sinirli saatte 1230 ile 1430 arasi faydalanabilirsiniz diyor yani yemek saatinde kullandirmaya calisiyor pratikte spa bolumunden faydalanamiyorsunuz otel yonetimi problemi cozemedi sizin bilgilerinizde bu bilgi yok."
552,244,A11 Hotel Obakoy,"Pozitif yonu, Calisanlar guler yuzlu ve anlayisli"
553,244,A11 Hotel Obakoy,"Negatif yonu, Odalar biraz daha onem gosterilmeli TV banyo sikintili"
554,246,Blue Diamond Alya Hotel,"Pozitif yonu, Personeller her yonu ile cok iyi"
555,246,Blue Diamond Alya Hotel,"Negatif yonu, Deniz cok dalgali ve asiri tasli"
556,247,Caprice Beach Hotel,"Pozitif yonu, denize olan yakinligi ve otel konumu gayet guzel olusunun disinda cok olumlu bir degerlendirme yapamayacagim."
557,247,Caprice Beach Hotel,"Negatif yonu, Yataklari cok rahatsizdi ayrica animasyon yonunden cok zayif cocuklara yonelik animasyon acisindan hic bir sey yok"
558,247,Caprice Beach Hotel,"Pozitif yonu, Havuzu cok guzel...gayet temiz...calisanlar cok ilgili...otelin konumu da gayet iyi...fiyat performans gayet iyi..."
559,247,Caprice Beach Hotel,"Negatif yonu, Denizi cok tasli ve yosunlu..."
560,247,Caprice Beach Hotel,"Pozitif yonu, yemekler vs iyi ama genel olarak otel berbat otesi bu zamna kaadar en az 10 otele gttim en kotusu bu"
561,250,Costa Farilya Special Class Hotel Bodrum,"Negatif yonu, her yil bu otelde tatil yapariz. ilk kez kahvaltiyi cok vasat bulduk. zaten ilgili personele de soyledik.  kahvalti haric harikaydi her sey."
562,250,Costa Farilya Special Class Hotel Bodrum,"Pozitif yonu, Plaj ve deniz guzel"
563,250,Costa Farilya Special Class Hotel Bodrum,"Negatif yonu, Odalar kucuk ve basik  Kurutma makinasi kendini bile kurutaniyor  Kutu mendil istedim yok dediler"
564,251,Fun And Sun Club Saphire,"Pozitif yonu, Deniz, yeme icme cesitliligi, temizlik"
565,251,Fun And Sun Club Saphire,"Negatif yonu, Hizmet kalitesinin standart olmamasi. Isini cok iyi yapanlarin yaninda vasat alti calisanlarinda olmasi."
566,253,Grand Nar Hotel Adult Only 16,"Pozitif yonu, Oda temizligi guzel. Yemekler lezzetli. Havuz piril piril. Personel ilgili. Resepsiyon Guler yuzlu. Havuza ve carsiya servis hizmeti."
567,253,Grand Nar Hotel Adult Only 16,"Negatif yonu, Aksam yemekten sonra canli muzik ve animasyon olabilir"
568,255,Kaya Maris Hotel,"Pozitif yonu, Yiyecek/icecek imkanlari gayet yeterliydi, her gun oda temizligimiz yapildi o konu da da cok memnun kaldik. Calisan garsonlar, temizlik yapan gorevliler cok nazikti"
569,255,Kaya Maris Hotel,"Negatif yonu, Idare kismindaki kisiler cok kabaydilar, senzlonglar yetersiz oldugu icin cok erken saatlerde sahile gidip senzlong tutmamiz gerekti. Kanal calismasi tatil sezonunda yapildigi icin denize girerken kanalizasyon kokusu esliginde denize girmek zorunda kaldik, rahatsizligimizi dile getirdigimizde de mantiksizlikla suclandik. Plaj kismi cok dar ve denizi cakil taslariyla dolu bu yuzden ayaklarimiz baya tahris oldu."
570,255,Kaya Maris Hotel,"Pozitif yonu, personel cok yardimci oldu"
571,255,Kaya Maris Hotel,"Pozitif yonu, Konum Manzara  Temizlik  Calisan Yemek  cok hos"
572,255,Kaya Maris Hotel,"Negatif yonu, Herhangi olumsuz bir durum olmadi"
573,257,Latanya Palm Hotel,"Pozitif yonu, Odalari gayet buyuk ve rahatti ferahti"
574,257,Latanya Palm Hotel,"Negatif yonu, Isitmali havuz vardi fakat isitma acik degildi buz gibiydi."
575,259,Munamar Park Otel,"Pozitif yonu, Personelin tutumu"
576,259,Munamar Park Otel,"Negatif yonu, Yemekler kotu bardaklar, tabaklar kirli, odalar kotu"
577,259,Munamar Park Otel,"Pozitif yonu, personel ilgi alaka guzel"
578,259,Munamar Park Otel,"Negatif yonu, yemekler,  oda daki dus, cocuklara dondurma pasta pizza gibi seyler hic yook, hergun ayni seyi yiyorsun  ne pide cikti ne zeytinyagli vardi. kofte tavuk sogan domates  hergun ..saat gelmeden tabak bile alamiyorsun cunku izin vermiyorlar. saat gelince hurraaa herkes tabak pesinde..sonra siraya girek icin ittir kaktir. tatilmiydi savas miydi anlamadim.."
579,259,Munamar Park Otel,"Pozitif yonu, Personel ilgisi aile oteli olmasi"
580,259,Munamar Park Otel,"Negatif yonu, Yemek yemek icin uc ogun diger otele gitmek havuzun erken kapanmasi"
581,259,Munamar Park Otel,"Pozitif yonu, Olumlu yonu yok"
582,259,Munamar Park Otel,"Pozitif yonu, Personelleri cok iyi temizlikleri yeterli duzeyde her gun temizlik oluyor temiz havlu geliyor sampuan konuyor yemekleri de gayet guzeldi bu fiyata gore"
583,259,Munamar Park Otel,"Negatif yonu, Herhangi bi olumsuzluga rastlamadik"
584,262,Atrium Hotel Bodrum,"Pozitif yonu, .lokasyon iyi"
585,262,Atrium Hotel Bodrum,"Negatif yonu, ...kahvalti kotu, carsaf havlu eski"
586,262,Atrium Hotel Bodrum,"Pozitif yonu, Konumu cok iyi."
587,262,Atrium Hotel Bodrum,"Negatif yonu, Hijyen kotu.Odada telefon bozuktu bildirmememize ragmen duzeltilmedi."
588,262,Atrium Hotel Bodrum,"Pozitif yonu, Gerek personelleri gerek otelin guzelligi ve yemekleri gayet fiyat performansti cok begendim bodruma gidince tekrar tekrar konaklamak isteyecegim bir yer oldu. Atrium ailesine tesekkur ederim."
589,264,Cihanturk Hotel,"Pozitif yonu, Konumu, kahvaltisi basarili, personel ilgili."
590,264,Cihanturk Hotel,"Negatif yonu, Odalarda ki aksakliklar. Mesela banyoda su akintisi vardi. Ayrica 1 haftalik konaklamamizda lavabo icin hic temizlenmedi"
591,265,Ekici Hotel,"Negatif yonu, Oda cok kucuk ve rutubetli. Gece sesten uyuyamadik. Terkedilmis bir tesis tek olumlu yani konumu tavsiye etmiyorum"
