"id","otel_ad","fiyat","imageURL","score","fiyat_araligi","bolge","hava_alanina_uzakligi","denize_uzakligi","plaj","iskele","a_la_carte_restoran","asansor","acik_restoran","kapali_restoran","acik_havuz","kapali_havuz","bedensel_engelli_odasi","bar","su_kaydiragi","balo_salonu","kuafor","otopark","market","sauna","doktor","beach_voley","fitness","canli_eglence","wireless_internet","animasyon","sorf","parasut","arac_kiralama","kano","spa","masaj","masa_tenisi","cocuk_havuzu","cocuk_parki"
96,Trend Life Hotels Torba (+14),"12.600,00 TL",,"","11000-13000","","","","","","0","0","0","0","0","0","0","0","0","0","0","0","0","0","0","0","0","0","0","0","0","0","0","0","0","0","0","0","0"
258,Monte Carlo Hotel,"37.006,20 TL",https://cdn.tatilsepeti.com/Files/Images/Tesis/02907/1050X700/tsr02907637528976382936428.jpg,"7",+33000,Antalya - Alanya-Obagöl ,"115 km, Antalya HA ","50 - 100 Metre Arası",Özel Plaj,Yok,"0","1","1","1","1","0","1","1","1","0","0","1","0","1","1","1","0","1","1","1","0","0","1","0","1","1","1","1","0"
98,Aurasia Beach Hotel,"89.600,00 TL",https://cdn.tatilsepeti.com/Files/Images/Tesis/12187/1050X700/tsr12187637822555377356720.jpg,"8,9",+33000,Marmaris - Siteler ,"96 km, Dalaman HA ",Denize Sıfır,Özel Plaj,Yok,"1","1","1","0","1","0","0","1","0","0","0","0","0","1","1","0","0","0","1","0","0","0","0","0","0","0","0","0","0"
183,Amos Hotel,"34.442,07 TL",https://cdn.tatilsepeti.com/Files/Images/Tesis/02417/1050X700/tsr02417638230363111068994.jpg,"7,3",+33000,Marmaris - Siteler ,"90 km, Dalaman ",Denize Sıfır,Özel Plaj,Yok,"1","1","1","0","1","0","0","1","0","0","0","0","0","0","1","0","0","0","0","0","0","0","0","0","0","0","0","1","0"
182,Tourist Hotel,"19.883,20 TL",https://cdn.tatilsepeti.com/Files/TesisResim/04542/tsr04542636881504504242563.jpg,"8,7","19000-21000",Antalya - Lara-Örnekköy ,"10 km, Antalya HA ","100 - 200 Metre Arası",Özel Plaj,Yok,"0","1","0","1","1","0","0","1","0","0","0","1","0","0","0","0","0","0","1","0","0","0","1","0","0","0","0","1","0"
60,Sayanora Hotel,"27.231,75 TL",https://cdn.tatilsepeti.com/Files/TesisResim/03066/tsr03066635844807767585309.jpg,"6,9","27000-29000",Antalya - Side-Denizbükü ,"65 km, AntaylaHA","50 - 100 Metre Arası",Yok,Yok,"0","0","1","1","1","0","0","1","0","0","0","0","0","1","1","0","0","0","1","0","0","0","1","0","0","1","0","1","1"
97,Kamer Exclusive Hotel Suites,"74.214,00 TL",https://cdn.tatilsepeti.com/Files/Images/Tesis/03415/1050X700/tsr03415638572672800249036.jpg,"9,3",+33000,Çeşme - Dalyan ,"90 km, İzmir Adnan Menderes HA ","750 Metre ve Üzeri",Halk Plajı,Yok,"0","0","1","1","1","0","0","1","0","0","0","1","0","0","0","0","0","0","1","0","0","0","1","0","0","0","0","1","0"
32,Ramada Resort Bodrum,"54.365,85 TL",https://cdn.tatilsepeti.com/Files/Images/Tesis/00093/1050X700/tsr00093638409303797258748.jpg,"7,7",+33000,Bodrum - Bitez ,"40 km, Milas ","750 Metre ve Üzeri",Yok,Yok,"1","1","1","1","1","1","1","4","0","1","0","1","0","1","1","0","1","0","1","0","0","0","1","0","0","1","1","1","0"
181,Sava Hotel,"12.788,63 TL",https://cdn.tatilsepeti.com/Files/TesisResim/02682/tsr02682636490433443564497.jpg,"8","11000-13000",Antalya - Konyaaltı ,"22 km, Antalya HA ","50 - 100 Metre Arası",Halk Plajı,Yok,"1","0","0","1","1","0","1","1","0","0","0","1","0","0","0","0","0","0","1","0","0","0","1","0","0","0","0","1","0"
231,Life Point Boutique Hotel,"17.500,00 TL",https://cdn.tatilsepeti.com/Files/Images/Tesis/10556/tsr10556637140120351862318.jpg,,"17000-19000",Çeşme - Çiftlikköy ,"No Info km, No Info",Denize Sıfır,Özel Plaj,Var,"1","0","1","1","1","0","0","1","0","0","1","1","0","0","1","0","0","0","1","0","0","0","0","0","0","0","0","0","0"
1,Adam Eve,"86.362,50 TL",https://cdn.tatilsepeti.com/Files/Images/Tesis/01620/1050X700/tsr01620638364315034063053.jpg,"7,3",+33000,Antalya - Belek-İskele ,"35 km, Antalya HA ",Denize Sıfır,Mavi Bayraklı Özel Plaj,Var,"7","1","1","1","5","1","1","7","1","0","1","1","0","1","1","1","1","0","1","1","0","0","1","1","1","1","1","0","0"
28,Orange County Kemer,"88.130,00 TL",https://cdn.tatilsepeti.com/Files/Images/Tesis/01323/1050X700/tsr01323638502687888798865.jpg,"8,3",+33000,Antalya - Kemer-Merkez ,"60 km, Antalya HA ",Denize Sıfır,Mavi Bayraklı Özel Plaj,Var,"1","1","1","1","2","1","1","1","1","0","1","1","1","1","1","0","1","0","1","1","1","0","1","1","1","1","1","0","0"
70,La Perla Hotel Kemer,"41.351,00 TL",https://cdn.tatilsepeti.com/Files/Images/Tesis/13125/1050X700/tsr13125638506943035975057.jpg,"7",+33000,Antalya - Kemer ,"45 km, Antalya ",Denize Sıfır,Özel Plaj,Yok,"0","1","0","0","0","0","0","0","1","0","0","1","0","1","1","1","1","1","1","1","0","1","1","1","1","1","1","1","1"
42,Sunis Elita Beach Resort Spa,"63.700,00 TL",https://cdn.tatilsepeti.com/Files/Images/Tesis/02740/1050X700/tsr02740637848674089982556.jpg,"7,9",+33000,Antalya - Side-Kızılağaç ,"81 km, Antalya HA ",Denize Sıfır,Mavi Bayraklı Özel Plaj,Var,"5","1","1","1","3","1","1","0","1","0","1","1","1","1","0","1","1","1","1","1","0","0","0","0","0","0","1","1","1"
37,Royal Taj Mahal,"69.993,00 TL",https://cdn.tatilsepeti.com/Files/Images/Tesis/04853/1050X700/tsr04853638508707846487074.jpg,"8,8",+33000,Antalya - Side ,"48 km, Antalya HA ",Denize Sıfır (Aradan Yol Geçiyor),Mavi Bayraklı Özel Plaj,Var,"3","1","1","1","4","1","1","8","1","0","0","1","0","1","1","1","1","1","1","1","0","0","1","0","1","1","1","1","1"
33,Raymar Resort Aqua,"54.143,25 TL",https://cdn.tatilsepeti.com/Files/Images/Tesis/05974/1050X700/tsr05974638573515897537225.jpg,"7,2",+33000,Antalya - Side-Manavgat ,"88 km, Antalya HA ",Denize Sıfır,Mavi Bayraklı Özel Plaj,Var,"3","1","1","1","2","1","0","1","1","0","0","1","1","1","1","1","1","1","1","1","1","1","0","1","1","1","1","1","1"
50,Hedef Beach Resort Spa,"147.178,08 TL",https://cdn.tatilsepeti.com/Files/Images/Tesis/04031/1050X700/tsr04031638149119413251931.jpg,"6,6",+33000,Antalya - Alanya-Konaklı ,"100 km, Antalya HA ","100 - 200 Metre Arası",Özel Plaj,Yok,"0","0","1","1","1","1","1","5","1","0","1","0","1","1","1","1","1","0","1","1","0","0","1","0","1","1","1","1","0"
61,Sisus Marina Hotel,"36.750,00 TL",https://cdn.tatilsepeti.com/Files/Images/Tesis/13896/1050X700/tsr13896638472156572671460.jpg,,+33000,Çeşme - Dalyan ,"90 km, Adnan Menderes HA ","750 Metre ve Üzeri",Halk Plajı,Yok,"1","1","1","1","1","1","1","2","0","1","1","1","0","1","1","0","1","0","1","0","1","0","1","0","1","1","0","1","0"
105,Bergiz Hotels Resorts Kemer,"49.140,00 TL",https://cdn.tatilsepeti.com/Files/Images/Tesis/14064/1050X700/tsr14064638526787797708004.jpg,,+33000,Antalya - Kemer-Göynük ,"52 km, Antalya HA ",Denize Sıfır,Özel Plaj,Yok,"2","0","1","1","4","1","0","0","1","0","1","0","1","1","1","0","1","1","0","1","0","0","1","0","1","1","0","1","0"
112,Club Sun Heaven Family Spa Alanya,"42.865,20 TL",https://cdn.tatilsepeti.com/Files/Images/Tesis/04918/1050X700/tsr04918638362610784303145.jpg,"8,2",+33000,Antalya - Alanya ,"50 km, Gazipaşa HA ","100 - 200 Metre Arası",Mavi Bayraklı Özel Plaj,Yok,"1","0","0","1","2","1","0","1","1","0","0","1","1","1","1","1","1","0","1","1","0","0","0","0","1","1","0","1","1"
150,Club Bella Mare Beach,"18.714,24 TL",https://cdn.tatilsepeti.com/Files/Images/Tesis/12746/1050X700/tsr12746638545710684093403.jpg,"6,6","17000-19000",Marmaris - Merkez ,"90 km, Dalaman HA ",Denize Sıfır (Aradan Yol Geçiyor),Özel Plaj,Var,"1","0","1","1","1","0","0","1","0","0","0","1","1","1","1","0","1","1","1","0","0","0","1","0","1","1","0","1","1"
132,Royal Wings Hotel,"55.475,99 TL",https://cdn.tatilsepeti.com/Files/Images/Tesis/01426/1050X700/tsr01426638242587180899681.jpg,"9,2",+33000,Antalya - Lara-Kundu ,"15 km, Antalya HA ",Denize Sıfır,Mavi Bayraklı Özel Plaj,Var,"6","1","1","1","4","1","1","10","1","0","0","1","0","1","1","1","1","1","1","1","0","0","1","0","1","1","1","1","1"
185,Gönülhan Hotel Alaçatı,"33.600,00 TL",https://cdn.tatilsepeti.com/Files/TesisResim/04565/tsr04565635487299454440000.jpg,"8,5",+33000,Çeşme - Alaçatı ,"85 km, Adnan Menderes HA ",Uygun Değil,Yok,Yok,"0","0","0","0","1","0","0","0","0","0","0","1","0","0","0","0","0","0","1","0","0","0","0","0","0","0","0","0","0"
184,Exporoyal Hotel,"10.163,42 TL",https://cdn.tatilsepeti.com/Files/Images/Tesis/06944/1050X700/tsr06944637461552395691562.jpg,"7,9","9000-11000",Antalya - Antalya Merkez-Muratpaşa ,"10 km, Antalya HA ","750 Metre ve Üzeri",Halk Plajı,Yok,"0","1","0","1","0","0","0","1","0","0","0","1","0","0","0","0","0","0","1","0","0","0","1","0","0","0","0","0","0"
2,Adin Beach Hotel,"110.880,00 TL",https://cdn.tatilsepeti.com/Files/Images/Tesis/03168/1050X700/tsr03168638271874820753098.jpg,"7,7",+33000,Antalya - Alanya-İncekum ,"105 km, Antalya HA ",Denize Sıfır,Mavi Bayraklı Özel Plaj,Var,"3","1","1","2","6","2","1","0","1","0","1","1","1","1","1","0","1","0","1","1","1","1","1","1","0","1","1","1","1"
3,Altın Yunus Hotel Spa – Çeşme,"46.966,50 TL",,"",+33000,"","","","","","0","0","0","0","0","0","0","0","0","0","0","0","0","0","0","0","0","0","0","0","0","0","0","0","0","0","0","0","0"
71,Miramor Garden Resort,"28.243,80 TL",https://cdn.tatilsepeti.com/Files/Images/Tesis/13008/1050X700/tsr13008638162106087759717.jpg,"8","27000-29000",Antalya - Kemer-Kiriş ,"65 km, Antalya HA ","200 - 300 Metre Arası",Özel Plaj,Yok,"0","1","0","0","0","0","0","0","1","0","0","0","1","1","1","1","1","0","1","0","0","0","1","0","1","1","1","1","0"
106,Bijal Hotel,"505.050,00 TL",https://cdn.tatilsepeti.com/Files/Images/Tesis/13933/1050X700/tsr13933638540411604902827.jpg,,+33000,Antalya - Side ,"68 km, Antalya HA ",No Info,Mavi Bayraklı Plaj,Yok,"2","0","1","1","1","0","0","0","0","0","0","0","0","0","1","0","1","0","0","0","0","0","0","0","1","1","1","1","1"
38,Salmakis Resort Spa,"54.750,00 TL",https://cdn.tatilsepeti.com/Files/Images/Tesis/00460/1050X700/tsr00460637841466549658299.jpg,"7,7",+33000,Bodrum - Bardakçı ,"35 km, Milas HA ",Denize Sıfır,Mavi Bayraklı Özel Plaj,Var,"1","1","1","1","1","1","1","4","0","1","1","1","1","1","1","1","1","0","1","1","0","0","1","0","1","1","1","1","1"
29,Pine Beach Belek,"107.737,50 TL",https://cdn.tatilsepeti.com/Files/Images/Tesis/00296/1050X700/tsr00296637815547648491151.jpg,"8,6",+33000,Antalya - Belek-İleribaşı ,"33 km, Antalya HA ",Denize Sıfır,Mavi Bayraklı Özel Plaj,Yok,"3","1","1","1","3","3","1","1","1","0","1","1","1","1","1","1","1","1","1","1","1","1","1","0","1","1","1","1","1"
51,Hedef Resort Hotel Spa,"41.554,80 TL",https://cdn.tatilsepeti.com/Files/Images/Tesis/01635/1050X700/tsr01635637329143917511249.jpg,"7,3",+33000,Antalya - Alanya-Konaklı ,"110 km, Antalya HA ","100 - 200 Metre Arası",Özel Plaj,Var,"0","1","1","1","2","1","1","3","1","0","1","0","0","1","1","1","0","0","1","1","0","0","1","0","1","1","1","1","1"
124,Port Nature Luxury Resort Hotel Spa,"90.650,00 TL",https://cdn.tatilsepeti.com/Files/Images/Tesis/04275/1050X700/tsr04275638464536601219010.jpg,"7,3",+33000,Antalya - Belek-Boğazkent ,"40 km, Antalya HA ",Denize Sıfır,Mavi Bayraklı Özel Plaj,Var,"5","1","1","1","2","1","1","8","1","1","1","1","1","1","1","1","1","1","1","1","1","1","1","1","1","1","1","1","1"
62,Avena Resort Spa Hotel,"51.824,85 TL",https://cdn.tatilsepeti.com/Files/Images/Tesis/04576/1050X700/tsr04576637820882867217641.jpg,"7,5",+33000,Antalya - Alanya-Obagöl ,"125 km, Antalya HA ","100 - 200 Metre Arası",Özel Plaj,Yok,"1","1","1","1","1","0","1","3","1","0","1","0","1","1","1","1","1","0","1","1","0","0","1","0","1","1","1","1","1"
43,Susesi Luxury Resort,"127.400,00 TL",https://cdn.tatilsepeti.com/Files/Images/Tesis/01853/1050X700/tsr01853638500906663255726.jpg,"8,5",+33000,Antalya - Belek-İskele ,"35 km, Antalya HA ",Denize Sıfır,Mavi Bayraklı Özel Plaj,Var,"6","1","4","3","4","1","1","11","1","1","1","1","1","1","1","1","1","1","1","1","1","0","1","1","1","1","1","1","1"
259,Munamar Park Otel,"23.557,47 TL",https://cdn.tatilsepeti.com/Files/Images/Tesis/11414/1050X700/tsr11414637878836508918118.jpg,"7,7","23000-25000",Marmaris - İçmeler-Altınsahil Mevkii ,"95 km, Milas HA ","200 - 300 Metre Arası",Halk Plajı,Yok,"0","0","1","1","1","0","0","1","0","0","0","1","0","1","0","0","0","0","1","0","0","0","0","0","0","0","0","1","1"
99,Wome Deluxe Hotel,"99.254,25 TL",https://cdn.tatilsepeti.com/Files/Images/Tesis/05645/1050X700/tsr05645637848585584633837.jpg,"7,9",+33000,Antalya - Alanya-Avsallar ,"70 km, GazipaşaHA",Denize Sıfır,Mavi Bayraklı Özel Plaj,Var,"1","1","1","1","12","1","0","4","1","0","0","0","1","1","1","0","1","1","1","1","0","1","1","0","1","1","1","1","1"
232,Prima Hotel Lara,"18.117,68 TL",https://cdn.tatilsepeti.com/Files/Images/Tesis/01730/1050X700/tsr01730638453328596109025.jpg,,"17000-19000",Antalya - Lara-Lara Yolu ,"15 km, Antalya HA ","300 - 400 Metre Arası",Mavi Bayraklı Halk Plajı,Var,"0","1","1","1","1","1","0","1","0","0","0","1","0","1","0","0","0","0","1","0","0","0","1","0","0","1","0","1","0"
113,Delta Hotels By Marriott Bodrum,"78.364,13 TL",https://cdn.tatilsepeti.com/Files/Images/Tesis/01812/1050X700/tsr01812638490567771256481.jpg,"7,7",+33000,Bodrum - Yalıkavak ,"60 km, BodrumHA",Denize Sıfır,Mavi Bayraklı Özel Plaj,Yok,"1","1","1","1","3","1","1","3","1","0","1","1","1","1","1","0","1","0","1","1","0","0","1","0","1","1","0","1","0"
151,Club Kastalia Holiday Village,"47.609,20 TL",https://cdn.tatilsepeti.com/Files/Images/Tesis/01811/1050X700/tsr01811638149115859904604.jpg,"8,7",+33000,Antalya - Alanya-Konaklı ,"113 km, Antalya HA ",Denize Sıfır,Mavi Bayraklı Özel Plaj,Var,"0","1","1","1","2","0","0","3","1","0","1","0","0","1","1","1","1","0","1","1","0","0","1","0","0","1","1","1","0"
186,Side Sunberk Hotel,"30.257,50 TL",https://cdn.tatilsepeti.com/Files/TesisResim/02693/tsr02693636881564002625544.jpg,"7,9","29000-31000",Antalya - Side ,"65 km, Antalya ","200 - 300 Metre Arası",Özel Plaj,Yok,"0","0","1","1","1","0","0","1","0","0","0","1","0","1","1","1","0","0","1","1","0","1","1","1","1","1","1","1","0"
63,Larissa Inn Hotel,"27.216,00 TL",https://cdn.tatilsepeti.com/Files/Images/Tesis/04960/1050X700/tsr04960638149055651321424.jpg,"5,2","27000-29000",Antalya - Kemer-Çamyuva ,"55 km, Antalya HA ",No Info,Yok,Yok,"0","0","1","1","1","0","0","0","1","0","0","1","0","1","1","1","0","0","1","1","0","0","0","0","0","1","1","1","0"
52,Orange County Belek,"56.000,00 TL",https://cdn.tatilsepeti.com/Files/Images/Tesis/08801/1050X700/tsr08801638505908353317250.jpg,"8,5",+33000,Antalya - Belek ,"35 km, Antalya HA ",Denize Sıfır,Özel Plaj,Var,"1","1","1","1","1","1","0","1","1","0","0","1","0","1","0","1","1","0","1","0","0","0","0","0","1","1","1","1","0"
72,Museum Resort Spa,"27.300,00 TL",https://cdn.tatilsepeti.com/Files/Images/Tesis/12031/1050X700/tsr12031638531954978625417.jpg,"7,3","27000-29000",Bodrum - Bodrum Merkez-Azmakbaşı ,"35 km, Milas HA ","750 Metre ve Üzeri",Halk Plajı,Yok,"0","0","0","1","1","0","0","1","1","0","0","1","1","0","1","0","0","0","1","1","0","0","1","0","0","0","0","1","0"
4,Armonia Holiday Village Spa,"69.995,80 TL",https://cdn.tatilsepeti.com/Files/Images/Tesis/02078/1050X700/tsr02078638149178215246580.jpg,"8,3",+33000,Bodrum - Akyarlar ,"54 km, Milas HA ",Denize Sıfır,Mavi Bayraklı Özel Plaj,Yok,"3","1","1","3","3","0","1","5","1","0","1","1","1","1","1","1","1","1","1","1","1","1","1","1","1","1","1","1","1"
34,Rizom Beach Hotel Kumluca,"55.722,00 TL",https://cdn.tatilsepeti.com/Files/Images/Tesis/06246/1050X700/tsr06246638563971613196631.jpg,"8,3",+33000,Antalya - Kumluca ,"100 km, Antalya HA ",Denize Sıfır (Aradan Yol Geçiyor),Özel Plaj,Yok,"1","1","1","1","2","2","1","3","1","0","1","0","1","1","1","1","1","1","1","1","0","0","1","1","1","1","1","1","1"
44,Timo Deluxe Resort,"58.202,90 TL",https://cdn.tatilsepeti.com/Files/Images/Tesis/01581/1050X700/tsr01581637926168782497439.jpg,"8,6",+33000,Antalya - Alanya-Konaklı ,"110 km, Antalya ",Denize Sıfır (Aradan Yol Geçiyor),Mavi Bayraklı Özel Plaj,Yok,"1","1","1","1","2","1","1","3","1","0","1","1","1","1","1","1","1","0","1","1","0","1","1","1","1","1","1","1","1"
233,Qinn Hotel,"23.394,15 TL",https://cdn.tatilsepeti.com/Files/Images/Tesis/12551/1050X700/tsr12551638475687066314480.jpg,,"23000-25000",Antalya - Muratpaşa ,"11 km, Antalya ",Denize Sıfır,Halk Plajı,Var,"1","1","1","1","1","0","0","2","0","0","0","1","0","0","1","0","0","0","1","0","0","0","1","0","0","0","0","1","0"
133,Sianji Well Being Resort,"99.449,35 TL",https://cdn.tatilsepeti.com/Files/Images/Tesis/13550/1050X700/tsr13550638349480850188056.jpg,"9,7",+33000,Bodrum - Turgutreis-Kadıkalesi Mevkii ,"49 km, Milas HA ",Denize Sıfır,Özel Plaj,Yok,"1","0","1","1","1","1","0","1","0","0","1","1","1","1","1","0","1","0","0","0","0","0","1","0","1","1","1","1","0"
100,Telatiye Resort Hotel,"37.217,88 TL",https://cdn.tatilsepeti.com/Files/Images/Tesis/06218/1050X700/tsr06218638033493863414267.jpg,"7,7",+33000,Antalya - Alanya-Konaklı ,"110 km, Antalya HA ","50 - 100 Metre Arası",Mavi Bayraklı Özel Plaj,Yok,"2","1","1","1","2","1","0","3","1","0","1","1","1","1","1","0","1","0","1","1","0","0","1","0","1","1","1","1","1"
107,Blue Dreams Resort,"98.000,00 TL",https://cdn.tatilsepeti.com/Files/Images/Tesis/00051/1050X700/tsr00051637849360261276855.jpg,"8,6",+33000,Bodrum - Torba ,"23 km, Milas ",Denize Sıfır,Mavi Bayraklı Özel Plaj,Var,"3","1","1","1","4","1","0","5","1","0","1","1","1","1","1","1","1","0","1","1","0","1","1","1","0","1","1","1","1"
152,Club Munamar Beach Resort,"52.552,50 TL",https://cdn.tatilsepeti.com/Files/Images/Tesis/01828/1050X700/tsr01828638366809951961062.jpg,"7,8",+33000,Marmaris - İçmeler-Cumhuriyet Mahallesi ,"100 km, Dalaman HA ","50 - 100 Metre Arası",Özel Plaj,Yok,"0","1","1","1","3","0","0","3","1","0","0","0","1","1","1","0","0","0","1","1","0","0","1","0","1","1","1","1","1"
234,Reis Maris Hotel,"16.296,15 TL",https://cdn.tatilsepeti.com/Files/Images/Tesis/11684/1050X700/tsr11684637903231357060825.jpg,,"15000-17000",Marmaris - Merkez ,"94 km, Dalaman ","100 - 200 Metre Arası",Halk Plajı,Yok,"0","0","0","0","0","0","0","0","0","0","0","0","0","0","0","0","0","0","0","0","0","0","0","0","0","0","0","0","0"
5,Champion Holiday Village,"52.064,25 TL",https://cdn.tatilsepeti.com/Files/Images/Tesis/06840/1050X700/tsr06840638264036188217445.jpg,"7,8",+33000,Antalya - Kemer-Beldibi ,"45 km, Antalya HA ",Denize Sıfır,Özel Plaj,Var,"2","1","1","1","1","0","1","3","1","0","1","1","1","1","1","1","1","1","1","1","0","0","0","0","1","1","1","1","1"
30,Presa Di Finica Hotel,"56.000,00 TL",https://cdn.tatilsepeti.com/Files/Images/Tesis/01644/1050X700/tsr01644638436164442815167.jpg,"7,2",+33000,Antalya - Finike-Sahilkent ,"128 km, Antalya HA ","100 - 200 Metre Arası",Yok,Yok,"2","0","1","1","4","1","1","8","1","0","1","0","1","1","1","1","1","0","1","1","0","0","1","1","0","1","1","1","1"
73,Mysea Hotels Alara,"34.650,00 TL",https://cdn.tatilsepeti.com/Files/Images/Tesis/06833/1050X700/tsr06833637841414821729363.jpg,"5,6",+33000,Antalya - Alanya-Okurcalar ,"100 km, Antalya HA ",Denize Sıfır,Özel Plaj,Yok,"0","0","1","1","1","1","1","1","1","0","0","1","1","1","1","0","1","0","1","1","1","1","1","0","0","1","1","1","0"
39,Sealife Buket Beach Hotel,"74.144,00 TL",https://cdn.tatilsepeti.com/Files/Images/Tesis/04235/1050X700/tsr04235638556818920921071.jpg,"8,4",+33000,Antalya - Alanya-Okurcalar ,"92 km, Antalya HA ",Denize Sıfır,Mavi Bayraklı Özel Plaj,Yok,"2","1","1","1","1","1","1","5","1","0","1","1","1","1","1","1","1","1","1","1","0","0","1","0","1","1","1","1","1"
189,Lara Otel +12 Adult Only,"18.708,71 TL",,"","17000-19000","","","","","","0","0","0","0","0","0","0","0","0","0","0","0","0","0","0","0","0","0","0","0","0","0","0","0","0","0","0","0","0"
101,Taç Premier Hotel Spa,"37.383,93 TL",https://cdn.tatilsepeti.com/Files/Images/Tesis/02550/1050X700/tsr02550638459284226016185.jpg,"7,6",+33000,Antalya - Alanya ,"120 km, Antalya HA ","50 Metreye Kadar",Özel Plaj,Yok,"0","1","0","1","1","1","0","1","0","0","1","0","1","1","1","1","1","0","1","1","0","1","1","1","1","1","1","1","1"
125,Porto Bello Hotel Resort Spa,"71.715,00 TL",https://cdn.tatilsepeti.com/Files/Images/Tesis/00192/1050X700/tsr00192637309456904748589.jpg,"8,5",+33000,Antalya - Konyaaltı-Konyaaltı ,"20 km, Antalya HA ","50 Metreye Kadar",Özel Plaj,Yok,"1","1","1","2","1","1","1","4","1","0","1","1","1","1","1","1","1","1","1","1","1","1","1","1","1","1","1","1","1"
187,Kleopatra İkiz Otel,"16.115,72 TL",https://cdn.tatilsepeti.com/Files/Images/Tesis/01618/1050X700/tsr01618637654970960108154.jpg,"7,3","15000-17000",Antalya - Alanya-Kleopatra ,"120 km, Antalya ","50 - 100 Metre Arası",Halk Plajı,Yok,"1","1","1","1","1","0","0","1","1","0","0","1","0","0","0","1","0","0","1","0","0","0","0","0","0","0","1","1","0"
108,Bodrum Park Resort,"98.752,50 TL",https://cdn.tatilsepeti.com/Files/Images/Tesis/14016/1050X700/tsr14016638507818168248370.jpg,"9,9",+33000,Bodrum - Yalıçiftlik ,"45 km, Milas HA ",Denize Sıfır,Özel Plaj,Var,"1","1","1","1","1","1","0","8","1","0","1","1","1","1","0","1","1","0","1","1","0","0","1","1","1","1","1","0","1"
114,Diamond Elite Hotel Spa,"50.069,25 TL",https://cdn.tatilsepeti.com/Files/Images/Tesis/07607/1050X700/tsr07607637874484820863379.jpg,"9,1",+33000,Antalya - Side-Çolaklı ,"55 km, Antalya HA ","200 - 300 Metre Arası",Özel Plaj,Yok,"2","1","1","1","2","1","1","1","1","0","1","1","1","1","1","0","1","1","1","1","0","0","1","0","1","1","1","1","0"
235,Relax Beach Hotel,"23.660,00 TL",https://cdn.tatilsepeti.com/Files/Images/Tesis/12483/1050X700/tsr12483638326448357958246.jpg,"7,4","23000-25000",Antalya - Alanya ,"130 km, Antalya HA ",Denize Sıfır (Aradan Yol Geçiyor),Özel Plaj,Yok,"1","0","0","0","1","0","0","0","1","0","1","1","0","1","1","0","0","0","1","1","0","0","1","0","0","0","0","1","0"
40,Selene Beach Spa Hotel,"78.205,26 TL",https://cdn.tatilsepeti.com/Files/Images/Tesis/10516/1050X700/tsr10516638149157739566985.jpg,"9,5",+33000,Antalya - Alanya-Türkler ,"105 km, Antalya HA ",Denize Sıfır,Özel Plaj,Yok,"1","1","1","1","1","0","0","2","0","0","1","1","0","1","1","0","1","0","1","1","0","0","1","0","0","1","0","0","0"
134,Sui Resort Hotel,"75.341,00 TL",https://cdn.tatilsepeti.com/Files/Images/Tesis/05788/1050X700/tsr05788638427253466141786.jpg,"8,2",+33000,Antalya - Alanya-Okurcalar ,"98 km, Antalya HA ","500 - 600 Metre Arası",Özel Plaj,Yok,"3","1","1","1","1","1","1","4","1","0","0","0","0","1","1","1","1","1","1","1","1","0","0","0","1","1","1","1","1"
188,La Brezza Suıte Hotel Akyarlar,"35.421,75 TL",https://cdn.tatilsepeti.com/Files/TesisResim/09739/tsr09739636934424999202682.jpg,,+33000,Bodrum - Akyarlar ,"60 km, Milas HA ","600 - 750 Metre Arası",Özel Plaj,Yok,"0","0","1","0","1","0","1","1","0","0","0","1","0","0","0","0","0","0","1","0","0","0","0","0","0","0","0","1","0"
236,Side Beach Club,"24.313,00 TL",https://cdn.tatilsepeti.com/Files/Images/Tesis/13947/1050X700/tsr13947638494219362390149.jpg,,"23000-25000",Antalya - Side ,"No Info km, No Info",No Info,Halk Plajı,Yok,"0","0","1","0","1","0","0","0","0","0","0","1","0","0","0","0","0","0","0","0","0","0","0","0","0","0","0","0","0"
6,Club Grand Aqua,"66.901,30 TL",https://cdn.tatilsepeti.com/Files/Images/Tesis/03476/1050X700/tsr03476638493107104703148.jpg,"7,7",+33000,Antalya - Side-Çolaklı ,"55 km, Antalya HA ","300 - 400 Metre Arası",Özel Plaj,Yok,"2","1","1","1","1","1","0","5","1","0","1","1","0","1","1","1","1","0","0","1","0","0","1","0","1","1","1","1","0"
53,Hedef Kleopatra Hotel,"34.912,50 TL",https://cdn.tatilsepeti.com/Files/Images/Tesis/11412/1050X700/tsr11412637896969373112254.jpg,"8,4",+33000,Antalya - Alanya ,"110 km, Antalya HA ","100 - 200 Metre Arası",Halk Plajı,Yok,"0","0","1","1","1","0","1","1","0","0","1","0","0","1","1","1","0","0","1","1","1","1","1","1","1","1","1","1","1"
45,Turunç Premium Hotel,"64.680,00 TL",https://cdn.tatilsepeti.com/Files/Images/Tesis/04840/1050X700/tsr04840637713008889961242.jpg,"9,4",+33000,Marmaris - Turunç ,"120 km, Dalaman HA ",Denize Sıfır,Özel Plaj,Var,"1","1","1","1","1","1","1","5","0","0","0","1","1","1","1","0","1","1","1","0","0","0","1","1","1","1","1","1","1"
31,Queens Park Resort Göynük,"68.040,00 TL",https://cdn.tatilsepeti.com/Files/Images/Tesis/02797/1050X700/tsr02797637115931447450695.jpg,"7,9",+33000,Antalya - Kemer-Göynük ,"46 km, Antalya HA ",Denize Sıfır,Mavi Bayraklı Özel Plaj,Yok,"3","1","1","1","2","1","0","4","1","0","1","0","1","1","1","1","1","1","1","1","0","0","1","1","1","1","1","1","1"
155,Söz Hotel Gümbet (Ex. The Best Life Hotel Gümbet),"37.196,00 TL",,"",+33000,"","","","","","0","0","0","0","0","0","0","0","0","0","0","0","0","0","0","0","0","0","0","0","0","0","0","0","0","0","0","0","0"
64,Oba Star Hotel Spa,"37.251,90 TL",https://cdn.tatilsepeti.com/Files/Images/Tesis/02801/1050X700/tsr02801638392860593939941.jpg,"6,4",+33000,Antalya - Alanya-Obagöl ,"35 km, Gazipaşa(Alanya) HA ","50 - 100 Metre Arası",Özel Plaj,Yok,"0","1","0","0","2","0","1","3","1","0","1","1","0","0","1","1","1","0","1","1","1","0","1","1","1","1","1","1","1"
154,Elips Royal Hotel,"26.145,00 TL",https://cdn.tatilsepeti.com/Files/TesisResim/06974/tsr06974637039951580664898.jpg,"8,1","25000-27000",Antalya - Antalya Merkez-Muratpaşa ,"10 km, Antalya HA ",Uygun Değil,Yok,Yok,"0","1","0","0","0","0","1","0","0","1","0","1","0","0","0","0","0","0","1","0","0","0","0","0","1","0","0","0","0"
153,Dragut Point South Hotel,"18.598,95 TL",https://cdn.tatilsepeti.com/Files/Images/Tesis/04291/1050X700/tsr04291638240784100059352.jpg,"8,1","17000-19000",Bodrum - Turgutreis ,"54 km, Milas HA ",Denize Sıfır,Özel Plaj,Var,"0","0","1","0","1","0","0","1","0","0","1","0","0","1","1","0","1","1","1","0","0","0","1","0","1","1","1","1","0"
35,Royal Alhambra Palace,"75.600,00 TL",https://cdn.tatilsepeti.com/Files/Images/Tesis/04218/1050X700/tsr04218638149092208201702.jpg,"7,4",+33000,Antalya - Side-Çolaklı ,"40 km, Antalya HA ","200 - 300 Metre Arası",Mavi Bayraklı Özel Plaj,Yok,"8","1","1","1","2","1","0","7","1","0","1","1","0","1","1","1","1","1","1","1","0","0","1","0","1","1","1","1","1"
190,Lara World Hotel,"20.133,27 TL",https://cdn.tatilsepeti.com/Files/Images/Tesis/03569/1050X700/tsr03569638297266680184344.jpg,"7,4","19000-21000",Antalya - Lara-Örnekköy ,"10 km, Antalya HA ","200 - 300 Metre Arası",Özel Plaj,Yok,"0","1","1","1","1","0","0","2","0","0","0","1","0","0","0","0","0","0","1","0","0","0","1","0","0","0","1","0","0"
135,Campus Hill Hotel,"30.730,00 TL",https://cdn.tatilsepeti.com/Files/Images/Tesis/09619/1050X700/tsr09619637610982718666211.jpg,"7,5","29000-31000",Antalya - Alanya ,"135 km, Antalya HA ","750 Metre ve Üzeri",Özel Plaj,Yok,"1","0","1","1","1","0","0","4","1","0","1","1","1","1","1","1","1","0","1","1","0","1","1","0","0","1","1","1","0"
7,Commodore Elite Suites Spa,"82.620,72 TL",https://cdn.tatilsepeti.com/Files/Images/Tesis/03648/1050X700/tsr03648638427248216005182.jpg,"9,4",+33000,Antalya - Side-Evrenseki ,"55 km, Antalya HA ",Denize Sıfır,Mavi Bayraklı Özel Plaj,Yok,"2","1","1","1","1","1","0","0","1","0","0","1","0","1","1","0","1","0","1","1","0","0","1","0","1","1","0","0","0"
115,Diamond Premium Hotel Spa,"64.260,00 TL",https://cdn.tatilsepeti.com/Files/Images/Tesis/05289/1050X700/tsr05289638427244294704014.jpg,"8,8",+33000,Antalya - Side-Titreyengöl ,"70 km, Antalya HA ","200 - 300 Metre Arası",Mavi Bayraklı Özel Plaj,Var,"2","1","3","3","1","1","1","9","1","0","1","1","1","1","0","1","1","1","1","1","0","0","1","0","1","1","1","1","1"
237,Silver Hotel,"25.200,00 TL",https://cdn.tatilsepeti.com/Files/Images/Tesis/03386/1050X700/tsr03386638461160227920142.jpg,"9,3","25000-27000",Antalya - Side-Çolaklı ,"55 km, Antalya HA ","500 - 600 Metre Arası",Özel Plaj,Yok,"0","1","1","0","2","0","0","1","1","0","0","0","0","1","0","1","0","0","1","0","0","0","0","0","0","1","0","1","1"
260,Nerton Hotel,"37.984,80 TL",https://cdn.tatilsepeti.com/Files/Images/Tesis/00852/1050X700/tsr00852638492941731262571.jpg,"8,7",+33000,Antalya - Side-Denizbükü ,"63 km, Antalya HA ",Denize Sıfır,Özel Plaj,Yok,"1","1","1","1","1","1","0","2","0","0","1","0","0","1","1","0","0","0","0","1","1","0","0","0","1","1","1","0","0"
74,Dragut Point North Hotel,"35.356,16 TL",https://cdn.tatilsepeti.com/Files/Images/Tesis/04292/1050X700/tsr04292638060077318583845.jpg,"6,7",+33000,Bodrum - Turgutreis ,"55 km, BodrumHA",Denize Sıfır,Özel Plaj,Var,"0","0","1","1","1","0","0","1","0","0","0","0","0","1","1","0","1","0","1","0","1","0","1","1","1","1","0","1","0"
9,Doria Hotel Bodrum,"55.282,50 TL",https://cdn.tatilsepeti.com/Files/Images/Tesis/01861/1050X700/tsr01861638225143019176828.jpg,"9",+33000,Bodrum - Bitez ,"38 km, Milas HA ","750 Metre ve Üzeri",Özel Plaj,Var,"1","0","1","1","2","1","0","2","0","0","0","1","0","1","1","0","1","0","1","0","0","0","1","0","1","1","0","1","0"
8,Crystal Palace Luxury Resort Spa,"75.680,00 TL",https://cdn.tatilsepeti.com/Files/Images/Tesis/02958/1050X700/tsr02958638472205921405272.jpg,"8,3",+33000,Antalya - Side-Çolaklı ,"55 km, Antalya HA ",Denize Sıfır,Mavi Bayraklı Plaj,Yok,"5","1","4","4","2","1","1","10","1","0","1","1","1","1","1","1","1","1","1","1","0","0","1","0","1","1","1","1","1"
36,Royal Dragon Side,"80.640,00 TL",https://cdn.tatilsepeti.com/Files/Images/Tesis/01983/1050X700/tsr01983638544028863742495.jpg,"8,9",+33000,Antalya - Side-Evrenseki ,"48 km, Antalya HA ",Denize Sıfır (Aradan Yol Geçiyor),Mavi Bayraklı Özel Plaj,Yok,"4","1","1","1","3","1","0","10","1","0","0","1","0","1","1","1","1","1","1","1","0","0","1","0","1","1","1","1","1"
102,Vita Bella Hotel Resort Spa,"58.240,00 TL",https://cdn.tatilsepeti.com/Files/Images/Tesis/06516/1050X700/tsr06516638427301196261612.jpg,"7,6",+33000,Bodrum - Gündoğan ,"48 km, Milas HA ",Denize Sıfır,Özel Plaj,Var,"1","1","1","1","1","1","0","2","0","0","0","1","0","1","1","0","0","0","0","0","0","0","1","0","1","1","0","1","1"
65,The X Belek,"49.834,26 TL",https://cdn.tatilsepeti.com/Files/Images/Tesis/13057/1050X700/tsr13057638262476477292777.jpg,"8,2",+33000,Antalya - Belek-Serik ,"27 km, Antalya HA ","750 Metre ve Üzeri",Özel Plaj,Yok,"4","0","1","1","1","1","0","4","1","0","1","0","0","1","1","1","1","1","1","1","0","0","1","0","1","1","1","1","0"
46,Vonresort Elite,"87.780,00 TL",https://cdn.tatilsepeti.com/Files/Images/Tesis/05003/1050X700/tsr05003637338632233269166.jpg,"9",+33000,Antalya - Side-Çolaklı ,"55 km, Antalya HA ",Denize Sıfır,Özel Plaj,Var,"7","1","1","1","3","1","0","7","1","0","1","1","1","1","1","1","1","1","1","1","0","1","1","1","1","1","1","1","1"
191,Lupo Libero Hotel Spa,"25.352,21 TL",https://cdn.tatilsepeti.com/Files/Images/Tesis/13477/1050X700/tsr13477638332414655399306.jpg,,"25000-27000",Antalya - Muratpaşa ,"12 km, Antalya ","500 - 600 Metre Arası",Yok,Yok,"0","1","1","0","0","0","0","0","0","0","0","1","0","1","0","0","1","0","1","0","0","0","0","0","1","1","0","0","0"
136,Crb Crown Residence Belek Health Spa,"46.709,00 TL",https://cdn.tatilsepeti.com/Files/Images/Tesis/14130/1050X700/tsr14130638540172602639772.jpg,,+33000,Antalya - Belek ,"No Info km, No Info",No Info,Halk Plajı,Yok,"1","1","0","0","0","0","0","0","1","0","1","1","1","0","1","0","0","0","1","1","0","0","1","0","1","1","0","1","1"
41,Sueno Hotels Beach Side,"87.806,25 TL",https://cdn.tatilsepeti.com/Files/Images/Tesis/01531/1050X700/tsr01531638489662654390413.jpg,"8,1",+33000,Antalya - Side-Sorgun ,"60 km, Antalya HA ",Denize Sıfır,Mavi Bayraklı Özel Plaj,Var,"6","1","1","1","6","1","1","13","1","1","0","1","0","1","1","1","1","0","1","1","0","0","1","0","1","1","1","1","1"
156,Tamara Business Antalya,"15.092,00 TL",https://cdn.tatilsepeti.com/Files/Images/Tesis/11351/1050X700/tsr11351637393284673731968.jpg,"8,3","15000-17000",Antalya - Antalya Merkez-Muratpaşa ,"10 km, Antalya ","400 - 500 Metre Arası",Halk Plajı,Yok,"0","1","0","1","0","1","1","1","0","0","0","1","0","1","1","0","1","0","0","0","0","0","1","0","1","1","0","0","0"
126,Radisson Blu Resort Spa Çeşme,"67.900,00 TL",https://cdn.tatilsepeti.com/Files/Images/Tesis/02518/1050X700/tsr02518637927824175138931.jpg,"7,8",+33000,Çeşme - Ilıca ,"88 km, Adnan Menderes HA ",Denize Sıfır,Mavi Bayraklı Özel Plaj,Var,"1","1","0","1","1","1","0","3","0","1","1","1","1","1","1","0","1","0","1","0","0","0","1","0","1","1","1","1","1"
75,Habesos Hotel,"22.642,20 TL",https://cdn.tatilsepeti.com/Files/Images/Tesis/00623/1050X700/tsr00623638513922266036043.jpg,"7,2","21000-23000",Antalya - Kaş-Küçükçakıl Mevkii ,"160 km, DalamanHA",Denize Sıfır (Aradan Yol Geçiyor),Halk Plajı,Yok,"0","1","1","1","1","0","0","1","0","0","0","1","0","0","1","0","0","0","1","0","0","0","0","0","0","0","0","1","0"
238,Solis Beach Hotel,"20.011,76 TL",https://cdn.tatilsepeti.com/Files/Images/Tesis/12891/1050X700/tsr12891638150872099937308.jpg,,"19000-21000",Antalya - Alanya-Konaklı ,"55 km, Gazipaşa HA ","600 - 750 Metre Arası",Özel Plaj,Yok,"0","1","1","0","2","0","0","1","1","0","1","0","0","1","0","0","0","0","1","1","0","0","0","0","0","1","1","1","0"
54,Hera Hotel Kaş,"33.610,50 TL",https://cdn.tatilsepeti.com/Files/Images/Tesis/01119/1050X700/tsr01119637642892884417410.jpg,"7,4",+33000,Antalya - Kaş-Küçükçakıl Mevkii ,"160 km, Dalaman HA ",Denize Sıfır,Özel Plaj,Var,"2","1","1","1","1","0","0","3","0","0","0","0","0","1","1","0","1","0","1","0","0","1","1","1","0","1","0","1","1"
116,Doubletree By Hilton Bodrum Işıl Club All Inclusive Resort,"103.861,30 TL",https://cdn.tatilsepeti.com/Files/Images/Tesis/11539/1050X700/tsr11539638493911392130797.jpg,"8,7",+33000,Bodrum - Torba-Kaynar Mevkii ,"25 km, Milas HA ",Denize Sıfır,Mavi Bayraklı Özel Plaj,Var,"2","1","1","1","1","0","0","5","0","0","1","1","1","1","1","1","1","1","1","1","1","0","0","1","1","1","1","1","1"
137,Elementa Boutique Hotel,"77.602,00 TL",https://cdn.tatilsepeti.com/Files/Images/Tesis/11528/1050X700/tsr11528637783660597280375.jpg,"9,2",+33000,Bodrum - Yalıkavak ,"56 km, Milas HA ","200 - 300 Metre Arası",Halk Plajı,Yok,"1","0","1","1","1","0","0","2","0","0","0","0","0","1","1","0","0","0","1","0","0","0","0","0","1","1","0","0","0"
76,Bitez Garden Life,"44.195,20 TL",https://cdn.tatilsepeti.com/Files/Images/Tesis/08511/1050X700/tsr08511638149174206641114.jpg,"7",+33000,Bodrum - Bitez ,"45 km, Milas HA ","100 - 200 Metre Arası",Özel Plaj,Yok,"1","0","1","1","3","0","0","3","1","0","1","1","1","1","1","0","0","1","1","1","0","0","0","0","1","1","1","1","0"
10,Ela Excellence Resort Belek,"158.270,00 TL",https://cdn.tatilsepeti.com/Files/Images/Tesis/01711/1050X700/tsr01711638470548349362065.jpg,"7,8",+33000,Antalya - Belek-İskele ,"35 km, Antalya HA ",Denize Sıfır,Özel Plaj,Var,"8","1","3","2","3","1","1","9","1","1","1","1","1","1","1","1","1","1","1","1","1","0","1","0","1","1","1","1","1"
239,Suite Laguna Otel,"47.414,23 TL",https://cdn.tatilsepeti.com/Files/TesisResim/02970/tsr02970636651835808121451.jpg,"7,7",+33000,Antalya - Muratpaşa ,"15 km, Antalya HA ","750 Metre ve Üzeri",Halk Plajı,Yok,"0","1","1","1","1","0","0","0","0","0","0","1","0","0","0","0","0","0","1","0","0","0","1","0","0","0","0","1","0"
157,The Nowness Hotel,"57.487,50 TL",https://cdn.tatilsepeti.com/Files/Images/Tesis/07766/1050X700/tsr07766638427348843823923.jpg,"9,7",+33000,Çeşme - Çeşme Merkez ,"85 km, Adnan Menderes HA ",Denize Sıfır,Mavi Bayraklı Özel Plaj,Var,"1","1","1","1","1","0","0","1","0","0","1","1","1","1","1","0","1","0","1","0","0","0","1","0","1","1","0","1","0"
103,Eldar Resort Hotel,"51.408,00 TL",https://cdn.tatilsepeti.com/Files/Images/Tesis/03047/1050X700/tsr03047638563067235173010.jpg,"7,7",+33000,Antalya - Kemer-Göynük ,"48 km, Antalya HA ","300 - 400 Metre Arası",Özel Plaj,Yok,"0","1","1","1","1","1","1","1","1","0","0","1","1","1","1","0","1","1","1","1","1","1","1","1","1","1","1","1","1"
138,Hyde Bodrum Adult Only 16,"134.035,35 TL",https://cdn.tatilsepeti.com/Files/Images/Tesis/14173/1050X700/tsr14173638544910825655558.jpg,,+33000,Bodrum - Torba ,"30 km, Milas HA ",Denize Sıfır,Halk Plajı,Yok,"1","0","0","0","0","0","0","0","0","0","1","1","0","0","0","0","0","1","0","0","1","0","1","0","1","1","0","0","0"
240,The Abc Hotel,"61.414,15 TL",https://cdn.tatilsepeti.com/Files/Images/Tesis/12550/1050X700/tsr12550637968687758317496.jpg,,+33000,Çeşme - Alaçatı ,"No Info km, No Info",No Info,Halk Plajı,Yok,"0","0","0","0","1","0","0","0","0","0","0","0","0","0","0","0","0","0","0","0","0","0","1","0","0","0","0","0","0"
192,Marbas Select Beach,"36.646,99 TL",https://cdn.tatilsepeti.com/Files/Images/Tesis/03200/1050X700/tsr03200638245881272925338.jpg,"7,7",+33000,Marmaris - İçmeler ,"110 km, Dalaman HA ",Denize Sıfır,Özel Plaj,Var,"1","1","1","1","2","0","0","1","0","0","0","0","0","0","0","0","0","0","1","1","0","0","0","0","0","0","0","1","0"
55,Hotel Sun Fire Beach,"19.709,34 TL",https://cdn.tatilsepeti.com/Files/Images/Tesis/02770/1050X700/tsr02770638525871096559021.jpg,"5,8","19000-21000",Antalya - Alanya-Mahmutlar ,"140 km, Antalya HA ",Denize Sıfır,Özel Plaj,Yok,"0","1","1","1","1","0","0","1","1","0","0","0","0","1","1","1","1","0","1","1","0","1","0","0","1","1","1","1","1"
11,Grand Kaptan Hotel,"48.958,35 TL",https://cdn.tatilsepeti.com/Files/Images/Tesis/00329/1050X700/tsr00329637840856725510700.jpg,"7,3",+33000,Antalya - Alanya-Obagöl ,"131 km, Antalya HA ","50 Metreye Kadar",Mavi Bayraklı Özel Plaj,Var,"1","1","1","1","2","0","1","5","1","0","1","1","1","1","1","1","1","1","1","1","0","0","1","0","0","1","1","1","1"
47,Vonresort Golden Beach,"30.922,50 TL",https://cdn.tatilsepeti.com/Files/Images/Tesis/00160/1050X700/tsr00160637338641686218590.jpg,"8,9","29000-31000",Antalya - Side-Çolaklı ,"55 km, Antalya HA ","200 - 300 Metre Arası",Özel Plaj,Var,"7","0","1","1","3","0","0","7","1","0","1","1","1","1","1","1","1","1","1","1","0","1","1","1","1","1","1","1","1"
66,White City Beach Hotel,"53.886,53 TL",https://cdn.tatilsepeti.com/Files/Images/Tesis/01772/1050X700/tsr01772637546009209758317.jpg,"7,5",+33000,Antalya - Alanya-Konaklı ,"120 km, Antalya HA ","50 Metreye Kadar",Özel Plaj,Var,"1","1","1","1","1","0","1","2","1","0","1","1","1","1","1","0","1","1","1","1","0","0","1","0","0","1","1","0","0"
67,Antique Roman Palace +16,"45.876,25 TL",,"",+33000,"","","","","","0","0","0","0","0","0","0","0","0","0","0","0","0","0","0","0","0","0","0","0","0","0","0","0","0","0","0","0","0"
127,Regnum Carya,"207.900,00 TL",https://cdn.tatilsepeti.com/Files/Images/Tesis/04294/1050X700/tsr04294638463222089981314.jpg,"9,1",+33000,Antalya - Belek-Üçkum Tepesi ,"35 km, Antalya HA ",Denize Sıfır,Mavi Bayraklı Plaj,Var,"15","1","1","3","6","2","1","17","1","1","1","1","1","1","1","1","1","1","1","1","1","0","1","1","1","1","1","1","1"
104,Algora Halal Hotel,"40.950,00 TL",https://cdn.tatilsepeti.com/Files/Images/Tesis/10692/1050X700/tsr10692638206100462064615.jpg,"7,9",+33000,Antalya - Alanya-Konaklı ,"113 km, Antalya HA ","200 - 300 Metre Arası",Özel Plaj,Yok,"0","1","1","1","3","0","1","2","1","0","1","1","1","1","1","1","0","0","1","1","0","1","1","0","0","1","1","1","1"
109,Club Grand Side Amazon Water World,"66.901,30 TL",https://cdn.tatilsepeti.com/Files/Images/Tesis/00294/1050X700/tsr00294638558778714038807.jpg,"8,1",+33000,Antalya - Side-Çolaklı ,"55 km, Antalya HA ","300 - 400 Metre Arası",Özel Plaj,Yok,"3","1","1","1","2","1","1","5","1","1","1","1","1","1","1","1","1","1","1","1","0","0","1","0","1","1","1","1","1"
158,Theluna Suite Hotel,"20.357,10 TL",https://cdn.tatilsepeti.com/Files/Images/Tesis/10896/1050X700/tsr10896637280920829816330.jpg,,"19000-21000",Antalya - Konyaaltı-Konyaaltı ,"20 km, Antalya ","50 Metreye Kadar",Halk Plajı,Yok,"0","1","0","0","1","0","1","1","0","0","0","1","1","0","1","1","0","0","1","0","0","1","1","0","1","1","0","1","1"
193,Marin Hotel Kemer,"19.635,00 TL",https://cdn.tatilsepeti.com/Files/Images/Tesis/05998/1050X700/tsr05998638461778143455398.jpg,,"19000-21000",Antalya - Kemer-Beldibi ,"45 km, Antalya ","300 - 400 Metre Arası",Özel Plaj,Yok,"0","0","1","1","0","1","0","0","1","0","0","0","1","1","0","0","0","0","1","1","0","0","1","0","0","1","1","1","0"
56,La Salvia Hotel Kaş,"34.160,00 TL",https://cdn.tatilsepeti.com/Files/Images/Tesis/08130/1050X700/tsr08130638229689933262499.jpg,"7,7",+33000,Antalya - Kaş-Çukurbağ Yarımadası ,"157 km, Dalaman HA ","50 - 100 Metre Arası",Özel Plaj,Var,"0","0","1","1","1","0","0","3","0","0","0","1","0","0","0","0","0","0","1","0","0","0","1","0","0","1","1","0","1"
79,Ayayorgi Hotel By T,"46.100,00 TL",https://cdn.tatilsepeti.com/Files/Images/Tesis/08231/1050X700/tsr08231637292990887285953.jpg,"9",+33000,Çeşme - Çeşme Merkez ,"97 km, Adnan Menderes HA ","750 Metre ve Üzeri",Yok,Yok,"1","1","1","1","1","0","1","2","0","0","0","1","0","0","0","0","0","0","1","0","0","0","0","0","0","0","0","0","0"
78,Acropol Of Bodrum Beach Hotel,"20.482,00 TL",https://cdn.tatilsepeti.com/Files/Images/Tesis/10771/1050X700/tsr10771637262725159149155.jpg,"8,7","19000-21000",Bodrum - Ortakent-Yahşi-Ortakent ,"50 km, Milas ",Denize Sıfır,Özel Plaj,Yok,"1","1","1","1","0","0","0","1","0","0","0","0","0","0","0","0","0","0","1","0","0","0","1","0","0","0","0","0","0"
139,Radisson Collection Bodrum,"123.606,00 TL",https://cdn.tatilsepeti.com/Files/Images/Tesis/11568/1050X700/tsr11568638168020117683645.jpg,"9,1",+33000,Bodrum - Akyarlar ,"58 km, Milas HA ","50 - 100 Metre Arası",Özel Plaj,Var,"1","1","2","1","1","1","1","2","0","1","1","1","1","1","1","1","1","0","1","0","1","0","0","0","1","1","0","0","0"
140,Side Sunport Hotel Spa (Ex. Side Sungate),"55.993,00 TL",,"",+33000,"","","","","","0","0","0","0","0","0","0","0","0","0","0","0","0","0","0","0","0","0","0","0","0","0","0","0","0","0","0","0","0"
77,Romance Beach Hotel,"26.348,21 TL",https://cdn.tatilsepeti.com/Files/Images/Tesis/00366/1050X700/tsr00366638512945741659105.jpg,"8,4","25000-27000",Marmaris - Siteler ,"95 km, Dalaman HA ",No Info,Özel Plaj,Yok,"0","1","1","1","1","0","0","1","0","0","0","1","0","1","1","0","1","1","1","0","0","0","0","0","0","1","0","1","0"
241,Wasa Hotel,"22.491,00 TL",https://cdn.tatilsepeti.com/Files/TesisResim/01419/tsr01419636545702598909711.jpg,,"21000-23000",Antalya - Alanya-Damlataş ,"45 km, Gazipaşa(Alanya) HA ","750 Metre ve Üzeri",Halk Plajı,Yok,"1","1","1","1","1","0","0","1","0","0","0","1","0","0","1","0","0","1","1","0","0","0","1","0","0","0","1","1","0"
261,Almena Hotel,"17.546,90 TL",https://cdn.tatilsepeti.com/Files/TesisResim/06208/tsr06208635949370195706204.jpg,"7,2","17000-19000",Marmaris - Merkez ,"96 km, Dalaman HA ","50 Metreye Kadar",Halk Plajı,Yok,"1","1","1","0","1","0","0","1","0","0","0","1","0","1","1","0","0","1","1","0","0","0","1","0","1","1","0","1","0"
194,Mostar Otel Antalya,"12.800,00 TL",https://cdn.tatilsepeti.com/Files/Images/Tesis/06330/1050X700/tsr06330638531131320587314.jpg,,"11000-13000",Antalya - Muratpaşa ,"10 km, Antalya ","500 - 600 Metre Arası",Halk Plajı,Yok,"0","1","0","0","0","0","0","0","0","0","0","1","0","0","0","0","0","0","0","0","0","0","0","0","0","0","0","0","0"
68,Astoria Hotel,"33.345,50 TL",https://cdn.tatilsepeti.com/Files/Images/Tesis/02618/1050X700/tsr02618638427264213912164.jpg,"7,1",+33000,Antalya - Kemer-Merkez ,"55 km, Antalya HA ","200 - 300 Metre Arası",Özel Plaj,Yok,"0","1","1","1","1","1","1","2","0","0","0","0","0","1","1","0","1","0","1","1","0","0","0","0","1","1","1","1","1"
12,Hapimag Resort Sea Garden,"85.050,00 TL",https://cdn.tatilsepeti.com/Files/Images/Tesis/00461/1050X700/tsr00461637423329786262922.jpg,"8,2",+33000,Bodrum - Yalıçiftlik ,"45 km, Milas HA ",Denize Sıfır,Mavi Bayraklı Özel Plaj,Var,"3","1","1","1","2","1","1","4","1","0","1","1","1","1","1","0","1","1","1","1","1","0","1","1","0","1","1","1","1"
48,Vonresort Golden Coast,"77.000,00 TL",https://cdn.tatilsepeti.com/Files/Images/Tesis/00125/1050X700/tsr00125637338656421484540.jpg,"8,6",+33000,Antalya - Side-Çolaklı ,"55 km, Antalya HA ",Denize Sıfır,Özel Plaj,Var,"7","1","1","1","3","1","1","7","1","0","1","1","1","1","1","1","1","1","1","1","0","1","1","1","1","1","1","1","1"
196,Pearly Hotel,"55.339,20 TL",https://cdn.tatilsepeti.com/Files/Images/Tesis/12824/1050X700/tsr12824638083702568735924.jpg,,+33000,Antalya - Konyaaltı ,"20 km, Antalya ","50 Metreye Kadar",Halk Plajı,Yok,"0","0","1","0","0","0","0","0","0","0","0","0","0","1","0","0","0","0","1","0","0","0","0","0","1","1","0","0","0"
195,Myra Hotel,"30.450,00 TL",https://cdn.tatilsepeti.com/Files/Images/Tesis/02149/1050X700/tsr02149638455909652435441.jpg,"6,5","29000-31000",Marmaris - Siteler ,"90 km, Dalaman HA ","200 - 300 Metre Arası",Halk Plajı,Yok,"0","1","1","1","1","0","0","1","0","0","0","1","0","0","0","0","0","0","1","0","0","0","0","0","0","0","0","1","0"
142,Eramax Hotel Kemer,"21.000,00 TL",https://cdn.tatilsepeti.com/Files/Images/Tesis/11643/1050X700/tsr11643637587421841670948.jpg,"7,5","19000-21000",Antalya - Kemer-Merkez ,"50 km, Antalya HA ","750 Metre ve Üzeri",Mavi Bayraklı Halk Plajı,Yok,"0","0","0","1","1","0","0","0","0","0","0","1","0","0","0","0","0","0","1","0","0","0","1","0","0","0","0","1","1"
141,Swissotel Living Bodrum,"176.303,33 TL",https://cdn.tatilsepeti.com/Files/Images/Tesis/13474/1050X700/tsr13474638331524275192841.jpg,,+33000,Bodrum - Gündoğan ,"53 km, Milas ",Denize Sıfır,Mavi Bayraklı Özel Plaj,Var,"2","1","1","2","3","1","1","2","0","0","0","1","0","1","0","0","1","0","1","0","0","0","1","0","1","1","1","0","0"
117,Elegance Hotel Marmaris,"87.550,00 TL",https://cdn.tatilsepeti.com/Files/Images/Tesis/00145/1050X700/tsr00145637840780411888323.jpg,"8,7",+33000,Marmaris - Siteler ,"95 km, Dalaman HA ",Denize Sıfır,Özel Plaj,Var,"2","1","0","1","2","0","1","4","0","1","1","0","1","1","1","0","1","1","0","1","1","1","1","0","1","1","1","1","1"
128,Rixos Downtown Antalya,"97.200,00 TL",https://cdn.tatilsepeti.com/Files/Images/Tesis/00200/1050X700/tsr00200637904610741567474.jpg,"9,1",+33000,Antalya - Antalya Merkez ,"18 km, Antalya HA ","200 - 300 Metre Arası",Özel Plaj,Yok,"3","1","1","1","1","0","1","1","0","0","1","1","1","1","1","0","1","0","1","0","0","0","0","0","1","1","1","1","1"
69,Celeste Bella Luxury Hotel Spa,"46.041,08 TL",https://cdn.tatilsepeti.com/Files/Images/Tesis/12274/1050X700/tsr12274638435927587646873.jpg,,+33000,Bodrum - Ortakent-Yahşi-Ortakent ,"47 km, Milas HA ","300 - 400 Metre Arası",Özel Plaj,Yok,"1","1","1","1","1","0","0","2","0","0","0","1","0","1","1","0","0","0","1","0","0","0","0","0","1","1","1","0","0"
80,Casa Nonna Bodrum,"149.396,94 TL",https://cdn.tatilsepeti.com/Files/Images/Tesis/04363/1050X700/tsr04363637964156373393588.jpg,"9,2",+33000,Bodrum - İçmeler ,"35 km, Milas HA ",Denize Sıfır,Mavi Bayraklı Özel Plaj,Var,"1","1","1","1","1","0","1","2","0","0","0","1","0","1","1","0","1","0","1","0","0","0","1","0","1","1","0","0","0"
143,Ag Hotels Antalya,"21.330,99 TL",https://cdn.tatilsepeti.com/Files/Images/Tesis/11425/1050X700/tsr11425637461543930348851.jpg,"8","21000-23000",Antalya - Antalya Merkez-Muratpaşa ,"6 km, Antalya ","750 Metre ve Üzeri",Halk Plajı,Yok,"1","1","1","1","0","0","1","0","0","0","0","1","0","0","0","0","0","0","1","0","0","0","0","0","0","0","0","0","0"
13,Hotel Terrace Beach Resort,"54.922,00 TL",https://cdn.tatilsepeti.com/Files/Images/Tesis/00901/1050X700/tsr00901637539191036979159.jpg,"8,7",+33000,Antalya - Side-Kumköy ,"60 km, Antalya HA ",Denize Sıfır,Özel Plaj,Yok,"2","1","1","1","1","1","1","3","1","0","1","0","1","1","1","1","1","0","1","1","0","0","1","0","1","1","1","1","0"
82,Ege Tulip Çeşme Deluxe Hotel,"26.836,74 TL",https://cdn.tatilsepeti.com/Files/Images/Tesis/03878/1050X700/tsr03878638427347514398686.jpg,"8,3","25000-27000",Çeşme - Çeşme Merkez ,"80 km, Adnan Menderes HA ","750 Metre ve Üzeri",Yok,Yok,"1","1","1","1","1","0","0","1","0","0","0","0","0","0","0","0","0","0","1","0","0","0","0","0","0","0","0","1","1"
57,Larissa Sultans Beach Hotel,"37.128,00 TL",https://cdn.tatilsepeti.com/Files/Images/Tesis/00330/1050X700/tsr00330638161309207122554.jpg,"8",+33000,Antalya - Kemer-Çamyuva ,"65 km, Antalya HA ","50 - 100 Metre Arası",Özel Plaj,Yok,"1","1","1","1","1","1","1","1","0","0","1","1","1","1","1","1","0","1","1","1","0","0","1","0","0","1","0","1","1"
110,Club Hotel Turan Prince World,"65.520,00 TL",https://cdn.tatilsepeti.com/Files/Images/Tesis/00148/1050X700/tsr00148638376396092821681.jpg,"8,2",+33000,Antalya - Side-Kızılağaç ,"75 km, Antalya HA ",Denize Sıfır,Mavi Bayraklı Özel Plaj,Var,"3","0","1","1","3","1","1","7","1","0","1","0","1","1","1","1","1","1","1","1","1","1","1","1","1","1","1","1","1"
81,Club Hotel Barbarossa Kaş,"48.882,49 TL",https://cdn.tatilsepeti.com/Files/Images/Tesis/01921/1050X700/tsr01921637886634466799194.jpg,"7,9",+33000,Antalya - Kaş-Çukurbağ Yarımadası ,"92 km, Dalaman HA ",Denize Sıfır,Mavi Bayraklı Özel Plaj,Var,"1","1","1","1","2","0","1","3","0","0","0","1","0","0","1","0","0","1","1","0","0","1","1","1","0","1","1","1","0"
49,Altis Resort Hotel Spa,"67.469,60 TL",https://cdn.tatilsepeti.com/Files/Images/Tesis/07296/1050X700/tsr07296637982266022740295.jpg,"8,1",+33000,Antalya - Belek-Taşlıburun ,"31 km, Antalya HA ",Denize Sıfır,Özel Plaj,Var,"0","1","1","1","2","1","1","1","1","0","1","1","1","1","1","1","1","1","0","1","0","1","1","1","1","1","1","1","1"
159,Club Hotel Mirabell Alanya,"24.834,56 TL",https://cdn.tatilsepeti.com/Files/Images/Tesis/01354/1050X700/tsr01354638549926325031337.jpg,"8","23000-25000",Antalya - Alanya-Konaklı ,"120 km, Antalya ","50 - 100 Metre Arası",Özel Plaj,Var,"0","1","1","1","2","0","0","5","1","0","1","1","1","1","1","0","1","0","1","1","0","0","1","0","0","1","1","1","1"
197,Peramis Hotel Spa,"17.500,00 TL",https://cdn.tatilsepeti.com/Files/Images/Tesis/12590/1050X700/tsr12590637989477507704839.jpg,,"17000-19000",Antalya - Lara ,"10 km, Antalya ","500 - 600 Metre Arası",Halk Plajı,Yok,"0","1","0","0","1","0","0","1","0","0","0","1","0","1","0","0","0","0","0","0","0","0","1","0","1","1","0","1","0"
262,Atrium Hotel Bodrum,"22.866,65 TL",https://cdn.tatilsepeti.com/Files/TesisResim/08299/tsr08299636657990315406108.jpg,"7,9","21000-23000",Bodrum - Bodrum Merkez ,"35 km, Milas ","100 - 200 Metre Arası",Halk Plajı,Yok,"1","0","1","1","1","0","0","1","0","0","0","1","0","0","1","0","0","0","1","0","0","0","0","0","0","0","0","1","0"
144,Ambrosia Hotel,"37.800,00 TL",https://cdn.tatilsepeti.com/Files/Images/Tesis/02969/1050X700/tsr02969638497490981386701.jpg,"8,8",+33000,Bodrum - Bitez ,"45 km, Bodrum Milas HA ",Denize Sıfır,Mavi Bayraklı Özel Plaj,Yok,"1","0","1","1","1","0","0","3","0","0","1","1","1","1","1","1","1","1","1","1","0","0","1","0","1","1","1","1","0"
243,Uk Hotel Kiriş,"35.748,93 TL",https://cdn.tatilsepeti.com/Files/Images/Tesis/12004/1050X700/tsr12004638476744057586193.jpg,,+33000,Antalya - Kemer-Kiriş ,"No Info km, No Info","200 - 300 Metre Arası",Halk Plajı,Yok,"0","0","1","0","1","0","0","0","1","0","0","1","0","1","1","0","1","1","1","0","0","0","0","0","1","1","1","1","1"
83,Golden Key Bördübet,"112.000,00 TL",https://cdn.tatilsepeti.com/Files/Images/Tesis/00470/1050X700/tsr00470637838303812094523.jpg,"9,8",+33000,Marmaris - Bördübet ,"125 km, DalamanHA","500 - 600 Metre Arası",Özel Plaj,Var,"2","0","2","0","1","0","0","4","0","0","0","1","0","0","1","0","0","0","1","0","1","0","1","1","0","1","1","0","0"
88,Alaçatı Aura Plus Otel,"40.500,00 TL",https://cdn.tatilsepeti.com/Files/Images/Tesis/10782/1050X700/tsr10782637528853261320650.jpg,"8,5",+33000,Çeşme - Alaçatı ,"85 km, Adnan Menderes ","750 Metre ve Üzeri",Yok,Yok,"0","0","0","0","0","0","0","1","0","0","0","0","0","0","0","0","0","0","1","0","0","0","1","0","0","0","0","0","0"
14,Hotel Turan Prince,"65.016,00 TL",https://cdn.tatilsepeti.com/Files/Images/Tesis/04761/1050X700/tsr04761638376447493351461.jpg,"8",+33000,Antalya - Side ,"55 km, Antalya HA ",Denize Sıfır,Mavi Bayraklı Özel Plaj,Var,"3","1","1","1","3","1","0","11","1","0","1","0","1","1","1","1","1","1","1","1","1","0","1","1","1","1","1","1","1"
15,Juju Premier Palace (Ex. Amara Premier Palace),"88.506,25 TL",,"",+33000,"","","","","","0","0","0","0","0","0","0","0","0","0","0","0","0","0","0","0","0","0","0","0","0","0","0","0","0","0","0","0","0"
58,Mysea Hotels İncekum,"40.950,00 TL",https://cdn.tatilsepeti.com/Files/Images/Tesis/06831/1050X700/tsr06831637902087576966583.jpg,"6,7",+33000,Antalya - Alanya-Türkler ,"100 km, Antalya HA ",Denize Sıfır,Mavi Bayraklı Özel Plaj,Yok,"0","1","1","1","1","1","1","2","1","0","1","1","0","1","1","1","1","1","1","1","0","0","0","0","0","1","1","1","1"
198,Point Beach,"34.815,72 TL",https://cdn.tatilsepeti.com/Files/Images/Tesis/12092/1050X700/tsr12092638246008653240330.jpg,"7",+33000,Marmaris - Merkez ,"95 km, Dalaman HA ",Denize Sıfır,Özel Plaj,Yok,"0","1","1","1","1","1","0","1","0","0","1","0","0","1","1","0","0","0","1","0","0","0","1","0","0","1","0","0","0"
160,Holiday Inn Antalya Lara,"32.045,18 TL",https://cdn.tatilsepeti.com/Files/TesisResim/06705/tsr06705636936123836968764.jpg,"9,2","29000-33000",Antalya - Lara-Örnekköy ,"7 km, Antalya HA ","400 - 500 Metre Arası",Özel Plaj,Yok,"1","1","1","1","1","0","1","1","0","0","0","1","1","1","0","0","1","0","1","0","0","0","1","0","0","1","0","0","0"
85,Provence Mansion Alaçatı,"32.893,00 TL",https://cdn.tatilsepeti.com/Files/Images/Tesis/07718/1050X700/tsr07718637611701938730213.jpg,"9,9","29000-33000",Çeşme - Alaçatı ,"90 km, Adnan Menderes HA ",No Info,Yok,Yok,"0","0","1","1","1","0","0","2","0","0","0","0","0","0","0","0","0","0","1","0","0","0","0","0","0","0","0","0","0"
87,My Adress Alaçatı,"31.150,00 TL",https://cdn.tatilsepeti.com/Files/TesisResim/04084/tsr04084636657187250369100.jpg,"7","29000-33000",Çeşme - Alaçatı ,"85 km, Adnan Menderes HA ","750 Metre ve Üzeri",Halk Plajı,Yok,"0","0","0","0","0","0","0","1","0","0","0","1","0","0","0","0","0","0","1","0","1","0","0","0","0","0","0","0","0"
111,Club Marco Polo,"92.820,00 TL",https://cdn.tatilsepeti.com/Files/Images/Tesis/00040/1050X700/tsr00040637755346218426513.jpg,"7,9",+33000,Antalya - Kemer-Çamyuva ,"65 km, Antalya HA ",Denize Sıfır,Özel Plaj,Var,"3","0","1","1","6","0","1","4","1","0","1","1","1","1","1","1","1","1","1","1","0","0","1","0","1","1","1","1","1"
129,Robinson Club Pamfilya,"38.675,00 TL",https://cdn.tatilsepeti.com/Files/Images/Tesis/01735/1050X700/tsr01735638479273408133121.jpg,"9,1",+33000,Antalya - Side-Titreyengöl ,"70 km, Antalya HA ",Denize Sıfır,Özel Plaj,Var,"1","0","1","1","1","0","1","3","1","0","1","1","1","1","1","1","1","0","1","1","0","0","1","0","1","1","1","1","1"
84,Marmaris Beach Hotel,"37.525,00 TL",https://cdn.tatilsepeti.com/Files/TesisResim/07352/tsr07352637043203447035428.jpg,"7,3",+33000,Marmaris - Merkez ,"100 km, Dalaman ",Denize Sıfır,Özel Plaj,Yok,"1","1","1","1","1","0","0","1","0","0","0","0","0","0","1","0","0","1","1","0","0","1","1","0","1","0","0","1","0"
86,Upperhouse Boutique Hotel,"18.300,00 TL",https://cdn.tatilsepeti.com/Files/TesisResim/04035/tsr04035635955401373145738.jpg,"8,6","17000-19000",Antalya - Kaş ,"225 km, Antalya ","200 - 300 Metre Arası",Özel Plaj,Var,"0","0","1","1","0","0","0","1","0","0","1","1","1","1","0","0","0","0","1","0","0","1","1","0","1","1","0","0","0"
199,La Mira Otel,"34.000,00 TL",https://cdn.tatilsepeti.com/Files/TesisResim/06904/tsr06904636815267747163685.jpg,,+33000,Çeşme - Alaçatı ,"97 km, Adnan Menderes HA ","750 Metre ve Üzeri",Halk Plajı,Yok,"0","0","0","0","0","0","0","0","0","0","0","1","0","0","0","0","0","0","1","0","0","0","1","0","0","0","0","0","0"
91,Otto Palace Boutique Hotel,"28.215,00 TL",https://cdn.tatilsepeti.com/Files/Images/Tesis/12260/1050X700/tsr12260637837989700930998.jpg,,"27000-29000",Antalya - Adrasan ,"No Info km, No Info",No Info,Halk Plajı,Yok,"0","0","1","0","1","0","0","0","0","0","0","0","0","0","0","0","0","0","1","0","0","0","0","0","0","0","0","0","0"
59,Pırıl Hotel Thermal Beauty Spa,"34.020,00 TL",https://cdn.tatilsepeti.com/Files/Images/Tesis/01012/1050X700/tsr01012637908002100524394.jpg,"7,9",+33000,Çeşme - Çeşme Merkez ,"80 km, Adnan Menderes HA ",Uygun Değil,Mavi Bayraklı Özel Plaj,Var,"0","1","1","1","2","1","1","4","0","1","1","1","0","1","1","0","1","0","1","0","0","0","1","0","1","1","1","1","1"
118,Galeri Resort Hotel,"49.151,18 TL",https://cdn.tatilsepeti.com/Files/Images/Tesis/01900/1050X700/tsr01900638066345604480445.jpg,"7,9",+33000,Antalya - Alanya-Okurcalar ,"90 km, Antalya HA ",Denize Sıfır,Özel Plaj,Var,"4","1","1","1","1","1","1","7","1","0","1","1","1","1","1","1","1","0","1","1","0","0","1","0","0","1","1","1","0"
16,Kempinski Hotel Barbaros Bay,"179.499,60 TL",https://cdn.tatilsepeti.com/Files/Images/Tesis/01716/1050X700/tsr01716637336162043652800.jpg,"9,6",+33000,Bodrum - Yalıçiftlik ,"38 km, BodrumHA",Denize Sıfır,Mavi Bayraklı Özel Plaj,Var,"3","1","1","1","1","1","1","2","0","1","1","1","1","1","1","1","1","0","1","0","1","1","1","1","1","1","1","1","1"
200,Ni Hotel Lara,"19.995,03 TL",https://cdn.tatilsepeti.com/Files/Images/Tesis/11579/1050X700/tsr11579637689518624598555.jpg,,"19000-21000",Antalya - Lara ,"15 km, Antalya ","750 Metre ve Üzeri",Yok,Yok,"0","1","1","1","0","0","0","1","0","0","0","1","0","0","0","0","0","0","1","0","0","0","1","0","0","1","0","0","0"
130,Robinson Çamyuva,"94.278,52 TL",https://cdn.tatilsepeti.com/Files/Images/Tesis/01736/1050X700/tsr01736638500711491155046.jpg,"8",+33000,Antalya - Kemer-Çamyuva ,"60 km, Antalya HA ",Denize Sıfır,Özel Plaj,Var,"2","0","3","0","1","0","1","4","0","0","1","1","1","1","0","1","1","0","1","1","0","0","1","0","1","1","1","0","0"
89,Cumbalıca Garden Hotel,"42.218,00 TL",https://cdn.tatilsepeti.com/Files/Images/Tesis/13180/1050X700/tsr13180638259310321008764.jpg,,+33000,Çeşme - Ilıca ,"No Info km, No Info",No Info,Özel Plaj,Yok,"1","0","1","1","0","1","0","1","0","0","0","0","0","0","0","0","0","0","0","0","0","0","0","0","0","0","0","0","0"
90,Mekvin Hotels Deniz Feneri Lighthouse +12 Adults Only,"33.763,60 TL",,"",+33000,"","","","","","0","0","0","0","0","0","0","0","0","0","0","0","0","0","0","0","0","0","0","0","0","0","0","0","0","0","0","0","0"
202,Beetle House Coffee Hotel,"14.000,00 TL",https://cdn.tatilsepeti.com/Files/Images/Tesis/11497/1050X700/tsr11497637510736809385296.jpg,"9,5","13000-15000",Antalya - Konyaaltı ,"21 km, Antalya HA ","750 Metre ve Üzeri",Halk Plajı,Yok,"1","1","1","1","0","0","0","1","0","0","0","1","0","0","0","0","0","0","1","0","0","0","0","0","0","0","0","0","1"
92,The Local House Alaçatı,"43.312,50 TL",https://cdn.tatilsepeti.com/Files/Images/Tesis/13429/1050X700/tsr13429638306551222353210.jpg,,+33000,Çeşme - Alaçatı ,"67 km, Adnan Menderes ",No Info,Yok,Yok,"1","0","1","1","1","0","0","1","0","0","0","1","0","1","0","0","1","0","1","0","0","0","0","0","1","1","0","0","0"
93,Kuum Hotel +14 Adult Only,"33.250,00 TL",,"",+33000,"","","","","","0","0","0","0","0","0","0","0","0","0","0","0","0","0","0","0","0","0","0","0","0","0","0","0","0","0","0","0","0"
201,Sunset Hotel Marmaris,"37.264,65 TL",https://cdn.tatilsepeti.com/Files/Images/Tesis/10904/1050X700/tsr10904637301809157370896.jpg,,+33000,Marmaris - Siteler ,"95 km, Dalaman ","750 Metre ve Üzeri",Yok,Yok,"0","0","1","0","0","0","0","1","0","0","0","0","0","0","0","0","0","0","1","0","0","0","1","0","0","0","0","0","0"
244,A11 Hotel Obaköy,"25.096,89 TL",https://cdn.tatilsepeti.com/Files/Images/Tesis/11762/1050X700/tsr11762638048196909634869.jpg,"7,1","25000-27000",Antalya - Alanya-Obagöl ,"130 km, Antalya HA ","50 - 100 Metre Arası",Özel Plaj,Var,"0","1","0","1","1","0","0","5","1","0","1","1","1","1","1","1","1","0","0","1","0","0","0","0","0","1","1","1","1"
203,Dores Residence,"40.545,88 TL",https://cdn.tatilsepeti.com/Files/Images/Tesis/07693/1050X700/tsr07693637437149471304814.jpg,"9",+33000,Marmaris - Turunç ,"120 km, Dalaman ","100 - 200 Metre Arası",Halk Plajı,Yok,"1","1","1","0","1","0","0","0","0","0","0","1","0","0","0","0","0","0","1","0","0","0","0","0","0","0","0","1","0"
17,Kirman Arycanda De Luxe,"80.850,00 TL",https://cdn.tatilsepeti.com/Files/Images/Tesis/00897/1050X700/tsr00897638487745176731246.jpg,"8,5",+33000,Antalya - Alanya-Okurcalar ,"90 km, Antalya HA ",Denize Sıfır,Mavi Bayraklı Özel Plaj,Yok,"4","1","1","1","2","1","1","5","1","0","1","1","0","1","1","1","1","0","1","1","0","0","1","0","1","1","1","1","1"
161,Stella Hotel Kemer,"29.677,49 TL",https://cdn.tatilsepeti.com/Files/Images/Tesis/07828/1050X700/tsr07828638400667494864843.jpg,"7","29000-31000",Antalya - Kemer-Çamyuva ,"63 km, Antalya HA ","100 - 200 Metre Arası",Özel Plaj,Yok,"0","0","0","1","1","0","0","1","1","0","1","0","0","1","1","0","1","1","1","1","0","0","0","0","1","1","1","1","1"
119,Green Nature Resort Spa,"60.928,00 TL",https://cdn.tatilsepeti.com/Files/Images/Tesis/01844/1050X700/tsr01844637439839027532214.jpg,"7,7",+33000,Marmaris - Siteler ,"90 km, Dalaman HA ","400 - 500 Metre Arası",Mavi Bayraklı Halk Plajı,Yok,"1","1","1","1","3","1","1","5","1","0","1","0","1","1","1","0","1","1","1","1","0","0","1","1","1","1","1","1","1"
131,Royal Seginus Hotel,"74.980,50 TL",https://cdn.tatilsepeti.com/Files/Images/Tesis/06757/1050X700/tsr06757637874458920111184.jpg,"8,9",+33000,Antalya - Lara-Kundu ,"15 km, Antalya HA ","200 - 300 Metre Arası",Mavi Bayraklı Özel Plaj,Var,"9","1","1","1","6","1","0","9","1","0","1","0","1","1","1","1","1","1","1","0","0","0","1","0","1","1","1","1","1"
95,Sun Pearl Resort Çeşme,"39.504,00 TL",https://cdn.tatilsepeti.com/Files/Images/Tesis/13350/1050X700/tsr13350638372122557577698.jpg,,+33000,Çeşme - Çeşme Merkez ,"95 km, Adnan Menderes HA ",Denize Sıfır,Özel Plaj,Var,"1","0","1","1","1","0","0","1","0","0","0","1","0","0","0","0","0","0","1","0","0","0","0","0","0","0","0","1","0"
245,Akra V,"33.851,16 TL",https://cdn.tatilsepeti.com/Files/Images/Tesis/04413/1050X700/tsr04413638560522919064368.jpg,"8,6",+33000,Antalya - Lara ,"15 km, Antalya HA ","300 - 400 Metre Arası",Yok,Yok,"1","1","1","1","1","1","0","1","0","1","1","1","1","0","1","0","0","0","1","0","0","0","1","0","1","0","0","1","1"
205,Golden World Suite Hotel,"25.930,80 TL",https://cdn.tatilsepeti.com/Files/Images/Tesis/10893/1050X700/tsr10893637235919566051000.jpg,,"25000-27000",Antalya - Konyaaltı ,"26 km, Antalya ","750 Metre ve Üzeri",Halk Plajı,Yok,"0","1","0","0","1","0","1","1","0","0","0","1","0","0","0","0","0","0","1","0","0","0","1","0","0","0","0","1","1"
94,Hotel Berke Ranch Nature,"29.750,00 TL",https://cdn.tatilsepeti.com/Files/Images/Tesis/03195/1050X700/tsr03195637820927508501095.jpg,"8,6","29000-31000",Antalya - Kemer-Çamyuva ,"63 km, Antalya HA ","750 Metre ve Üzeri",Özel Plaj,Yok,"1","0","1","1","1","0","0","2","0","0","0","1","1","1","1","1","0","1","1","0","0","0","1","0","1","1","1","0","1"
204,Flamingo Residence,"39.404,33 TL",https://cdn.tatilsepeti.com/Files/Images/Tesis/06241/1050X700/tsr06241637802623106441462.jpg,,+33000,Antalya - Konyaaltı ,"27 km, Antalya ","750 Metre ve Üzeri",Halk Plajı,Yok,"0","1","0","0","1","0","0","0","0","0","0","1","0","0","0","0","0","0","1","0","0","0","1","0","0","0","0","1","1"
162,The Corner Park Hotel,"18.534,88 TL",https://cdn.tatilsepeti.com/Files/Images/Tesis/03194/1050X700/tsr03194638046210869069412.jpg,"7,5","17000-19000",Antalya - Konyaaltı ,"19 km, Antalya HA ",Denize Sıfır (Aradan Yol Geçiyor),Yok,Yok,"1","1","1","1","1","0","0","0","0","0","0","1","0","0","0","0","0","0","1","0","0","0","1","0","0","0","0","1","1"
146,Balmy Beach Resort Kemer,"21.192,08 TL",https://cdn.tatilsepeti.com/Files/Images/Tesis/12954/1050X700/tsr12954638224172637152365.jpg,"9,5","21000-23000",Antalya - Kemer ,"40 km, Antalya HA ",Denize Sıfır,Özel Plaj,Yok,"1","0","1","0","1","0","0","3","0","0","0","0","0","1","1","0","1","0","1","0","0","0","0","0","0","1","0","0","0"
18,Kirman Sidemarin Beach Spa,"77.175,00 TL",https://cdn.tatilsepeti.com/Files/Images/Tesis/08061/1050X700/tsr08061638489420402270650.jpg,"8,8",+33000,Antalya - Side ,"60 km, Antalya HA ",Denize Sıfır,Mavi Bayraklı Özel Plaj,Var,"4","1","1","1","1","1","0","8","1","0","1","0","0","1","1","1","1","1","0","1","0","0","1","0","1","1","1","1","1"
163,Ramitos Hotel Turunç,"45.500,86 TL",https://cdn.tatilsepeti.com/Files/Images/Tesis/13316/1050X700/tsr13316638255500036377478.jpg,,+33000,Marmaris - Turunç ,"120 km, Dalaman HA ","750 Metre ve Üzeri",Özel Plaj,Yok,"1","1","1","1","1","0","0","2","0","0","0","1","1","1","0","0","0","0","1","0","0","0","0","0","1","1","0","1","0"
145,Aqı Hydros Club,"48.965,85 TL",https://cdn.tatilsepeti.com/Files/Images/Tesis/01572/1050X700/tsr01572638359272731136001.jpg,"8,9",+33000,Antalya - Kemer-Merkez ,"65 km, Antalya HA ",Denize Sıfır,Mavi Bayraklı Özel Plaj,Var,"3","1","0","1","2","1","0","2","1","0","1","1","1","1","1","1","1","1","1","1","1","1","1","1","1","1","1","1","0"
263,Britannia Hotel,"13.300,00 TL",https://cdn.tatilsepeti.com/Files/Images/Tesis/02996/1050X700/tsr02996637176327050666902.jpg,,"13000-15000",Antalya - Kemer-Merkez ,"55 km, Antalya HA ","100 - 200 Metre Arası",Halk Plajı,Yok,"0","0","1","1","1","0","0","1","0","0","0","1","0","0","1","0","0","1","1","1","0","0","1","0","0","0","1","1","1"
206,İrem Garden Hotel,"31.625,91 TL",https://cdn.tatilsepeti.com/Files/TesisResim/07774/tsr07774637044886415914054.jpg,"7,3","29000-33000",Antalya - Side ,"65 km, Antalya HA ","600 - 750 Metre Arası",Özel Plaj,Yok,"1","0","1","1","1","0","0","2","1","0","1","1","1","1","1","1","0","0","1","0","0","1","1","0","1","1","1","1","1"
246,Blue Diamond Alya Hotel,"44.176,44 TL",https://cdn.tatilsepeti.com/Files/Images/Tesis/05080/1050X700/tsr05080638149117499338306.jpg,"8,8",+33000,Antalya - Alanya ,"125 km, Antalya HA ",Denize Sıfır (Aradan Yol Geçiyor),Özel Plaj,Yok,"0","1","1","1","2","0","1","2","1","0","0","0","1","1","1","1","1","1","1","1","0","0","0","0","0","1","1","1","0"
264,Cihantürk Hotel,"19.530,00 TL",https://cdn.tatilsepeti.com/Files/Images/Tesis/03335/1050X700/tsr03335637120113935325750.jpg,"8,2","19000-21000",Marmaris - Siteler ,"90 km, Dalaman HA ","50 Metreye Kadar",Halk Plajı,Var,"0","1","1","0","1","0","0","1","0","0","0","0","0","0","0","0","0","0","1","0","0","0","0","0","0","0","0","1","0"
164,Rammos Managed By Dedeman,"58.476,60 TL",https://cdn.tatilsepeti.com/Files/Images/Tesis/12314/1050X700/tsr12314638100649450862258.jpg,,+33000,Bodrum - Turgutreis ,"53 km, Milas HA ",Denize Sıfır,Mavi Bayraklı Özel Plaj,Yok,"2","1","1","0","1","0","1","1","0","0","0","1","0","0","0","0","1","1","1","0","0","0","0","0","1","0","0","0","0"
207,Arya Apart,"15.103,27 TL",https://cdn.tatilsepeti.com/Files/Images/Tesis/13020/1050X700/tsr13020638385006499349568.jpg,,"15000-17000",Antalya - Lara ,"10 km, Antalya ","600 - 750 Metre Arası",Özel Plaj,Yok,"0","0","0","0","0","0","0","0","0","0","0","1","1","0","0","0","0","0","0","0","0","0","0","0","0","0","0","0","0"
147,Bilem Hotel Beach Spa,"55.177,32 TL",https://cdn.tatilsepeti.com/Files/TesisResim/02196/tsr02196637054467859405862.jpg,"8,6",+33000,Antalya - Lara ,"16 km, Antalya HA ",Denize Sıfır,Mavi Bayraklı Özel Plaj,Yok,"0","1","1","1","1","1","1","4","0","0","1","1","0","1","1","0","1","0","1","0","0","0","1","0","1","1","0","1","0"
165,Saint Star Kemer (Adult Only),"63.360,00 TL",,"",+33000,"","","","","","0","0","0","0","0","0","0","0","0","0","0","0","0","0","0","0","0","0","0","0","0","0","0","0","0","0","0","0","0"
19,Kirman Sidera Luxury Spa,"73.500,00 TL",https://cdn.tatilsepeti.com/Files/Images/Tesis/00377/1050X700/tsr00377638479265824794893.jpg,"8,8",+33000,Antalya - Alanya-Okurcalar ,"90 km, Antalya HA ",Denize Sıfır,Mavi Bayraklı Özel Plaj,Var,"5","1","1","1","2","1","1","5","1","0","1","1","0","1","1","1","1","1","0","1","0","0","1","0","1","1","1","1","1"
120,Hotel Samara,"128.845,82 TL",https://cdn.tatilsepeti.com/Files/Images/Tesis/00059/1050X700/tsr00059638409947743617394.jpg,"9,2",+33000,Bodrum - Torba ,"27 km, Milas HA ",Denize Sıfır,Mavi Bayraklı Özel Plaj,Var,"1","0","1","1","1","1","1","5","1","1","1","1","1","1","1","1","1","1","1","1","1","1","1","1","0","1","1","1","1"
212,Heredot`s House,"13.930,09 TL",https://cdn.tatilsepeti.com/Files/TesisResim/10224/tsr10224637038483772333385.jpg,,"13000-15000",Antalya - Finike ,"115 km, Antalya ","750 Metre ve Üzeri",Yok,Yok,"0","0","1","0","2","0","0","1","0","0","0","1","0","0","0","0","0","0","1","0","0","0","1","0","0","0","0","0","0"
209,Berraksu Hotel,"29.467,90 TL",https://cdn.tatilsepeti.com/Files/TesisResim/08728/tsr08728636848870171801120.jpg,"8,2","29000-31000",Antalya - Antalya Merkez ,"No Info km, No Info",No Info,Yok,Yok,"0","1","0","0","0","0","0","0","0","0","0","1","0","0","0","0","0","0","1","0","0","0","0","0","0","0","0","0","0"
211,Harnup Apart,"28.941,03 TL",https://cdn.tatilsepeti.com/Files/Images/Tesis/14094/1050X700/tsr14094638520802576728475.jpg,,"27000-29000",Antalya - Kaş ,"150 km, Dalaman ","50 - 100 Metre Arası",Yok,Yok,"0","0","0","0","0","0","0","0","0","0","0","1","0","0","0","0","0","0","0","0","0","0","0","0","0","0","0","0","0"
213,Deruni Ilıca Otel,"34.900,00 TL",https://cdn.tatilsepeti.com/Files/Images/Tesis/11103/1050X700/tsr11103637293935084219354.jpg,,+33000,Çeşme - Alaçatı ,"80 km, Adnan Menderes ","600 - 750 Metre Arası",Yok,Yok,"1","0","0","0","0","0","0","0","0","0","0","1","0","0","0","0","0","0","1","0","0","0","0","0","0","0","0","1","0"
208,Bella Rose Apart Hotel,"15.666,63 TL",https://cdn.tatilsepeti.com/Files/Images/Tesis/13602/1050X700/tsr13602638372959084455137.jpg,,"15000-17000",Antalya - Alanya ,"35 km, Antalya ","400 - 500 Metre Arası",Mavi Bayraklı Halk Plajı,Yok,"0","1","0","1","1","0","0","1","0","0","0","1","0","0","0","0","0","0","1","0","0","0","0","0","0","0","1","1","0"
148,Blue Fish Hotel,"26.335,07 TL",https://cdn.tatilsepeti.com/Files/Images/Tesis/00805/1050X700/tsr00805638324710051306591.jpg,"7,5","25000-27000",Antalya - Alanya-Konaklı ,"118 km, Antalya HA ","50 - 100 Metre Arası",Özel Plaj,Var,"0","1","1","1","1","0","0","4","1","0","0","0","1","0","1","0","1","0","0","1","0","0","0","0","0","1","1","1","1"
210,Bodrum Residence Hotel Turgutreis,"69.300,00 TL",https://cdn.tatilsepeti.com/Files/Images/Tesis/14051/1050X700/tsr14051638521444212738877.jpg,,+33000,Bodrum - Turgutreis ,"45 km, Milas ",Denize Sıfır,Yok,Yok,"0","0","0","0","0","0","0","0","0","0","0","0","0","0","0","0","0","0","0","0","0","0","0","0","0","0","0","0","0"
166,Seagull Hotel,"35.910,00 TL",https://cdn.tatilsepeti.com/Files/Images/Tesis/06976/1050X700/tsr06976637535775598395208.jpg,,+33000,Antalya - Kemer ,"40 km, Antalya HA ",Denize Sıfır,Mavi Bayraklı Özel Plaj,Var,"1","0","1","1","2","1","0","1","0","0","0","0","0","1","0","0","1","0","1","1","0","0","0","0","1","1","1","1","1"
20,La Blanche Island Bodrum,"117.600,00 TL",https://cdn.tatilsepeti.com/Files/Images/Tesis/04334/1050X700/tsr04334638502440832270082.jpg,"8,1",+33000,Bodrum - Güvercinlik ,"15 km, Milas HA ",Denize Sıfır,Mavi Bayraklı Özel Plaj,Var,"5","1","1","1","3","1","1","15","1","0","1","1","1","1","1","1","1","1","1","1","0","0","0","0","1","1","1","1","1"
149,Charm Beach Hotel,"45.668,70 TL",https://cdn.tatilsepeti.com/Files/Images/Tesis/05313/1050X700/tsr05313637907181766550673.jpg,"7,9",+33000,Bodrum - Turgutreis-Akyarlar ,"58 km, Milas HA ",Denize Sıfır,Mavi Bayraklı Özel Plaj,Yok,"2","1","1","1","1","0","1","3","1","0","1","1","1","1","1","1","1","0","1","1","0","0","0","0","0","1","1","1","0"
214,Devran Pansiyon,"13.387,50 TL",https://cdn.tatilsepeti.com/Files/Images/Tesis/14032/1050X700/tsr14032638521429947677134.jpg,,"13000-15000",Bodrum - Bodrum Merkez ,"31 km, Milas ","200 - 300 Metre Arası",Yok,Yok,"0","0","0","0","0","0","0","0","0","0","0","0","0","0","0","0","0","0","0","0","0","0","0","0","0","0","0","0","0"
217,Hotel 212,"36.995,00 TL",https://cdn.tatilsepeti.com/Files/Images/Tesis/09638/1050X700/tsr09638637276652781232419.jpg,"8,4",+33000,Antalya - Olimpos ,"95 km, Antalya ","750 Metre ve Üzeri",Halk Plajı,Yok,"1","0","1","1","1","0","0","1","0","0","0","1","0","0","0","0","0","0","1","0","0","0","0","0","0","0","0","0","0"
247,Caprice Beach Hotel,"24.416,12 TL",https://cdn.tatilsepeti.com/Files/Images/Tesis/06498/1050X700/tsr06498638149103811300622.jpg,"6,7","23000-25000",Marmaris - Merkez ,"110 km, Dalaman HA ",Denize Sıfır,Özel Plaj,Yok,"1","0","1","1","1","0","0","0","1","0","1","0","1","1","1","0","1","1","1","1","0","0","0","0","1","1","1","1","0"
167,Sırma Hotel Side,"47.231,10 TL",https://cdn.tatilsepeti.com/Files/Images/Tesis/13066/1050X700/tsr13066638483391545942566.jpg,,+33000,Antalya - Side-Manavgat ,"54 km, Antalya HA ",No Info,Halk Plajı,Yok,"0","0","1","1","1","1","0","1","0","0","0","0","0","0","0","0","1","0","1","0","0","0","0","0","1","0","0","0","0"
168,Side Golden Rock Hotel Spa +16,"35.402,50 TL",,"",+33000,"","","","","","0","0","0","0","0","0","0","0","0","0","0","0","0","0","0","0","0","0","0","0","0","0","0","0","0","0","0","0","0"
216,Halikarnas Pansiyon,"18.270,00 TL",https://cdn.tatilsepeti.com/Files/TesisResim/09162/tsr09162636962969943152325.jpeg,"8,4","17000-19000",Bodrum - Bodrum Merkez ,"35 km, Milas ","100 - 200 Metre Arası",Halk Plajı,Yok,"0","0","1","0","0","0","0","0","0","0","1","1","1","0","0","0","0","0","1","0","0","0","0","0","0","0","0","0","1"
121,Narcia Resort,"57.682,80 TL",https://cdn.tatilsepeti.com/Files/Images/Tesis/02771/1050X700/tsr02771637254186903633105.jpg,"8,4",+33000,Antalya - Side-Kumköy ,"55 km, Antalya HA ","300 - 400 Metre Arası",Yok,Yok,"2","1","1","1","0","1","1","4","1","0","1","1","1","1","1","0","0","0","1","0","0","0","0","0","0","1","1","1","1"
218,Hotel Gold Stone,"14.700,00 TL",https://cdn.tatilsepeti.com/Files/Images/Tesis/12994/1050X700/tsr12994638185643711049531.jpg,"7","13000-15000",Antalya - Kemer-Beldibi ,"No Info km, No Info",No Info,Mavi Bayraklı Halk Plajı,Yok,"0","0","1","0","1","0","0","0","1","0","0","1","0","0","0","0","0","0","1","0","0","0","1","0","0","0","0","1","0"
215,Finike Sever Otel,"7.000,00 TL",https://cdn.tatilsepeti.com/Files/Images/Tesis/10046/1050X700/tsr10046637582376144678812.jpg,,"5000-7000",Antalya - Finike ,"110 km, Antalya ","100 - 200 Metre Arası",Halk Plajı,Yok,"0","0","0","0","0","0","0","0","0","0","0","1","0","0","0","0","0","0","1","0","0","0","1","0","0","0","0","0","0"
169,Side Palm Dor Hotel,"23.275,00 TL",https://cdn.tatilsepeti.com/Files/Images/Tesis/03342/1050X700/tsr03342638144810017443167.jpg,"8,1","23000-25000",Antalya - Side-Side ,"70 km, Antalya HA ","400 - 500 Metre Arası",Halk Plajı,Yok,"0","1","0","1","1","0","0","2","1","0","0","1","1","0","1","0","0","0","1","0","0","1","1","0","0","0","0","1","1"
219,Kahveci Alibey Hotel Luxury Concept,"27.452,81 TL",https://cdn.tatilsepeti.com/Files/TesisResim/06018/tsr06018637036392370103825.jpg,"7,8","27000-29000",Marmaris - Siteler ,"95 km, Dalaman ",Denize Sıfır,Özel Plaj,Yok,"1","1","1","1","0","0","0","1","1","0","0","1","0","0","0","0","0","0","1","0","0","0","0","0","0","0","0","0","0"
122,Nirvana Cosmopolitan Hotel,"120.240,15 TL",https://cdn.tatilsepeti.com/Files/Images/Tesis/10550/1050X700/tsr10550638524069084427402.jpg,"8,9",+33000,Antalya - Lara-Kundu ,"12 km, Antalya HA ",Denize Sıfır,Mavi Bayraklı Özel Plaj,Var,"5","0","1","1","1","1","1","1","0","0","1","1","1","1","1","1","1","1","1","1","0","0","1","0","1","1","1","1","1"
21,Lrs Lake River Side Hotel Spa,"53.166,40 TL",https://cdn.tatilsepeti.com/Files/Images/Tesis/05922/1050X700/tsr05922638141838814462307.jpg,"8,1",+33000,Antalya - Side-Titreyengöl ,"65 km, Antalya HA ","750 Metre ve Üzeri",Özel Plaj,Yok,"3","1","1","1","1","1","1","2","1","0","1","1","1","1","1","1","1","1","1","1","0","1","1","0","1","1","1","1","1"
248,Cocos The Club Solto,"90.440,00 TL",https://cdn.tatilsepeti.com/Files/Images/Tesis/11477/1050X700/tsr11477637715344921765275.jpg,,+33000,Çeşme - Alaçatı ,"90 km, Adnan Menderes HA ",Denize Sıfır,Mavi Bayraklı Plaj,Var,"1","1","1","1","1","1","1","2","0","0","0","1","0","1","1","0","1","0","1","0","0","0","0","0","1","1","0","0","0"
249,Cooks Club Alanya +12 Adult Only,"36.660,49 TL",,"",+33000,"","","","","","0","0","0","0","0","0","0","0","0","0","0","0","0","0","0","0","0","0","0","0","0","0","0","0","0","0","0","0","0"
170,Sirene Luxury Bodrum,"148.898,75 TL",https://cdn.tatilsepeti.com/Files/Images/Tesis/06053/1050X700/tsr06053638447238825515706.jpg,"7,8",+33000,Bodrum - Yalıkavak ,"50 km, Milas HA ",Denize Sıfır,Mavi Bayraklı Özel Plaj,Var,"1","1","1","1","2","1","0","2","0","1","1","0","0","1","0","0","1","0","1","0","0","0","0","0","1","1","0","0","0"
265,Ekici Hotel,"25.074,00 TL",https://cdn.tatilsepeti.com/Files/Images/Tesis/00619/1050X700/tsr00619638513920349911723.jpg,"8,9","25000-27000",Antalya - Kaş ,"160 km, Dalaman HA ","100 - 200 Metre Arası",Yok,Yok,"0","1","1","1","1","0","0","2","0","0","0","1","0","0","1","0","0","0","1","0","0","0","0","0","0","0","1","1","1"
172,Soliport Hotel Spa Alaçatı,"64.600,00 TL",https://cdn.tatilsepeti.com/Files/Images/Tesis/12259/1050X700/tsr12259638194021664141940.jpg,,+33000,Çeşme - Alaçatı ,"88 km, Adnan Menderes HA ","200 - 300 Metre Arası",Halk Plajı,Yok,"0","0","1","0","1","0","0","1","0","0","0","1","0","0","0","0","1","0","1","0","0","0","0","0","1","0","0","0","0"
22,Lrs Port River Hotel Spa,"58.828,00 TL",https://cdn.tatilsepeti.com/Files/Images/Tesis/05927/1050X700/tsr05927638064563653648627.jpg,"7,6",+33000,Antalya - Side-Titreyengöl ,"65 km, Antalya HA ","200 - 300 Metre Arası",Yok,Yok,"2","1","1","1","1","1","1","4","1","0","1","1","1","1","1","1","1","1","1","1","0","1","1","0","1","1","1","1","1"
123,Pirate`s Beach Club,"49.375,06 TL",https://cdn.tatilsepeti.com/Files/Images/Tesis/00066/1050X700/tsr00066637306167854773097.jpg,"8,7",+33000,Antalya - Kemer-Tekirova ,"70 km, Antalya HA ","200 - 300 Metre Arası",Özel Plaj,Var,"3","0","1","1","4","0","1","6","1","0","1","1","1","1","1","1","1","0","1","1","1","0","1","1","1","1","1","1","1"
267,Golden Orange Hotel,"44.215,57 TL",https://cdn.tatilsepeti.com/Files/TesisResim/08442/tsr08442636723528828279321.jpg,"9,6",+33000,Antalya - Konyaaltı ,"16 km, Antalya HA ","300 - 400 Metre Arası",Halk Plajı,Yok,"0","0","0","1","1","0","0","0","0","0","0","1","0","0","0","0","0","0","1","0","0","0","0","0","0","0","0","1","0"
250,Costa Farilya Special Class Hotel Bodrum,"86.100,00 TL",https://cdn.tatilsepeti.com/Files/Images/Tesis/05843/1050X700/tsr05843638466254145599538.jpg,"8,7",+33000,Bodrum - Gündoğan ,"48 km, Bodrum Milas HA ",Denize Sıfır,Mavi Bayraklı Özel Plaj,Var,"1","0","1","1","1","0","0","1","0","0","0","1","0","1","0","0","1","0","1","0","0","0","1","0","1","1","1","1","0"
266,Elista Boutique Hotel Spa,"90.241,20 TL",https://cdn.tatilsepeti.com/Files/Images/Tesis/07867/1050X700/tsr07867638258135726680247.jpg,"9",+33000,Bodrum - Türkbükü ,"35 km, Milas HA ",Denize Sıfır,Mavi Bayraklı Özel Plaj,Var,"1","0","1","1","1","0","1","1","0","0","0","1","0","1","0","0","0","0","1","0","0","0","0","0","1","1","1","0","0"
171,Sofa Kaleiçi,"31.311,46 TL",https://cdn.tatilsepeti.com/Files/Images/Tesis/13077/1050X700/tsr13077638197508453875047.jpg,,"29000-33000",Antalya - Muratpaşa ,"9 km, Antalya HA ","750 Metre ve Üzeri",Yok,Yok,"0","0","0","1","0","0","0","1","0","0","0","0","0","0","0","0","0","0","0","0","0","0","0","0","0","0","0","0","0"
221,Kaş Marin Hotel,"24.184,76 TL",https://cdn.tatilsepeti.com/Files/Images/Tesis/03418/1050X700/tsr03418637352494442778769.jpg,"7,3","23000-25000",Antalya - Kaş ,"160 km, Dalaman ",Denize Sıfır (Aradan Yol Geçiyor),Özel Plaj,Var,"1","0","1","0","1","0","0","1","0","0","0","1","0","0","0","0","0","0","0","0","0","0","0","1","0","0","0","1","0"
173,The Hello Hotel,"36.993,60 TL",https://cdn.tatilsepeti.com/Files/Images/Tesis/13934/1050X700/tsr13934638501565029247577.jpg,,+33000,Bodrum - Gümbet ,"35 km, Milas HA ","100 - 200 Metre Arası",Halk Plajı,Yok,"0","0","1","1","1","0","0","1","0","0","0","0","1","0","1","0","0","0","1","0","0","0","1","0","0","1","0","0","0"
223,Kosa Otel Antalya,"40.114,82 TL",https://cdn.tatilsepeti.com/Files/Images/Tesis/07758/1050X700/tsr07758637139446493002415.jpg,"9",+33000,Antalya - Kaleiçi-Antalya Merkez ,"17 km, Antalya HA ","300 - 400 Metre Arası",Halk Plajı,Yok,"0","0","1","1","1","0","0","1","0","0","0","1","0","0","0","0","0","0","1","0","0","0","0","0","0","0","0","0","0"
220,Karyatit Hotel,"14.861,64 TL",https://cdn.tatilsepeti.com/Files/TesisResim/08918/tsr08918636874879159968502.jpg,,"13000-15000",Antalya - Kaleiçi ,"12 km, Antalya ","200 - 300 Metre Arası",Halk Plajı,Yok,"1","0","1","1","1","0","0","1","0","0","0","1","0","0","0","0","0","0","1","0","0","0","1","0","0","0","1","1","0"
222,Khai Hotel Bodrum,"84.210,94 TL",https://cdn.tatilsepeti.com/Files/Images/Tesis/11700/1050X700/tsr11700637610786942551712.jpg,,+33000,Bodrum - Ortakent-Yahşi ,"45 km, Milas ",Denize Sıfır,Özel Plaj,Yok,"1","0","1","1","1","0","1","1","0","0","0","1","0","0","1","0","0","0","1","0","0","0","1","0","0","0","0","0","0"
225,La Local Beach Hotel Yalıkavak,"24.517,51 TL",https://cdn.tatilsepeti.com/Files/Images/Tesis/07730/1050X700/tsr07730638480401320156219.jpg,"10","23000-25000",Bodrum - Yalıkavak ,"60 km, Milas ",Denize Sıfır,Özel Plaj,Var,"1","0","1","1","1","0","0","0","0","0","0","1","0","0","0","0","0","0","1","0","0","0","0","0","0","0","0","0","0"
23,Lykia World Antalya,"62.475,00 TL",https://cdn.tatilsepeti.com/Files/Images/Tesis/01723/1050X700/tsr01723638108640178237383.jpg,"7,8",+33000,Antalya - Belek-Boğazkent ,"50 km, Antalya HA ",Denize Sıfır,Özel Plaj,Var,"5","1","1","1","6","2","1","5","1","0","1","1","1","1","1","0","1","1","1","1","0","0","0","1","1","0","1","1","1"
227,Lara Park Hotel,"34.000,00 TL",https://cdn.tatilsepeti.com/Files/Images/Tesis/08796/1050X700/tsr08796638427232576155406.jpg,"7,2",+33000,Antalya - Lara-Örnekköy ,"10 km, Antalya ","200 - 300 Metre Arası",Özel Plaj,Yok,"0","1","0","0","1","0","0","1","0","0","0","0","0","0","0","0","0","0","1","0","0","0","0","0","0","0","0","0","0"
224,Kupina Alaçatı,"41.300,00 TL",https://cdn.tatilsepeti.com/Files/TesisResim/09474/tsr09474636904951398632814.jpg,,+33000,Çeşme - Alaçatı ,"85 km, Adnan Menderes HA ","750 Metre ve Üzeri",Halk Plajı,Yok,"0","0","0","1","1","0","0","0","0","0","0","1","0","0","0","0","0","0","1","0","0","0","0","0","0","0","0","0","0"
174,The Rest Port Argento,"31.816,02 TL",https://cdn.tatilsepeti.com/Files/Images/Tesis/13923/1050X700/tsr13923638479613562594645.jpg,,"29000-33000",Bodrum - Gümüşlük ,"57 km, Milas ","750 Metre ve Üzeri",Yok,Yok,"1","0","1","1","0","0","1","1","0","0","0","1","0","0","0","0","0","0","1","0","0","0","1","0","0","0","0","0","0"
226,La Siete Hotel,"57.750,00 TL",https://cdn.tatilsepeti.com/Files/Images/Tesis/09988/1050X700/tsr09988637341270421259425.jpg,,+33000,Antalya - Lara ,"14 km, Antalya ",Denize Sıfır (Aradan Yol Geçiyor),Özel Plaj,Yok,"1","0","1","1","1","0","0","1","0","0","0","1","0","0","0","0","0","0","1","0","0","0","1","0","0","0","0","0","0"
228,Laren Family Hotel Spa,"48.000,00 TL",https://cdn.tatilsepeti.com/Files/Images/Tesis/08218/1050X700/tsr08218638486285612545405.jpg,,+33000,Antalya - Lara ,"6 km, Antalya HA ","750 Metre ve Üzeri",Halk Plajı,Yok,"0","0","0","0","0","0","0","0","0","0","1","0","0","1","0","0","1","1","0","0","0","0","0","0","1","1","1","0","1"
175,Villa Side Hotel,"26.131,70 TL",https://cdn.tatilsepeti.com/Files/Images/Tesis/04396/1050X700/tsr04396638399649500192692.jpg,"9,1","25000-27000",Antalya - Side ,"60 km, Antalya HA ","100 - 200 Metre Arası",Halk Plajı,Yok,"0","1","1","1","1","1","1","0","1","0","1","1","1","1","0","0","1","0","1","0","0","0","1","0","1","1","1","1","1"
176,Ambassador Plaza Hotel	,"30.537,62 TL",,"","29000-31000","","","","","","0","0","0","0","0","0","0","0","0","0","0","0","0","0","0","0","0","0","0","0","0","0","0","0","0","0","0","0","0"
252,Grand Hotel Derin,"21.681,00 TL",https://cdn.tatilsepeti.com/Files/Images/Tesis/14200/1050X700/tsr14200638548475728761032.jpg,,"21000-23000",Antalya - Kemer ,"45 km, Antalya ","300 - 400 Metre Arası",Özel Plaj,Yok,"0","0","1","0","1","0","0","0","1","0","0","1","0","0","0","0","0","0","0","0","0","0","0","0","1","1","0","1","1"
24,Martı Myra,"76.160,00 TL",https://cdn.tatilsepeti.com/Files/Images/Tesis/00038/1050X700/tsr00038638476749961181784.jpg,"8,9",+33000,Antalya - Kemer-Tekirova ,"70 km, Antalya HA ",Denize Sıfır,Mavi Bayraklı Özel Plaj,Var,"5","1","1","1","7","1","1","6","1","0","1","1","1","1","1","1","1","1","1","1","0","1","1","1","1","1","1","1","1"
253,Grand Nar Hotel Adult Only +16,"18.375,00 TL",,"","17000-19000","","","","","","0","0","0","0","0","0","0","0","0","0","0","0","0","0","0","0","0","0","0","0","0","0","0","0","0","0","0","0","0"
251,Fun And Sun Club Saphire,"58.968,00 TL",https://cdn.tatilsepeti.com/Files/Images/Tesis/07791/1050X700/tsr07791638333289370901319.jpg,"7,4",+33000,Antalya - Kemer-Tekirova ,"73 km, Antalya HA ",Denize Sıfır,Özel Plaj,Yok,"3","0","1","1","1","1","0","5","1","0","1","1","0","1","1","1","1","0","1","1","0","0","1","0","0","1","1","1","0"
230,Lemon Garden,"37.367,20 TL",https://cdn.tatilsepeti.com/Files/Images/Tesis/03136/1050X700/tsr03136637538341120253920.jpg,"9",+33000,Bodrum - Türkbükü ,"45 km, Milas HA ","100 - 200 Metre Arası",Halk Plajı,Yok,"0","0","1","1","1","0","0","1","0","0","0","1","0","0","0","0","0","0","1","0","0","0","0","0","0","0","0","0","0"
254,Hotel Caprea Marmaris,"29.181,60 TL",https://cdn.tatilsepeti.com/Files/Images/Tesis/12549/1050X700/tsr12549638246844514845946.jpg,,"29000-31000",Marmaris - Siteler ,"99 km, Dalaman HA ","50 Metreye Kadar",Özel Plaj,Yok,"0","0","0","0","1","0","0","1","0","0","0","1","0","0","0","0","0","1","1","0","0","0","0","0","0","0","0","0","1"
229,Leaf Port Hotel,"33.062,28 TL",https://cdn.tatilsepeti.com/Files/Images/Tesis/11915/1050X700/tsr11915637690429650592893.jpg,,+33000,Antalya - Konyaaltı ,"30 km, Antalya ","300 - 400 Metre Arası",Mavi Bayraklı Plaj,Yok,"1","1","1","1","1","0","1","1","0","0","0","1","0","0","1","0","0","0","1","0","0","0","1","0","0","0","0","1","0"
177,Orfeus Queen Spa,"21.396,20 TL",https://cdn.tatilsepeti.com/Files/Images/Tesis/05882/1050X700/tsr05882637108860398749766.jpg,"7,8","21000-23000",Antalya - Side-Çolaklı ,"55 km, Antalya HA ","300 - 400 Metre Arası",Yok,Yok,"0","1","1","1","1","1","0","1","0","0","1","1","0","1","0","1","1","1","1","0","0","0","1","1","1","1","1","1","1"
25,Martı Resort Hotel,"83.776,00 TL",https://cdn.tatilsepeti.com/Files/Images/Tesis/00147/1050X700/tsr00147638477409535047375.jpg,"7,9",+33000,Marmaris - İçmeler ,"105 km, Dalaman HA ",Denize Sıfır,Mavi Bayraklı Özel Plaj,Yok,"2","1","1","1","3","1","1","5","0","0","1","1","1","1","1","1","1","1","1","1","1","1","1","0","1","1","1","1","1"
255,Kaya Maris Hotel,"39.950,00 TL",https://cdn.tatilsepeti.com/Files/Images/Tesis/00962/1050X700/tsr00962637831368615124649.jpg,"7,2",+33000,Marmaris - Siteler ,"95 km, Dalaman HA ","50 Metreye Kadar",Özel Plaj,Yok,"0","1","1","1","1","0","1","1","0","0","1","1","1","1","1","0","1","0","1","1","0","0","1","0","0","1","1","1","0"
178,Alkan Hotel,"18.649,24 TL",https://cdn.tatilsepeti.com/Files/Images/Tesis/03390/1050X700/tsr03390638162174775620834.jpg,"8","17000-19000",Marmaris - Merkez ,"96 km, Dalaman HA ","100 - 200 Metre Arası",Halk Plajı,Yok,"1","1","1","1","1","0","0","1","0","0","0","0","0","0","1","0","0","0","1","0","0","0","1","0","0","0","0","1","0"
26,Nirvana Mediterranean Excellence,"133.851,20 TL",https://cdn.tatilsepeti.com/Files/Images/Tesis/04259/1050X700/tsr04259638367808477840573.jpg,"8,1",+33000,Antalya - Kemer-Beldibi ,"36 km, Antalya HA ",Denize Sıfır,Mavi Bayraklı Özel Plaj,Var,"8","1","1","1","12","2","1","16","1","0","1","1","1","1","1","1","1","1","1","1","1","1","1","1","1","1","1","1","1"
180,Rosy Hotel,"16.000,00 TL",https://cdn.tatilsepeti.com/Files/TesisResim/05226/tsr05226635671188201097218.jpg,"7,3","15000-17000",Marmaris - Merkez ,"85 km, Dalaman HA ","750 Metre ve Üzeri",Yok,Yok,"0","0","1","1","1","0","1","1","0","0","0","1","0","0","1","0","0","0","1","0","0","0","1","0","0","0","0","1","1"
179,Princess Artemisia Bodrum,"84.000,00 TL",https://cdn.tatilsepeti.com/Files/Images/Tesis/00817/1050X700/tsr00817638513928594533269.jpg,"7,7",+33000,Bodrum - Yalıkavak ,"40 km, Milas ",Denize Sıfır,Özel Plaj,Var,"2","0","1","1","1","0","0","3","0","0","0","1","0","0","1","0","0","0","1","0","1","0","1","1","0","1","0","1","1"
27,Orange County Alanya,"71.400,00 TL",https://cdn.tatilsepeti.com/Files/Images/Tesis/05847/1050X700/tsr05847638502603084436683.jpg,"7,6",+33000,Antalya - Alanya-Okurcalar ,"90 km, Antalya HA ",Denize Sıfır,Özel Plaj,Var,"2","1","1","1","2","2","1","7","1","0","1","1","1","1","1","1","1","1","1","1","0","1","1","0","1","1","0","1","1"
257,Latanya Palm Hotel,"18.543,00 TL",https://cdn.tatilsepeti.com/Files/TesisResim/02034/tsr02034637051789683839947.jpg,"8,1","17000-19000",Antalya - Antalya Merkez-Muratpaşa ,"8 km, Antalya HA ","750 Metre ve Üzeri",Halk Plajı,Yok,"1","1","0","1","0","1","1","1","0","0","1","1","0","1","1","0","1","0","1","0","0","0","1","0","1","1","0","1","0"
256,Laren Seaside Hotel Spa,"28.407,82 TL",https://cdn.tatilsepeti.com/Files/Images/Tesis/10400/1050X700/tsr10400637061501460527178.jpg,,"27000-29000",Antalya - Lara ,"7 km, Antalya HA ",No Info,Özel Plaj,Yok,"0","0","1","1","1","0","0","0","0","0","1","1","0","1","0","0","1","0","1","0","0","0","1","0","1","0","1","0","1"
