"id","otel_id","otel_ad","yorum"
1,2,Adin Beach Hotel,"Pozitif yönü, Çalışanlar çok güler yüzlü ve ilgililerdi animasyon ekibi çok iyiydi"
2,2,Adin Beach Hotel,"Negatif yönü, Soğuk kahve böyle bir tesiste nasıl olmaz anlamadım onun dışında iyiydi"
3,2,Adin Beach Hotel,"Pozitif yönü, Personel çok güler yüzlü ve iyilerdi, onca yoğunluga ragmen samimi ve yardımsever, temizlik de çok iyiydi. Bir tane bile sinek görmedik diyebilirim"
4,2,Adin Beach Hotel,"Pozitif yönü, Tüm hizmetlerden çok memnun kaldık"
5,3,Altın Yunus Hotel Spa  Çeşme,"Pozitif yönü, Denizi mükemmel Personel mükemmel Temizlik mükemmel Spa mukemmel"
6,3,Altın Yunus Hotel Spa  Çeşme,"Negatif yönü, Sosyal aktivite sıfır Fitnes kapanış 19.00  Akşam otelde boşuna durmayın hiç bir şey yok"
7,3,Altın Yunus Hotel Spa  Çeşme,"Pozitif yönü, Çocuklar için etkinlikler. İyi hizmet ve düzgün personel. Termal havuz. Pınar ürünleri kullanılması. Ekstra fiyatlarının uygun olması."
8,3,Altın Yunus Hotel Spa  Çeşme,"Negatif yönü, Yemeklerde içecek olmaması."
9,8,Crystal Palace Luxury Resort Spa,"Pozitif yönü, Denizi çok güzeldi.Oda konforlu"
10,8,Crystal Palace Luxury Resort Spa,"Negatif yönü, Aktiviteler çok azdı .Kaydıraklar 3-4 tane.Tatlılar bayat veya lezzetsizdi ."
11,8,Crystal Palace Luxury Resort Spa,"Pozitif yönü, Plaj konum"
12,8,Crystal Palace Luxury Resort Spa,"Negatif yönü, Yeme içme berbat birde restoranı ayırmışlar yetişkin bölümü iyi oturur oturmaz bir görevli sisinle ilgileniyor coçuklu bölüm tam bi rezalet personel elinden geleni yapıyor ama yetersiz ve çoğu acemi animasyon yok gibi otel alanı dar iki gün sora sıkılıyorsun vs vs"
13,8,Crystal Palace Luxury Resort Spa,"Pozitif yönü, plaş havluları odalar da bulunması ve gün içinde spa dan değişikliği yapılması"
14,8,Crystal Palace Luxury Resort Spa,"Negatif yönü, BENİM İÇİN TEK özlem GECE 02 ye kadar açık olan barda müzik çalınmaması."
15,9,Doria Hotel Bodrum,"Pozitif yönü, Tesis temiz, odalar konforlu, personel saygılı ve güler yüzlü."
16,11,Grand Kaptan Hotel,"Pozitif yönü, Sadece iskele güzeldi"
17,11,Grand Kaptan Hotel,"Negatif yönü, Çıkış günü saat 12:00 da odayı teslim ettik hemen kolumuzdan bileklikleri çıkardılar tesisi terk edebilirsiniz dediler bende öğle yemeğini yiyip çıkalım dedim olmaz dediler ama isterseniz ücret karşılığında yiyip içebilirsiniz denildi ben bunca zamandır okadar tesise gittim ilk defa böyle bir hitapla tesisle ilk defa karşılaştım Yeme içme havuz aquapark çok zayıf ve yetersiz vs vs"
18,11,Grand Kaptan Hotel,"Pozitif yönü, Yemekler ve içecekler çeşitli güzeldi. Temizlik ve personel ilgisi iyiydi. Bir sıkıntı oldu yönetim hızlıca çözdü."
19,11,Grand Kaptan Hotel,"Negatif yönü, Deniz belli oranda çakıldı"
20,11,Grand Kaptan Hotel,"Negatif yönü, Deniz çok dalgalı çocuklar giremez kesinlikle, resimlerde otelin eski havuz resimleri olması yanıltıcı,iki farklı havuz varmış havası verilmiş."
21,11,Grand Kaptan Hotel,"Pozitif yönü, İçecekler genellikle kapalı kutu ve kaliteli olması"
22,11,Grand Kaptan Hotel,"Negatif yönü, Yemek çeşitliliği sınırlıydı mutfak klima çalışmıyordu"
23,11,Grand Kaptan Hotel,"Pozitif yönü, Tek olumlu yani içeçekleri kapalı kutuydu başka olumlu yanı yok malesef"
24,12,Hapimag Resort Sea Garden,"Pozitif yönü, Doga ile iç içe guzel plajı cok iyi"
25,12,Hapimag Resort Sea Garden,"Negatif yönü, Yemekler benim için kötü iyileştirilmesi lazım"
26,12,Hapimag Resort Sea Garden,"Negatif yönü, Yemekler berbatti"
27,12,Hapimag Resort Sea Garden,"Pozitif yönü, Konum, deniz, doğa çok güzel. Yemekler genellikle lezzetliydi. Yemek sürelerinin uzun olması koşuşturmadan rahat yemenizi sağlıyor."
28,12,Hapimag Resort Sea Garden,"Negatif yönü, Tek noktada yemek olduğu için erişim sorunlu. En azından snack (gözleme, burger, kurabiye v.b.) tarzı yiyecekler sahil bölümünde de olmalı. 5 çayı için sahilden lobby'e gitmek gerekiyor:( Restaurant havalandırması iyileştirilmeli, yemek sonrası kıyafetlere yemek kokusu siniyor. Akşamları eğlenceleri çeşitlendirilebilir."
29,12,Hapimag Resort Sea Garden,"Pozitif yönü, Çalışanlar çok ilgili ve güler yüzlü idi. Otel nezih ve güzeldi. Çok güzel tatil geçirdik. Deniz ve havuz çok güzel. Yemekler harika."
30,12,Hapimag Resort Sea Garden,"Negatif yönü, Akşam etkinliği biraz daha dolu olabilirdi. 4 günün 2si iyi ikisi vasattı."
31,13,Hotel Terrace Beach Resort,"Pozitif yönü, Personel son derece nazik ve güleryüzlü yemekler harika plaj havuz otel tertemiz her şey çok güzeldi"
32,13,Hotel Terrace Beach Resort,"Negatif yönü, Bulamadık??"
33,14,Hotel Turan Prince,"Pozitif yönü, Çocuklu aileler için mükemmel bir otel oda temizlikleri biraz düşük o kadar"
34,14,Hotel Turan Prince,"Negatif yönü, Yatakları iyicene eskimiş"
35,14,Hotel Turan Prince,"Pozitif yönü, 4 ve 6 yaşında çocuklarım ile birlikte ailecek konakladık. Kesinlikle çocuk oteli, kids cluptaki çalışanlar çok ilgili, her gün cocuklara yonelık aktıvıteler yapılıyor. Personel güler yüzlü, fiyat performans açısından kesinlikle çok memnun kaldık."
36,15,Juju Premier Palace Ex Amara Premier Palace,"Pozitif yönü, Doğası, yemekleri, personel kalitesi ve hizmeti. İlgili ve işin başında üst yönetim. Yüzeyi kirli olmadığı zaman deniz harika."
37,15,Juju Premier Palace Ex Amara Premier Palace,"Negatif yönü, Ortak alan temizliği, gün içinde teknelerin attığı sintine yüzünden kirlenen deniz yüzeyi."
38,15,Juju Premier Palace Ex Amara Premier Palace,"Negatif yönü, Balayı çiftlerine tenteli ve hasırlı plaj alanlarının yarım günlüğüne de olsa ücretsiz kullandırılması güzel bir jest olurdu. Talebimiz geri çevrildi."
39,15,Juju Premier Palace Ex Amara Premier Palace,"Pozitif yönü, Ef sa ne! Bayıldık. O kadar güzeldi ki rüya gibi bir tatil geçirdik . Yemekleri ayrı yeşilliği ayrı güzel. Çok teşekkür ederiz"
40,15,Juju Premier Palace Ex Amara Premier Palace,"Pozitif yönü, çocuk ve aile kalite temizlik için çok güzel hotel."
41,21,Lrs Lake River Side Hotel Spa,"Pozitif yönü, Üç yıldır tatil için rezervasyon yaptırıyoruz ve tatil için gidiyoruz."
42,21,Lrs Lake River Side Hotel Spa,"Negatif yönü, Yok.memnunuz. olumsuz özellikleri yok. Gayet iyi"
43,21,Lrs Lake River Side Hotel Spa,"Pozitif yönü, Yemek ve içme kalitesi çok iyi"
44,21,Lrs Lake River Side Hotel Spa,"Negatif yönü, Eğlence sıfır berbat çalışanlar yetersiz ve kaba"
45,21,Lrs Lake River Side Hotel Spa,"Pozitif yönü, Mutfağı çok zengindi"
46,21,Lrs Lake River Side Hotel Spa,"Negatif yönü, Denizin konumu iyi degildi hiç giremedik resmen bir de odalar çok eskiydi"
47,22,Lrs Port River Hotel Spa,"Pozitif yönü, Personel davranışı"
48,22,Lrs Port River Hotel Spa,"Negatif yönü, Ortak kullanım alanları hijyenligi"
49,22,Lrs Port River Hotel Spa,"Pozitif yönü, Hersey güzeldi. Bir sıkıntı yapamadım. Dinlendim emeği geçenlere teşekkürler."
50,22,Lrs Port River Hotel Spa,"Negatif yönü, Gece eğlencesi yetersiz. Sanki hiçbir planlama yapılmamış rastgele sıradan birseyler yapılıyor gibi geldi bana. Geceler sönük geçti. Birde havuz kenarında şemsiyeler yetersiz."
51,25,Martı Resort Hotel,"Pozitif yönü, Yemek çeşitleri ve lezzeti fena  sayılmazdı. Konumu  güzeldi. Animasyonlar iyiydi."
52,25,Martı Resort Hotel,"Negatif yönü, Hijyen kötüydü. Kahvaltıda sunulan çeri domatesler resmen yıkanmamıştı. Bahçede ve restoranda kakalaklar dolaşıyordu. Yine restoranda uçuşan karasinekler çok rahatsız ediciydi. Oda temizliği bazen iyi bazen özensizdi. Plaja giden yolun tam ortasına konumlandırılan  mazgallar her gidişte ve dönüşte kanalizasyon kokusuna maruz bırakıyordu. Tenis kortu, plaj voleybolu vb. olanaklar yoktu. Odadaki modem çalışmıyordu. 2 gün interneti kullanamadık. Klimalar filtrelerinin düzenli temizlendiğinden de şüpheliyim. Burun akıntısı, öksürme vb. sebep oldu.."
53,25,Martı Resort Hotel,"Pozitif yönü, Otelin konumu, denizi, personeli mükemmeldi."
54,25,Martı Resort Hotel,"Negatif yönü, Genç kuşak için animasyon zayıf denilebilir."
55,25,Martı Resort Hotel,"Pozitif yönü, Çalışan personeller güler yüzlü elinden geleni yapıyorlardı odalar günlük temizleniyordu havuzlarda aynı şekilde temizleniyordu"
56,25,Martı Resort Hotel,"Negatif yönü, Yemekler konusunda çok zayıflar karnımız hiç doymadı maalesef doğru düzgün et yemekleri tavuk yemekleri meyve olarak 4 çeşitten fazlası yoktu ve SEZLONG lari gösteren hiç bir kamera yoktu gözlüğüm çalındı"
57,25,Martı Resort Hotel,"Pozitif yönü, Otelin konumu"
58,25,Martı Resort Hotel,"Negatif yönü, Otopark sıkıntısı var. Araç park ediş ve arabayı parkdan müşterinin kendisi yapıyor. Müşteriye arabayı park için kimse yardım etmiyor..otel içinde müşterinin kendisi park yeri arıyor!!! Ayrıca sahilin içinde içecek servisi yapan bi kısım yok!! Sahilden çıktıktan sonra otelin bahçesine girip içecek alıp sahile tekrar dönülüyor, mesafesi uzak!! İçecek servisi yapan kısmın sahil içinde olması daha uygun olur. Öğleden sonra 12 -16 arası Sneakbarda sunulan atıştırma çeşitleri çok az. Sneakbarın bitiş süresi 16:00 dan 17:00 çıkarılması doğru olur. Akşam patıseri bölümünün süresi bitiş süresi 23:00 den  00: 00 ye çıkarılması daha iyi olur. Sahile denizin içine yıkanma ve güneşlenme için ahşap iskele yapılması güzel olur. Bu eksikliklere karşın oda fiyatları çok fazla.."
59,30,Presa Di Finica Hotel,"Pozitif yönü, sadece aqua parkı güzel , heşeyi kötü"
60,30,Presa Di Finica Hotel,"Negatif yönü, yemekler berbat, havuç kızarması ana yemek mi olur_ana yemekte  çeşit sıfır .. Ana restaurant 7 tane yemek kabında yedisinde de  haşlama yemek var ,  Ana restauranta herşeyde sıra var. tatlı yemeniz mucize , kalmıyor , dondurma servisi sadece 1 saat ve serviste  kuyruk oluyor..  Gece klimalar çalışmıyor , ara ara açıyorlar enerjisiniz.. Kesinlikle tavsiye etmiyorum , gidin sahile çadır kurun daha iyi"
61,30,Presa Di Finica Hotel,"Pozitif yönü, Personel gayet iyi"
62,30,Presa Di Finica Hotel,"Negatif yönü, Yatak yayları artık ben bittim diyor degismesi lagzim"
63,30,Presa Di Finica Hotel,"Negatif yönü, yemekler yetersiz ve çok kötü personel yetersiz ve kalifiye değil. odalar çok kirli ve mobilyalar çok eski."
64,30,Presa Di Finica Hotel,"Pozitif yönü, Çocukların çok eğlendiğini söyleyebilirim. Barda görevli arkadaşlar çok iyiler ve çok yardımcı oluyorlar. Plaj kısmına bir tünel ile ulaşılması çok güzel. Disco bölümünü çok beğendik güzel fotoğraflar çekilmek için iyi dekor edilmiş."
65,30,Presa Di Finica Hotel,"Negatif yönü, Yemeklerde tavuk kullanımının biraz azaltılması lazım."
66,31,Queens Park Resort Göynük,"Pozitif yönü, İlk girdiğimizde güler yüzlü bir karşılama sonrası eksiksiz odaya yerleştik temizlik çok iyiydi yemekler ve içecekler f/p olarak çok iyiydi hiçbir asık suratla karşılaşmadık ne istediysek gerçekleşti"
67,31,Queens Park Resort Göynük,"Negatif yönü, Olumsuz hiçbir durumla karşılaşmadık"
68,31,Queens Park Resort Göynük,"Pozitif yönü, Yemekler çok lezzetli. Havuz yeterli büyüklükte. Denizi güzel çabuk derinleşse de eğlenecek kadar sığ alan mevcut. Düzenli tertipli ortak kullanım alanları bir arada yemekhanede eksikler hemen tamamlanıyor. Tatlılar çok lezzetli. Tavsiye edilir. Club odalara bir köprüden geçiliyor ama çok uzak sayılmaz."
69,31,Queens Park Resort Göynük,"Negatif yönü, Yemeklerde kırmızı et seçeneği çok az. Bir de şezlongları havuzun kenarına ve merdiven diplerine almalarına müsaade edilmemeli havuza girip çıkmak ve havuz kenarında takılmak sıkıntı oluyor."
70,31,Queens Park Resort Göynük,"Pozitif yönü, Personel Havuz Deniz"
71,31,Queens Park Resort Göynük,"Negatif yönü, Yemek çeşitliliği az idi."
72,31,Queens Park Resort Göynük,"Pozitif yönü, Personel iyi önerilecek otel"
73,31,Queens Park Resort Göynük,"Negatif yönü, Olumsuz yok"
74,33,Raymar Resort Aqua,"Pozitif yönü, Aqua harika, mini club/disco harika, animasyon ekibi çok iyi"
75,33,Raymar Resort Aqua,"Negatif yönü, Otel eskimiş, yemekler surekli ayni ve pek iyi degil. Oda temizligi, mini bar yenilemesi zayif"
76,33,Raymar Resort Aqua,"Pozitif yönü, Kaliteli aquapark, başarılı animasyon ekibi, güzel bir deniz ve kumsal"
77,33,Raymar Resort Aqua,"Negatif yönü, Restoran alanı yetersiz ve özellikle kırmızı etli yemekler sayısı azdı"
78,33,Raymar Resort Aqua,"Pozitif yönü, animasyon ekibi harika. yiyecek içecek çeşidi ve kalitesi harika."
79,33,Raymar Resort Aqua,"Negatif yönü, resepsiyon personeli alakasız. spa personeli gergin."
80,33,Raymar Resort Aqua,"Pozitif yönü, Yemeği güzeldi."
81,33,Raymar Resort Aqua,"Negatif yönü, Eğlencesinin olmaması, animasyon ekibi."
82,33,Raymar Resort Aqua,"Pozitif yönü, Yemek bölümünde aşçılar,garsonlar ve sorumlu şef veya müdürler çok ilgili. Animatörler ( özellikle Buse hanım çk güleryüzlü) çok iyi ellerinden gelenin fazlasını yapmaya çalışıyorlar. Etkinlikler geliştirilmeli ama geneli iyi."
83,33,Raymar Resort Aqua,"Negatif yönü, Havuzlar çok pis ,dipleri kum dolu. Cankurtaranlar ilgisiz ve lakayıt. Odalarda meydana gelen arızalara müdahalede orunlar var çözüm yok. Resepsiyon görevlileri yetersiz ve yabancılara öncelik veriyorlar. Meyve suyu makinaları çoğu zaman  boş  5 yıldızlı ve ultra hersey dahil konsepte bu kabul edilemez."
84,34,Rizom Beach Hotel Kumluca,"Pozitif yönü, Otel yemekleri güzeldi fakat balayı çifti olmamıza rağmen hiç bir artı yani yoktu"
85,34,Rizom Beach Hotel Kumluca,"Negatif yönü, Oda temizliği sıfır . odayı temizlemesi için oda temizliği çağırıyorsunuz nevresimi ters çevirip odada hiç birsey yapmadan geri dönüyor hijyen konusunda beğenmedim"
86,34,Rizom Beach Hotel Kumluca,"Pozitif yönü, DENİZ GÜZEL FAKAT DALGALI ODA TEMİZLİĞİ İYİ YEMEKLER GÜZEL PERSONELLER İLGİLİ"
87,34,Rizom Beach Hotel Kumluca,"Negatif yönü, KARMA HAVUZ KÜÇÜK VE KİRLİ  DIŞ MEKANLARDA SAAT VE SICAKLIK ÖLÇER YOK (HAVUZLAR DAHİL)"
88,34,Rizom Beach Hotel Kumluca,"Pozitif yönü, Fiyat olarak uygun"
89,34,Rizom Beach Hotel Kumluca,"Negatif yönü, Yemek çeşidi az"
90,34,Rizom Beach Hotel Kumluca,"Negatif yönü, Yemek çeşitleri çok az..havuz yetersiz..havuz kenarında şezlonglar yetersiz yer bulmakta zorlanıyorduk"
91,38,Salmakis Resort Spa,"Pozitif yönü, Havuz ve deniz"
92,38,Salmakis Resort Spa,"Negatif yönü, Deniz in karşısında bulunan yat ve teknelerin mazot ve çöpleri direk denizi pisletiyor mazot içinde yüzmek güzel olmuyor"
93,38,Salmakis Resort Spa,"Pozitif yönü, Teşekkür ederiz??"
94,38,Salmakis Resort Spa,"Negatif yönü, Teşekkür ederiz ??"
95,38,Salmakis Resort Spa,"Pozitif yönü, Bardakci koyu muhtesem, otelin odalari rahat ve konforlu. Personel yardimsever ve cozum odakli."
96,38,Salmakis Resort Spa,"Negatif yönü, Yemekler vasat"
97,38,Salmakis Resort Spa,"Pozitif yönü, Yemekleri muhteşem, personel çok ilgili."
98,38,Salmakis Resort Spa,"Negatif yönü, Odamız kötüydü açıkçası, 3 kişilik rezervasyon için verilen oda çok küçüktü eşyalar 2 kişi için düzenlenmişti. Akşam aktivite canlı müzik daha şok olsa daha iyi olabilirdi."
99,39,Sealife Buket Beach Hotel,"Pozitif yönü, İsteklerimizin anında karşılandığı, bol aktiviteli eğlenceli zaman geçirdiğimiz bir tatildi. Denize sıfır olması bizim için en güzeliydi."
100,39,Sealife Buket Beach Hotel,"Pozitif yönü, Her konuda başarılı"
101,39,Sealife Buket Beach Hotel,"Pozitif yönü, Bayramın 2. gününe kadar her şey harikulade olarak tamamlandı. Tüm personele ayrı ayrı hizmetlerinden dolayı teşekkür ederiz."
102,39,Sealife Buket Beach Hotel,"Negatif yönü, Bayramın 2. günü gelen Suriyeli müşteriler nedeniyle Fransız, Alman ve yerli misafirler hijyen kurallarına dikkat etmedikleri için mağdur oldular. Havuzlara 2-4 yaş çocukları bez olmadan giriş yaptırdılar. Denizden gelirken duş almadılar kumlu kumlu havuza girmeye çalıştılar. Kapalı havuzda mayosuz iç çamaşırı ile giriş yaptırılan çocuklar bile vardı. Bu nedenlerden dolayı kızım 2 gün açık ve kapalı havuzları kullanamadı."
103,39,Sealife Buket Beach Hotel,"Pozitif yönü, HERŞEY..ÇOK IYI"
104,39,Sealife Buket Beach Hotel,"Negatif yönü, YOKKK........."
105,39,Sealife Buket Beach Hotel,"Pozitif yönü, Yemekler güzel oda temizliği hizmet çok güzel konumunda çok iyi"
106,40,Selene Beach Spa Hotel,"Pozitif yönü, Otelin bulunduğu mevki, ambiyansı, çocuk olmaması, bazı personellerin güleryüzlü olması. Yemeklerinin çoğunluğu lezzeti iyiydi."
107,40,Selene Beach Spa Hotel,"Negatif yönü, Denizi oldukça kirli. Diğer komşu otellerde anlaşarak denizin dibi temizlenebilir."
108,41,Sueno Hotels Beach Side,"Pozitif yönü, Sibel Can konseri ve açılış esnasında  marş ve Türk bayrağı dalgalanması"
109,41,Sueno Hotels Beach Side,"Pozitif yönü, Yemekler lezzetli ve çeşit olarak boldu.Havuzu temizdi."
110,41,Sueno Hotels Beach Side,"Pozitif yönü, Yemekler ve deniz süperdi"
111,41,Sueno Hotels Beach Side,"Negatif yönü, Göremedik ki"
112,41,Sueno Hotels Beach Side,"Pozitif yönü, Denizi ve kumu çok güzel"
113,41,Sueno Hotels Beach Side,"Negatif yönü, Temizlik kötü . Bazı personelin özellikle Patisera daki Yaren hanımın bize tavırları ve konuşma şekli, mimikleri çok kötüydü."
114,42,Sunis Elita Beach Resort Spa,"Pozitif yönü, Aklınıza gelebilecek herşey mükemmeldi . Tatil yapılabilecek en güzel yeri seçmişim . Personel ve hizmet çok iyi ve en ince ayrıntısına kadar düşünülmüş . Teşekkür ediyoruz herşey için."
115,42,Sunis Elita Beach Resort Spa,"Negatif yönü, Denizi çakıllı ama oteldende denize gitmek istemiyorsunuz zaten"
116,42,Sunis Elita Beach Resort Spa,"Pozitif yönü, Güler yüzlü ve yardımsever personel, odaların ve ortak kullanım alanlarının temizliği, yemek ve alkol çeşitliliği, çevre dostu otel, çocuklu aileler için uygun"
117,42,Sunis Elita Beach Resort Spa,"Negatif yönü, odalarda buklet ürünlerinin olmaması(pamuk, krem vs.) Deniz çok çabuk derinleşiyor"
118,42,Sunis Elita Beach Resort Spa,"Pozitif yönü, fiyat genel skalasına göre uygun fiyatlı, temel beklentilerinizi karşılıyor, yemek seçenekleri yeterli, her gün değişiyor, jumbo karides , ördek ve kuzu çevirme güzeldi, personelin çoğunluğu güler yüzlü, işini yapmaya gayretkar, oda hizmetleri hiç aksamadı, her gün temiz bir oda ve dolu bir içecek dolabı vardı, müşteri ilişkiler sorumlusu olumlu bir diyalog kuruyor, gittiğim dönemdeki müşteri sayısının yoğun olmamasından dolayı kalabalık kaynaklı sıra, şezlong vb sorun yaşamadım, tam paket masaj iyiydi, su sporlarındki temsilci çok saygılı, yardımsever, parasail'den manzarayı seyretmek güzel"
119,42,Sunis Elita Beach Resort Spa,"Negatif yönü, eğlence aktiviteleri zayıf, animasyon ekibi amatör, bazıları hiç birşey vuramadın, askerlik yapmamış diye toplum önünde müşterisini rencide edebilecek kadar saygısız, küçük çocuklu aileler havuz ve denizde kendi emniyet tedbirlerine dikkat etsinler, iki cankurtaran önlerindeki çocuk havuza düşme vakasını hiç farketmediler, dereden veya çöplerden kaynaklanan havuz bar arkasında ağır koku var, bardaki personele kokteyl tavsiye etmesini istediğimde önüme menu kartını çarparak orada yazıyor diyecek saygısızlıkta (yakın gözlüğüm yanımda olmadığından menüyü okuyamadığım için sormuştum) , deniz kayalık ve dalgalı, hızla derinleşiyor, çin alakart menüsü zayıftı, spada sadece sauna var, kapalı havuz kapalı, spadaki üç duşta da sorunla karşılaştım, sabun yok, sabunluk kırık, duşun kurnası bozuk"
120,42,Sunis Elita Beach Resort Spa,"Negatif yönü, Oda konforu ve odalardaki malzeme kalitesi"
121,42,Sunis Elita Beach Resort Spa,"Pozitif yönü, Yemekler çok güzeldi personel çok kibar"
122,42,Sunis Elita Beach Resort Spa,"Negatif yönü, Dört yetişkin için bir banyo bir wc yetersiz deniz çok taşlı denize yakın alanlar daha etkin hale getirilebilir naçizane fikrim"
123,43,Susesi Luxury Resort,"Pozitif yönü, Kapalı içecekler ve mısır çok iyiydi"
124,43,Susesi Luxury Resort,"Negatif yönü, Bazı yemekler çabuk bitiyor ve devamı yok deniliyor,yemek ve kahvaltı cesitligi az, özellikle akşam yemek saati çok kalabalık oluyor,sürekli bir koşturma oluyor"
125,43,Susesi Luxury Resort,"Pozitif yönü, Herşey üst düzey rüya gibi bir yer susesi ailesine sonsuz teşekkürler"
126,43,Susesi Luxury Resort,"Negatif yönü, Olumsuz bir tane yönü yok"
127,43,Susesi Luxury Resort,"Pozitif yönü, Otelde ilk kez konakladık kuş sesi, su sesleriyle tek kelimeyle herşey eksiksiz muhteşemdi (Seda hanım, Uğur bey ilginize tsk).Bayram haftasi konakladık. Dışarıda sıcak havuzumuz vardı çok eğlendik. kids-midi club vuslat,ırmak gülperi hanım kızlarım çok mutluydu. Yiyecekler ve içecekler her geceye ayrı konseptle (uzak doğu, Meksika, türk mutfağı gibi) inanılmaz lezzetliydi. Personel ilgisi alakası her alanda süperdi. Tesis yaz konseptiyle hizmet verdi aksam konserleri de güzeldi.Tekrar mutlaka gelicez"
128,43,Susesi Luxury Resort,"Negatif yönü, Olumsuz bir yönü yokkk"
129,43,Susesi Luxury Resort,"Pozitif yönü, Resepsiyon dan restorana garsondan barmene Personelin tamamı güler yüzlü ve ilgili  Yemekler kaliteli  odalar temiz"
130,43,Susesi Luxury Resort,"Negatif yönü, Animasyon be spor ekibi çok ilgisiz ve umursamaz  etkinliklere katılım istenmiyor gibi bir tavır  bitisin de gidelim davranışı vardı"
131,43,Susesi Luxury Resort,"Pozitif yönü, Hersey tatil konforu icin dusunulmus"
132,44,Timo Deluxe Resort,"Negatif yönü, En büyük olumsuzluk dondurma servisinin iki günde bir olması ve dondurmanın neyli olduğunu secememeniz.gotevki personel hangi iki kutuyu actiysa onlardan birini yada ikisini tercih edebiliyorsunuz"
133,44,Timo Deluxe Resort,"Pozitif yönü, Yemekler çok güzel ve lezzetli personel güler yüzlü hiç olumsuz personel görmedim temizlik çok güzel"
134,44,Timo Deluxe Resort,"Negatif yönü, Eğlence kısmı yetersiz birazda havuzlarda şezlon sorunu var kolay kolay yer bulunmuyor"
135,44,Timo Deluxe Resort,"Pozitif yönü, personel durumu çok iyi.Yemekleriniz lezzetli.Hijyen 10 numara.Müdürünüz ,danışmadaki arkadaşlar ve bayan güvenlik arkadaşımız emine hanıma da ilgilerinden dolayı teşekkür ederiz."
136,44,Timo Deluxe Resort,"Pozitif yönü, Odalar temiz,yemek bol ve lezzetli, güler yüzlü personel"
137,44,Timo Deluxe Resort,"Negatif yönü, Bence yoktu"
138,45,Turunç Premium Hotel,"Pozitif yönü, Deniz mükemmel ,personel saygılı ve özverili çalışıyor."
139,45,Turunç Premium Hotel,"Negatif yönü, Odada gider kokusundan uyunmuyor,yemeklerde çeşitlilik arttırılmalı ,içecekte alternatif markalar bulunmalı. Örneğin sadece Yeni Rakı markası olması otele yakışmıyor ."
140,45,Turunç Premium Hotel,"Pozitif yönü, Turunç sessiz bir yer, kafa dinlemek isteyenler için ideal. Otel, personel, otelin konumu, plaj ve havuzu güzel."
141,45,Turunç Premium Hotel,"Negatif yönü, Akşam 22:30 itibariyle hayat bitiyor."
142,45,Turunç Premium Hotel,"Pozitif yönü, Personel mükemmel"
143,45,Turunç Premium Hotel,"Negatif yönü, Yemek çeşitleri"
144,45,Turunç Premium Hotel,"Pozitif yönü, Herşey süperdi."
145,45,Turunç Premium Hotel,"Negatif yönü, Olumsuz Yönü yok."
146,47,Vonresort Golden Beach,"Pozitif yönü, Çocuklu ailelerin rahat edebileceği bir yer. Ağaçların içinde otel içerisinde çok fazla alan mevcut. En iyi yanı otelin temiz olması ve yemeklerinin lezzeti çok iyiydi sadece tatlı kısmında çeşit çok ama lezzetli değillerdi"
147,47,Vonresort Golden Beach,"Negatif yönü, Tatlı çeşitleri yeterli fakat lezzet olarak çom iyi değildi"
148,47,Vonresort Golden Beach,"Pozitif yönü, Konum rahat ulaşabilir  Deniz havuz yeme içme kalitesi iyi odalar eski ama klima duş tuvalet kısımları sorunsuz"
149,47,Vonresort Golden Beach,"Negatif yönü, Sokak kedilerine biraz daha önlem alınmalı sayıları çok ve yemek yerlerinde çok fazlalar. Hastalıklı olanları da var onun dışında olumsuzluk görmedim"
150,47,Vonresort Golden Beach,"Pozitif yönü, Herşey güzel temizlik harika"
151,47,Vonresort Golden Beach,"Negatif yönü, Odalar konfor ister"
152,47,Vonresort Golden Beach,"Negatif yönü, Sadece oda temizliği yapan personel, sıkıntılı.Diger oda temizliyen personeller için aynı şeyi söylemiyecegim.Oda temizligi yapan personele iyi bir eğitim verilmeli."
153,48,Vonresort Golden Coast,"Pozitif yönü, Plaj, yemekler, çalışanlar, hizmet kalitesi."
154,48,Vonresort Golden Coast,"Negatif yönü, Olumsuz bir şey ile karşılaşmadık."
155,48,Vonresort Golden Coast,"Pozitif yönü, Yeme içme iyi Odalar güzel  Temizlik iyi  Aguapark ı güzel"
156,48,Vonresort Golden Coast,"Negatif yönü, Animasyon ekibi berbat Hiçbir aktivite yok"
157,48,Vonresort Golden Coast,"Pozitif yönü, Yiyecek ve konum."
158,48,Vonresort Golden Coast,"Negatif yönü, odaları çok güzel değil."
159,48,Vonresort Golden Coast,"Negatif yönü, Çalışanların bazıları insanlara davranışlarında ayrım yapıyor erkekler özellikle"
160,49,Altis Resort Hotel Spa,"Pozitif yönü, Personeller ilgili ve güler yüzlü. Yemekler lezzet ve çeşit olarak iyi. Odalar ve havuzlar temiz. Tesisin konumu ve peyzajı güzel. Memnun kaldık, tekrar gitmek isteriz"
161,49,Altis Resort Hotel Spa,"Negatif yönü, Akşam vakitleri etkinliklerin az ve benzer olması."
162,49,Altis Resort Hotel Spa,"Pozitif yönü, Denizi güzel bir tatil oldu"
163,49,Altis Resort Hotel Spa,"Negatif yönü, Oda konforu, özellikle banyolar kötü idi, Yemekler daha iyi olabilir"
164,49,Altis Resort Hotel Spa,"Pozitif yönü, Havuz, Aqua park, deniz ve kumsal mükemmeldi. Yemekler taze ve lezzetliydi."
165,49,Altis Resort Hotel Spa,"Negatif yönü, Oda, yata konforu kötü. Meyve suyu içecek çeşitleri çok kötü. Dondurma çeşitleri çok kötü."
166,49,Altis Resort Hotel Spa,"Pozitif yönü, Yemekleri denizi personelin guleryuzlulugu ile dort dortluktu teşekkürler altis resort hotel"
167,50,Hedef Beach Resort Spa,"Pozitif yönü, havuz çok iyi konumu güzel personel ilğiliydi sorunları hemen çözüyorlar odalar geniş  animasyon ekibinden sinci ye tesekkür ediyorum."
168,50,Hedef Beach Resort Spa,"Negatif yönü, oda temizliği pek yapılmıyor  akşam animasyon yetersiz o yüzden akşamları sıkıcı geçiyor.deniz taşlı onada yapacak bişey yok tabi.eksikler illaki var ama parana göre  2 kuruş ödeyipde 10 kuruşluk hizmet beklnmesin"
169,50,Hedef Beach Resort Spa,"Pozitif yönü, Havuzlar büyük,kaydırak çocuklari Karpuz iyidi."
170,50,Hedef Beach Resort Spa,"Negatif yönü, Ultra herşey dahil dondurma bile yok,snack hep , aynı şeyi çıkarıyor."
171,50,Hedef Beach Resort Spa,"Pozitif yönü, Havuz ve personel"
172,50,Hedef Beach Resort Spa,"Negatif yönü, yemek, ikram, temizlik"
173,50,Hedef Beach Resort Spa,"Pozitif yönü, Havuz yemekler fast food havuz basi yemek vs aksam eglenceleri olsun guzel hersey  bar yonetimindeki olsun calisanlar olsun saygili ve herturlu yardimci oluyorlar yemekhane olsun calisanlarda oyle abi bi ihtiyacin olursa soyle diye devamli soruyorlar katci bir kat 38 oda vermisler bir kisiye soyledimi herturlu yardimci oluyor temizlik vs olsun soylemezseniz pek bakmiyor oda sayisi fazla olduguna oda yetistirmesi anca oluyor cunku yemekler meyve tatli vs guzel yiyecek icecek konusunda sadece aksam yemeklerinde cocuklarin yiye bilecegi iste patates vs yok"
174,50,Hedef Beach Resort Spa,"Negatif yönü, İki bar mevcut zaten biri yemek vakti acik biri yemek sonrasi o yuzden kuyruga neden oluyor  ayni sekil yemek kuyruklari oluyor otel onunde kamera yok koca otelde nasi kamera olmaz anlayamadim araca vurup gidiyorlar kimsenin bilgisi yok kapi bekleyeni yok gelen giriyo kimin girdigi ciktigi belli degil asansorler devamli bozuluyor ve havalandirma namina bisey yok katlardada herhangi bir klima vs yok odaya girdimi sogumuyor 1 saat boyunca hem disarinin sicagi hem katlarin sicagi klima anca sogutuyor odayi aksamlari eglence oluyor herhangi bi duzen olmadigina ya onune dikiliyo ya zart zurt sandalye cekip en one geciyor gorusunu engelliyorlar devamli"
175,50,Hedef Beach Resort Spa,"Pozitif yönü, Havuz yanında neredeyse günün büyük bölümünde hamburger, gözleme ve içecek servisi var. Çocuklar için Aqua park eğlenceli"
176,50,Hedef Beach Resort Spa,"Negatif yönü, Yemek kalitesi düşük. Hijyen yeterli değil. Odalarda çay kahve yok. Personel mutsuz  Havlular her gün değiştirilmiyor."
177,51,Hedef Resort Hotel Spa,"Pozitif yönü, Ulaşım gayet iyi. Yemek çeşitleri yeterli . ( meyve çeşitleri hariç) Havuz , deniz gayet güzel. Temizlik yeterli ."
178,51,Hedef Resort Hotel Spa,"Negatif yönü, Banyo , wc ler mimari onarım gerekli.  Eğlenceye yönelik hizmetler yeterli değil."
179,51,Hedef Resort Hotel Spa,"Pozitif yönü, Havuz güzel şezlong sıkıntısı yok"
180,51,Hedef Resort Hotel Spa,"Negatif yönü, Yemekler çok kötü ciğerden başka bişe yok  içecek sirasi beklemekle geçiyor zamanın coğu. Oda banyo tuvalet çok kötü"
181,51,Hedef Resort Hotel Spa,"Pozitif yönü, Herşey anlatıldığı gibi kötü veya eksik diyebileceğim herhangi birşey yok gayet yeterli yani odaya su bırakmaları dahi çok güzel bi düşünce"
182,51,Hedef Resort Hotel Spa,"Negatif yönü, Olumsuz bi durum göremedim olsa yazıcam ama yok"
183,51,Hedef Resort Hotel Spa,"Pozitif yönü, yeri güzel onun dısında otel 3-4 yıldızlı otel ayarında"
184,51,Hedef Resort Hotel Spa,"Negatif yönü, ana yemekler iyi degil, içeçek sürekli içemiyorsunuz hep bi yer arızalı bardaklar çay bardagı gibi ufak temiz degiller,deniz acayip kum çakıllı, asansörü çok bekliyorsunuz"
185,51,Hedef Resort Hotel Spa,"Pozitif yönü, Havuz iyiydi. Kaydıraklar da fena değil"
186,51,Hedef Resort Hotel Spa,"Negatif yönü, Yemek kötü. Temizlik yok. İlgisizlik hakim. Havuz havlusu yok. Plaj kötü."
187,53,Hedef Kleopatra Hotel,"Negatif yönü, Havuzda hep güneşli olduğu için biraz kullanışsız sadece"
188,53,Hedef Kleopatra Hotel,"Pozitif yönü, 5 kişilik otel konaklamamızda otelin tüm olanaklarından yararlandık. Temiz, çeşitli yemekler, ilgili personel."
189,55,Hotel Sun Fire Beach,"Pozitif yönü, Resepsiyon daki 3 personelde yardımcı olmaya çalıştılar."
190,55,Hotel Sun Fire Beach,"Negatif yönü, Odalar kötü,elbise dolaplarına kıyafet koymadık çok pis kokuyor,klimam su akıtıyor,altına kova koymuşlar,özellikle öğle yemekleri yetersiz, personel eğitimsiz,birayı pet bardakla veriyor,bardak değiştirmesi istendiğinde triplere girip köpüklü birayı ikram ediyor. İçecekler sıcak koordinasyon sorumlusu ve müdüre şikayete gidiyoruz sonuç yok,üstelik bir gün bira,bir gün kola,bir gün buz yok deniliyor onuda bildiriyoruz yine sonuç yok.havuzu bile sabah havuz açılış saatinde temizleyip klorladilar,malzemeler özellikle bardaklar yetersiz,tabaklari seçerek yemek alıyoruz.hayatimin en kötü tatili neyseki 3 gün konakladık."
191,55,Hotel Sun Fire Beach,"Pozitif yönü, Personel iyiydi,özellikle ilk giriş danışmadaki personel görevine çok hakimdi misafir nasıl karşılanır nasıl yönlendirilir biliyordu"
192,55,Hotel Sun Fire Beach,"Negatif yönü, Havuz küçük,çocuklarla büyüklerin aynı havuzda yüzmeleri uygun değil, yemekler daha iyi olabilirdi"
193,56,La Salvia Hotel Kaş,"Negatif yönü, berbat bir oteldi. bizim 3 günlük tatil olmasına rağmen dayanamayıp 2. günün sabahında erkenden ayrıldık dayanmayıp. odada berbat bir gider kokusu vardı.otel çalışanları mutsuz .   kaş ı o kadar çok seviyordum ki sırf bu otel deneyimi yüzünden nefret ettim. kahvaltıds çeşitliliğin olması bir artı değil. kalitesiz şeyler koyulduktn sonra bin çeşit olsa önemi yok. her şey bekletilmiş de sunulmuş gibi.  hiçbir önerim yok asla düzelmez çünkü."
194,56,La Salvia Hotel Kaş,"Pozitif yönü, Konumu guzeldi, kas merkeze kolay gidiliyordu. Plaj ve denizi de guzeldi. Oda her gun temizlendi, banyo temizdi. Kahvalti icin yiyecek cesidi yeterliydi ve yiyecekler lezzetliydi."
195,56,La Salvia Hotel Kaş,"Negatif yönü, iki ayri yatak istedigimizi istarla call center calisanina bildirmemize karsin, bize tek yatakli oda verildi. Sorunun cozumu icin tatil sepetini iki kez aradik ve baska otel istedigimizi soyledik ama bize bir cozum sunulmadi.  Oradaki klima ve buzdolabi cok gurultulu calisti ve uyumamiza engel oldu. Tatili uykusuz ve bitkin bir sekilde tamamladik.  Kahvalti yiyecekleri acik bir sekilde sunuldu ve cok fazla kara sinek vardi. Bu da hijyen yonunden sikintili bir durum."
196,56,La Salvia Hotel Kaş,"Pozitif yönü, Odalar temiz günlük temizleniyor. Kahvaltı çeşidi fazla masaların deniz manzaralı olması güzel. Havuz alanı güzel dizayn edilmiş. Tekrar konaklamak isteyeceğim bi işletme diyebilirim."
197,56,La Salvia Hotel Kaş,"Negatif yönü, Wifi çekmiyordu tek eksik bu denilebilir."
198,58,Mysea Hotels İncekum,"Pozitif yönü, Kumsal plaj, ve güleryüzü bar personal."
242,73,Mysea Hotels Alara,"Negatif yönü, Odalar, yemekler, hijyen"
243,73,Mysea Hotels Alara,"Negatif yönü, Yemek ortam hijyen her konuda problemli"
199,58,Mysea Hotels İncekum,"Negatif yönü, Animasyon yok, tv bozuk yalvara yalvara tamirci getırtırdığim , fitnes yok, yemekler  berbat (bir gün kokmuş tavuk verildı),,temizlik sıfır, 3 gün sıcak su olmadı, duş ta böcek geziyor. Burda yazsam herseyini  ,vaktim yetmez. Berbat ,berbar, berbat! Bu hotel eksi 5 yıldız hakkediyor."
200,59,Pırıl Hotel Thermal Beauty Spa,"Pozitif yönü, Tatlılar güzeldi Havuz yanı keyifli"
201,59,Pırıl Hotel Thermal Beauty Spa,"Negatif yönü, Ana restoranın açık hava oturması olmaalı idi. Restoran çok vasattı Otel bakımsız idi Banyoların havalandırması yok, o yüzden kötü bir koku var Servis yavaş Akiam yemeklerinde çay ikramı olmalı Fitness alanı pis, bazı ekipmanlar paslı idi."
202,59,Pırıl Hotel Thermal Beauty Spa,"Pozitif yönü, Konum,işletme,fiyat,ve en önemlisi spa da medikal masaj."
203,59,Pırıl Hotel Thermal Beauty Spa,"Negatif yönü, Termal havuz tavanı eskimiş"
204,59,Pırıl Hotel Thermal Beauty Spa,"Pozitif yönü, Kolay ulaşım"
205,59,Pırıl Hotel Thermal Beauty Spa,"Pozitif yönü, Konumu  Oda temizliği"
206,59,Pırıl Hotel Thermal Beauty Spa,"Negatif yönü, Açık büfe de biten şeylerin devamı yok Havuz başı yanları küflü Otelin bazı bölgeleri soğuk Su dışında içecek bir şey yoktu  Oda da kasa bozuktu  Odanın kliması çalışmıyordu  Kahvaltıda ki zeytinler artık çöp olmuş büzülmüş hala koyuyorlardı kahvaltı diye onları yani beş yildiz kalitesini hak etmiyor kisacası"
207,59,Pırıl Hotel Thermal Beauty Spa,"Pozitif yönü, Çalışan arkadaşlar gerçekten çok güler yüzlü ve yardımcıydı ama en önemlisi gerçekten çok hijyenikti. Ayrıca spa bölümünde çalışan masör arkadaşlar gerçekten bu konuda çok başarılı."
208,59,Pırıl Hotel Thermal Beauty Spa,"Negatif yönü, Yemekler pek tatmin edici değildi bu bizi pek mutlu etmeyen bir durum oldu ve maalesef şanssızlığımız otel de bir gece kaldık pazar sabahı termal havuzun gereğinden fazla sıcak olmasından dolayı sabah ne yazık ki havuzu kullanamadık aşağıda sorduğumuzda da hoş Bi tavır göremedik baştan savma bir cevapla geçiştirildik bu da biraz can sıkıcı oldu açıkçası zaten kısa bir süre kaldık ama tam anlamıyla bu imkanlardan yararlanma şansımız olmadı."
209,62,Avena Resort Spa Hotel,"Pozitif yönü, Geniş konforlu oda  Yemekler"
210,62,Avena Resort Spa Hotel,"Negatif yönü, Sahil ve deniz"
211,62,Avena Resort Spa Hotel,"Pozitif yönü, Yemekleri lezzetliydi ama çeşit azdı"
212,62,Avena Resort Spa Hotel,"Negatif yönü, Genel olarak temiz değildi ve akşam aktiviteleri zayıftı"
213,62,Avena Resort Spa Hotel,"Pozitif yönü, temiz ve yemekleri güzel."
214,62,Avena Resort Spa Hotel,"Negatif yönü, çok sıra bekledik, personel güzel yüzlüydü ancak sayıları azdı."
215,62,Avena Resort Spa Hotel,"Pozitif yönü, İlgili personel, lezzetli yemekler, rahat ve temiz bir oda"
216,64,Oba Star Hotel Spa,"Pozitif yönü, Yemekleri çok lezzetliydi"
217,64,Oba Star Hotel Spa,"Negatif yönü, Çalışan personeller çok kötü hepsi zoraki çalışıyor gibi sanki içecek istediğinde tersler çok disiplin de yok"
218,65,The X Belek,"Pozitif yönü, Ekip mutluydu, hızmet çok iyiydi. Annem ve kızımla geldık hepsı cok memnun kaldı. Ne talep etsek fazlasıyla yapıldı."
219,65,The X Belek,"Negatif yönü, Oda temizliğinden mutsuz olduk. Odamızı değiştrme talebınde bulunduk, bızden kaynaklı bir durumdu saolaunlar yardımcı oldular ama verılen odanın balkonu ınanılmaz tozluydu."
220,65,The X Belek,"Pozitif yönü, Yetişkin ve çocuk alanlarının ayrı olması, yiyecek içecek kalitesi, temizlik olumlu"
221,65,The X Belek,"Negatif yönü, Denize şıfır olsa güzel olurdu, havuzu yetersiz"
222,65,The X Belek,"Pozitif yönü, Yiyecek kalitesi çok iyi alkollü ve alkolsüz içecekler kutulu ve premium markalar ve minibar günlük doluyor. Gün içerisinde 2 farklı restauranta gidip menüde bulunan yiyecekleri yiyebilirsiniz. Barlar çok iyi çalışanlar güleryüzlü ve ilgililerdi. +16 bölümünde havuz ve restorant var. Starbuckstan gidip sıcak soğuk meşrubat alabilirsiniz. Pastalarda çok iyiydi. Odalar çok temiz ve herşey yeniydi. Çocuklar için bol aktivite var. Çocuk ve Yetişkinler için aquapark mevcut"
223,65,The X Belek,"Pozitif yönü, Tuzlu havuzu olması çok iyi"
224,65,The X Belek,"Negatif yönü, Deniz Uzak"
225,66,White City Beach Hotel,"Pozitif yönü, 1- resepsiyon çok iyi bir şekilde yardımcı oldu.  2- servis görevlilerinin çoğu üniversite mezunu işlerini çok iyi yapıyorlar ( bazı otellerde yabancı turistlerle ilgilenip Türklerle ilgilenmezler ama burada ayrım yapılmaksızın herkese eşit ve iyi davranıyorlar).  3- öğlen ve akşam yemekleri  hepsi lezzetli ( kaliteli yemek yağı kullanıyorlar) 4- Barda fıçı tuborg bira var kokteyller vs iyi."
226,68,Astoria Hotel,"Pozitif yönü, Fiyat performans lokasyon ve yemekler iyi"
227,68,Astoria Hotel,"Negatif yönü, Odalar küçük tadilattan geçebilir"
228,68,Astoria Hotel,"Pozitif yönü, Personel iyiydi Otel iyiydi Deniz temidi"
229,68,Astoria Hotel,"Negatif yönü, Yemekler iyi olabilir Türkce muzik yok  Hijyen daha iyi olabilir"
230,68,Astoria Hotel,"Pozitif yönü, Her şey çok güzeldi."
231,68,Astoria Hotel,"Negatif yönü, Olumsuz görüşüm yok."
232,70,La Perla Hotel Kemer,"Pozitif yönü, İstisnasız bütün personel çok iyiydi . Hepsine tekrar teşekkür ediyorum  Yemek bölümü temizlik bölümü havuz basi barmen hepsi çok iyiydi"
233,70,La Perla Hotel Kemer,"Negatif yönü, Yemek çeşidi çok azdı ve bazen akşamdan kalan patlıcanları sabah için yanına patates doğrayıp çeşit olsun diye koyuldu mesela hiç güzel değildi yemekler"
234,70,La Perla Hotel Kemer,"Pozitif yönü, Konum olarak gayet guzel denize yakin olmasi cok iyiydi"
235,70,La Perla Hotel Kemer,"Negatif yönü, Deniz kirliliği, yemeklerin lezzetsiz oluşu"
236,71,Miramor Garden Resort,"Negatif yönü, Akşamları aktivasyon yoktu."
237,72,Museum Resort Spa,"Pozitif yönü, Havuz güzel"
238,72,Museum Resort Spa,"Negatif yönü, Odada buzdolabı ve televizyon yok"
239,72,Museum Resort Spa,"Pozitif yönü, Olumlu yönü yok heryer pislik personel ufak yaşları bişeyler yapmayı çalişiyorlar ama imkan yok."
240,72,Museum Resort Spa,"Negatif yönü, 2 kişi konakladık . Oda olarak mobilyalar çok eski ve elinizde kalcak gibi banyosu çok ufak . Tolet pecetelik yok . Yemekhane ve yemek alma yeri sineklerle ortak yemek alıyoruz . Heryer plastik bardak . Barda karton bardaktan alkol alıyorsun. Havuzda çok klorlu şenzok  sayısı yetersiz ."
241,73,Mysea Hotels Alara,"Pozitif yönü, Fiyatı, denizi temiz"
244,74,Dragut Point North Hotel,"Pozitif yönü, Personel çok yardımsever ve ilgili. Odaların klimaları gayet yeterli. Çay,kahve çok lezzetli. Pide çok başarılı."
245,74,Dragut Point North Hotel,"Negatif yönü, Havuzun bir tarafı çok rüzgar alıyor şezlonglar yetersiz denizde dalgakıran yetersiz aşırı yosunlu. Ortak wc ler çok kötü ve bakımsız. Hazır köfte yerine daha lezzetli bir köfte tercih edilebilir ızgara akşam yemeği için çeşitlendirelebilir"
246,74,Dragut Point North Hotel,"Pozitif yönü, Bazı personelleri ilgiliydi"
247,74,Dragut Point North Hotel,"Negatif yönü, Her şey çok kötüydü çok pismanim"
248,74,Dragut Point North Hotel,"Pozitif yönü, Çalışan personeller çok ilgili alakalıydı"
249,74,Dragut Point North Hotel,"Negatif yönü, Oda temizliği konusunda biraz daha hassas davranılması gerekir."
250,76,Bitez Garden Life,"Negatif yönü, Yemekler kötü plajda şenzlog az"
251,76,Bitez Garden Life,"Pozitif yönü, Çalışan arkadaşlar güler yüzlü ilgili ve saygılılar otelin konumu denize çok uzak değil otelin bulunduğu yer ağaçlandırma yeşillik olarak gayet güzel"
252,76,Bitez Garden Life,"Negatif yönü, Yemekler bizi resmen baydı aynı yemeğin ertesi gün farklı bir versiyon da yedik daha sonraki gün aynı yemeği daha farklı bir eşit olarak tekrar yedik çok kötüydü"
253,76,Bitez Garden Life,"Pozitif yönü, Personel anlamında çok ilgililer."
254,76,Bitez Garden Life,"Negatif yönü, Ama verilen konaklama hizmetindeki aksaklık konusunda giderilmesi için işlevsel açısından bir karşılıkları yok"
255,76,Bitez Garden Life,"Negatif yönü, Çalışanlarınızı misafirlerinizin yanında azarlayıcı bir şekilde konuşuyordunuz. Bunu dikkate alsanız iyi olur."
256,77,Romance Beach Hotel,"Pozitif yönü, Otelin konumu ve plajı çok iyi idi.Havuzu ufak ama güzeldi."
257,77,Romance Beach Hotel,"Negatif yönü, Arabayı park edecek yer bulamadık,minibar dolapları oldukça eski ve çalışmıyor.Odaya kapıya vurulmadan giriliyor.Asansörler ufak."
258,77,Romance Beach Hotel,"Pozitif yönü, Denize çok yakın olması, havuzunun yeterli olması, kahvaltının güzel ve doyurucu olması"
259,77,Romance Beach Hotel,"Negatif yönü, Oda kapılarının çok eski olması bu sebeple güven vermemesi, odada kullanılan yatakların eski olması."
260,79,Ayayorgi Hotel By T,"Pozitif yönü, Otel çalışanları yardımsever ve güler yüzlü, merkeze yakın, sabah kahvaltısı başarılı memnun kaldık. Tekrar gidersem aynı oteli tercih ederim."
261,79,Ayayorgi Hotel By T,"Pozitif yönü, Konumu çok iyi"
262,79,Ayayorgi Hotel By T,"Negatif yönü, Çok rüzgar alıyor hijyen kötü odalar çok pisti"
263,79,Ayayorgi Hotel By T,"Pozitif yönü, İlgi ve alaka cok iyi hizmet her yönden güzel"
264,79,Ayayorgi Hotel By T,"Negatif yönü, Havuzun kücük olması ve cok kalabalık olması. Yeterli sayıda personelin olmayısı"
265,79,Ayayorgi Hotel By T,"Pozitif yönü, Otelin çeşme merkeze yürüyerek 15 dakika mesafede.  Odaları temiz, personel sıcak ve yardımsever,"
266,79,Ayayorgi Hotel By T,"Negatif yönü, Sabah kahvaltısının sabah 9'da başlaması çok geç. Daha erkene alınması gerekir"
267,81,Club Hotel Barbarossa Kaş,"Pozitif yönü, Otel eşsiz konumda, odalar manzaralı ve günlük temizleniyor. Personel ilgili ve saygılı"
268,81,Club Hotel Barbarossa Kaş,"Pozitif yönü, Personel çok ilgili ve güler yüzlü."
269,81,Club Hotel Barbarossa Kaş,"Negatif yönü, Oda girdiğimizde temizdi ancak kaldığımız 3 gün boyunca house keeping talep etmemize rağmen uğramadı."
270,83,Golden Key Bördübet,"Pozitif yönü, Herşey mükemmeldi. Özellikle Kudret Bey'e ilgi ve alakası için çok teşekkür ederiz."
271,84,Marmaris Beach Hotel,"Pozitif yönü, Denize sıfır konumu"
272,84,Marmaris Beach Hotel,"Negatif yönü, Denize bakan odalarda ayrı yataklı oda yok"
273,84,Marmaris Beach Hotel,"Pozitif yönü, Yok, sadece oda mobilyası yeni, herkes çok kabaydı."
274,84,Marmaris Beach Hotel,"Negatif yönü, Biz Kısmi deniz manzaralı odayı aldık, fakat odamızdaki çıkmamış, uzatmış gittik, 2 kişilik ekonomik odaya çocuk yatağı koymuşlar, 3 yetişkiniz biz, söyleyince odayı değiştirdiler, ertesi gün, bu odanın girişi var, sizi aldığınız odaya geçiriyoruz dediler, toplandık girdik oda, yan tesisin deposuna bakıyor, 1. Katta ve karanlık. Oysa ki üst katta ve resimde gördüğümüz kısmi deniz manzaralı idi."
275,87,My Adress Alaçatı,"Pozitif yönü, Genel olarak konum temızlık oda kahvaltıya memnun kaldık"
276,94,Hotel Berke Ranch Nature,"Pozitif yönü, Doğası muhteşem"
277,94,Hotel Berke Ranch Nature,"Negatif yönü, Denize servisle gidip geliniyor. Ama denizi güzel ve kumsalda anlaşmalı bir yeri var"
278,96,Trend Life Hotels Torba 14,"Pozitif yönü, Denizi harika odalar konforlu ve temizliği her gün yapılıyor Zülal hanım çok ilgilendi kendisine çok teşekkür ederiz"
279,96,Trend Life Hotels Torba 14,"Negatif yönü, Yemekleri zayıf ve yemek yenilen yerde hiç bir soğutma olmadığından sıcakta terleyerek çabucak yiyip kalkmamız gerekiyordu Umarım düzeltilir"
280,98,Aurasia Beach Hotel,"Pozitif yönü, Konum, kahvalti gayet güzel."
281,98,Aurasia Beach Hotel,"Negatif yönü, Otopark ama büyük sorun değil."
282,98,Aurasia Beach Hotel,"Pozitif yönü, Konumu, restoranı ve genel olarak hizmeti iyiydi."
283,98,Aurasia Beach Hotel,"Negatif yönü, Çift olarak konaklamamıza rağmen tekli yatakların birleştirilmesiyle oluşan yatakta uyumak zorunda kaldık, odaya yerleştikten sonra fark ettiğimiz için konu hakkında yardım istemedik. Söylesek yardım edebilirler miydi bilmiyorum."
284,98,Aurasia Beach Hotel,"Pozitif yönü, Personeller çok güleryüzlü Konum olarak çok iyi"
285,98,Aurasia Beach Hotel,"Negatif yönü, Kahvaltı seçeneği arttırılmalı Daha fazla temizliğe özen gösterilmeli Havuz bakımına daha fazla önem verilmeli"
286,99,Wome Deluxe Hotel,"Pozitif yönü, Başta personelin tamamı güleryüzlü, müşterilerine memnuniyet yarışındalar sanki. Tesis çok kaliteli ve ayrıca yeşil ve mavinin bir arada yaşandığı mükemmel bir lokasyonda. Başta müdür yrd. Furkan bey olmak üzere, tüm yönetici ve çalışanlarına teşekkürler, tebrikler."
287,99,Wome Deluxe Hotel,"Negatif yönü, Ortak plajda suni yada daimi bit iskele olmalı."
396,125,Porto Bello Hotel Resort Spa,"Pozitif yönü, Çalışanlar ve otel çok güzeldi"
397,125,Porto Bello Hotel Resort Spa,"Pozitif yönü, Denize çok yakın,personel güler yüzlü,"
288,99,Wome Deluxe Hotel,"Pozitif yönü, Yemekler içecekler her şey çok lezzetliydi. Bayan bölümü çok iyiydi. Çalışanlar çok özveriliydi. Özellikle oda temizlemede çalışan abladan çok memnun kaldık. Çok teşekkür ediyoruz."
289,99,Wome Deluxe Hotel,"Negatif yönü, Karma deniz biraz taşlıydı"
290,99,Wome Deluxe Hotel,"Pozitif yönü, Çocuklar için mükemmel bir otel ama küçük olduklari için çok vakit geciremedik malesef inşallah biraz daha buyusunler tekrar gelmek isteriz"
291,100,Telatiye Resort Hotel,"Pozitif yönü, Fiyatı uygun, personeli güler yüzlü, otel temiz ve sakindi.  Yemekler taze ve iyiydi. Etkinlikler çeşitlendirilebilir. Mutfak şefimize saygılar."
292,100,Telatiye Resort Hotel,"Negatif yönü, Denizi çakıllı ve sahili sığ değil.  Biraz dalgalı."
293,101,Taç Premier Hotel Spa,"Pozitif yönü, Personeller çok nazik ve çok ilgililer, en çok hoşuma giden buydu, kalabalık olmadığı için yemek ve ikram saatlerin de herhangi kaos ve kargaşa yoktu her türlü yiyecek içeceğe rahatlıkla ulaşabiliyorduk içecekler güzeldi"
294,101,Taç Premier Hotel Spa,"Negatif yönü, Kaldığımız Odayı  beğenmedim eski küçük ve bakımsız, ekstre ödeme yaparak rezerve ettiğimiz odadan farklı bir oda verdiler bize, ayrıca animasyon çok zayıfdı, neredeyse animasyon yok gibi birşey"
295,101,Taç Premier Hotel Spa,"Pozitif yönü, Odalarınızın genişliği  aile için uygun ölçülerde.havuz yeteri kadar büyük ve kullanışlı"
296,101,Taç Premier Hotel Spa,"Negatif yönü, Odadaki tuvalet banyoda havalandırma olmaması. Temizlik personelin tuvaleti paspasladıktan sonra mobu eliyle suya tutup odanın içini paspaslaması. 3 blokta kaldık ve katlara çıkış tek asansörle arada bir arıza yapti mecburen uzun bir yürüyüş sonrası havuz ve yemek alanına geçiş.klima motorlarının tam balkonda oturulan yere asılması ve gürültüden ve sıcak hava atmasından dolayı oturamama."
297,101,Taç Premier Hotel Spa,"Pozitif yönü, Personeli güler yüzlü.   Burdan da isim vererek belirtmek isterim ki,  Emre ,Çağlar,Safa, Berat,Memnune, Mehmet, Ozan hepsi o kadar güler yüzlü o kadar samimi ve içtenlikle davranıyorlar. Teşekkür ederim."
298,102,Vita Bella Hotel Resort Spa,"Pozitif yönü, Otelin konumu temizliği ve personelleri çok iyiydiler güler yüzlü ve yardımcı olmaya açıklardı.Spa da masajdan çok memnun kaldım.Havuz çok temiz ve berraktı iskelesi olması ve mimari olarak görüntü çok güzeldi"
299,102,Vita Bella Hotel Resort Spa,"Negatif yönü, Kahvaltı tek çeşit her gün aynı şeyler var bu olumsuz yönlerinden birisi.Odada 2 kişi gelindiğinde valiz koyacak açacak yer yok buna bir çözül getirilebilir büyük rahatlık olur. Oda ya kahvaltı yok maalesef… Spa da hamamın tadilata ihtiyacı var gözden geçirilmeli.İlaçlama yetersiz her yer sinekti."
300,103,Eldar Resort Hotel,"Pozitif yönü, Oda gayet geniş ve temizdi havuzlar çocuklar ve yetişkin için yeterliydi mini clup temiz ve güzeldi"
301,103,Eldar Resort Hotel,"Pozitif yönü, Eldar Resort  Yemek personel ilgi temizlik hijyen çok iyi"
302,103,Eldar Resort Hotel,"Negatif yönü, Eldar Garden Çeşit olmasından ziyade lezzet yok Personel ilgisi 0 Soğuk su almak mucize Buz bulmak çok zor Kahvaltı ve öğlen yemeğinde temiz masa bulmak çok zor Büfe lerde ürünler bitmiş ancak kimse yenisini ilave etmiyor Boş kap ve kaseler öyle duruyor Kahvaltıda  bi kere poğaça denk geldi o da erken saate  Eldar Resort çok başarılı ancak Garden bir o kadar hizmet kalitesi düşük İki otel yanyana olmasına rağmen Resort başarılı Garden maalesef"
303,103,Eldar Resort Hotel,"Pozitif yönü, İçecekleri iyiydi"
304,104,Algora Halal Hotel,"Pozitif yönü, Oda temizlik guzel yemek tat cesit kalite olarak guzel personel ilgili."
305,104,Algora Halal Hotel,"Negatif yönü, deniz cok taşlık ve sığ degil Ortak havuz cok kucuk dipdibesiniz Erkekler havuzuna yemekhaneden geciliyor disardan bi asansor yapilabilir.direk havuza cikan Koridorlar cok havasiz asansorden yanarak iniyorsun lobide buz gibi hava. Asansor sirasi vok bekleniyor capraz inis cikisli yuruyen merdiven yapilabilir daha ferah ve kullanisli olur"
306,107,Blue Dreams Resort,"Pozitif yönü, Tandoğan hilal ve esila hanıma Cook teşekkürler ????"
307,107,Blue Dreams Resort,"Pozitif yönü, Genel olarak çalışanlar müdür ve şefler çok mütavazi güler yüzlü"
308,107,Blue Dreams Resort,"Negatif yönü, Neredeyse yok 2-3 personel hariç"
309,107,Blue Dreams Resort,"Pozitif yönü, Yemekleri harikaydı, sezon sonunda gittiğimiz için eğlence ve animasyon yoktu otelin konumu harika, denizi çok berrak fakat taşlık personel güler yüzlüydü. Balayı çifti olduğumuz için deniz manzaralı oda yerine deluxe oda verdiler ücretsiz olarak"
310,107,Blue Dreams Resort,"Negatif yönü, Plajı taşlık"
311,108,Bodrum Park Resort,"Pozitif yönü, Çalışanlar çok ilgili ve güler yüzlü"
312,108,Bodrum Park Resort,"Negatif yönü, Lizbonların daha  sık olması iyi olur"
313,109,Club Grand Side Amazon Water World,"Pozitif yönü, Tesis aktivesi guzeldi personellerin  ilgi ve alakası  guzeldi  yemeklerde çeşit  bol  havuz temiz odalar temiz plaj çok guzeldi  2 aile gittik çocuklarımızla çok eğlendik"
314,109,Club Grand Side Amazon Water World,"Negatif yönü, Keşke icme suları küçük verseler  çok ziyan oluyor"
315,109,Club Grand Side Amazon Water World,"Pozitif yönü, Everything exceeded our expectations. Guests were mostly German families, and there was a very pleasant vibe."
316,109,Club Grand Side Amazon Water World,"Negatif yönü, Store only seems to accept foreign cards or euros. Would have been nice if they could accept the local currency and cards."
317,109,Club Grand Side Amazon Water World,"Pozitif yönü, Havuzlar personel temizlik çok iyi teşekkürler"
318,109,Club Grand Side Amazon Water World,"Negatif yönü, Yemek kahvaltı hep aynı deniz de iskele olmaması eksileri"
319,110,Club Hotel Turan Prince World,"Pozitif yönü, Otelin konumu çok güzeldi, peyzaj da başarılı idi. Deniz ve havuzlarından memnun kaldık. Sabahları kuş sesleri ile uyanmak da ayrıca keyifli idi. Yemek çeşitliliği yeterli ve lezzetliydi. Sadece tatlılarını beğenmedik. Daha başarılı olabilirdi. Çocuklarımız rahatça  aquaparkta ve lunaparkta  eğlenebildi. Animasyon ekibi ve programlarını çok başarılı bulduk. Özel gece organizasyonları güzeldi."
320,110,Club Hotel Turan Prince World,"Negatif yönü, Otelin ve odalarının dekorasyona ihtiyacı var. Club odada duşlar  kullanılırken iç mekana su geliyor, banyo sürekli ıslak ve anti hijyen oluyordu. Havlu ve tekstil ürünler de eski ve yıpranmıştı malesef. Kokuları hoşuma gitmedi hiç."
321,110,Club Hotel Turan Prince World,"Pozitif yönü, konum yemekler fena değildi"
398,125,Porto Bello Hotel Resort Spa,"Negatif yönü, Kokteyl çeşitleri iyileştirilebilir."
322,110,Club Hotel Turan Prince World,"Negatif yönü, tesise antalya merkezdentek kişi  misafirim geldi.resepsiyonda yarım saat görüşmeme izin verilmedi.tesis dışında görüşebildim.bu konu moral bozucuydu. Alkol kalitesi vasattı.Bayram nedeniyle tesiste doluluk çok fazla oldugu için housekeeping ler yetersiz ve odayı onaylayan amirde sorun vardı.odadaki bardakta ruj lekeleri vardı"
323,110,Club Hotel Turan Prince World,"Pozitif yönü, Çocuklar için havuzlar çok iyi ."
324,110,Club Hotel Turan Prince World,"Negatif yönü, Odadaki klimalar bu sene yetersizdi.Çok fazla elektrik kesintisi yaşandı."
325,110,Club Hotel Turan Prince World,"Pozitif yönü, Çocuklu aileler için ideai bir otel. Her türlü ihtiyaca hizmet ediyor. Yemekleri lezzetli ve çeşitlilik çok."
326,110,Club Hotel Turan Prince World,"Negatif yönü, Sivrisinek fazlaydı"
327,111,Club Marco Polo,"Pozitif yönü, İçki ve yemek kalitesi, tesisin konumu, denizin berraklığı, personelin ilgi ve alakası harikaydı"
328,111,Club Marco Polo,"Negatif yönü, Biz tesisi eleştirecek bir nokta bulamadık, tekrar tercih edeceğimiz harika bir deneyimdi"
329,111,Club Marco Polo,"Pozitif yönü, Yiyecek içecek kalitesi ve çeşidi mükemmel personeller çok nazik ne yazık ki ülkemizde yabancı turistlerin ön planda olduğu bir çok otel var biz bu negatif ayrımcılığı 2 yıldır otelinizde hiç yaşamadık ben herşeyi çok beğendiğim için ek bir öneri aklıma gelmiyor özellikle barda damla hanım İsa Can Mine kahve evinde ki küçük hanımlar gusto restoranda stajyer Emre inanın herkes sanki otelin sahibi gibi işlerini sahipleniyor ve misafirleri ağırlıyor umarım maddi manevi olarak ta karşılığını alıyorlardır  2 . Yıl konaklamamız gözden kaçmamış odamıza sürpriz bir hediye gönderilmiş bence hizmet için herşey düşünülmüş bir otel lütfen tüm çalışanlarınızın kıymetini bilin çünkü odalar , havuz ve deniz her otelde var bu oteli tercih sebebi yapan yönetim anlayışı ve personeller …. Sevgiyle kalın"
330,111,Club Marco Polo,"Negatif yönü, Sizin elinizde olan bir durum değil ama bu yıl denizde ne yazdık ki çöp atıkları oldu ve bu birçok misafir değerlendirmesini negatif olarak etkilemiş"
331,111,Club Marco Polo,"Pozitif yönü, Yemekleri bar ve içecekler harikaydı"
332,111,Club Marco Polo,"Negatif yönü, Sadece odalar biraz uzak oda sorun teşkil etmedi"
333,111,Club Marco Polo,"Pozitif yönü, Denize sıfır oluşu, yemekleri çok güzel,"
334,111,Club Marco Polo,"Negatif yönü, Hijyen ve temizlik kalitesi düşüktü"
335,112,Club Sun Heaven Family Spa Alanya,"Pozitif yönü, Fiyatına göre güzel bir otel"
336,112,Club Sun Heaven Family Spa Alanya,"Negatif yönü, Otelin sahibi rus sanırım ruslarla doluydu"
337,113,Delta Hotels By Marriott Bodrum,"Pozitif yönü, Yemekler fena değil  Deniz  güzel"
338,113,Delta Hotels By Marriott Bodrum,"Negatif yönü, Bebek araba indirebileceğin rampa yok kucağımda merdivenlerden bebek arabası taşıdım Personel yok 1 saat sipariş için bekledim Çocuk bebeklere özel yemek kesinlikle yok bebekler aç kaldı diyebilirim Kokteyl yapan barmen kokteyl yapmayı bilmiyor"
339,113,Delta Hotels By Marriott Bodrum,"Pozitif yönü, Konum, deniz, karınca hariç oda."
340,113,Delta Hotels By Marriott Bodrum,"Negatif yönü, Odalardaki karıncalar, açık mekanlardaki temizlik."
341,113,Delta Hotels By Marriott Bodrum,"Pozitif yönü, Deniz, personel, oda"
342,113,Delta Hotels By Marriott Bodrum,"Negatif yönü, Yemekler, yürüyüş alanı olmaması"
343,113,Delta Hotels By Marriott Bodrum,"Negatif yönü, Yemekler kötü  Bir içecek bir barda başka içecek başka barda El sabunu çıkmıyor çok kötü şampuan kopurmuyor"
344,114,Diamond Elite Hotel Spa,"Pozitif yönü, Her şey çok güzeldi"
345,115,Diamond Premium Hotel Spa,"Pozitif yönü, Personel çok keyifli ve eğlenceli insanlar güler yüzlüler bu bizi çok mutlu etti ."
346,115,Diamond Premium Hotel Spa,"Negatif yönü, Gece Animasyon ekiplerinin performansları arasında çok fazla fark var . En kötü ekip maalesef Türk gösteri grubu ."
347,115,Diamond Premium Hotel Spa,"Pozitif yönü, kızımla konakladığım otelde hijyen,personel,performans,yemek herşey çok güzeldi.Bütün personel ihtiyacınızı anlamak için uğraşıyor ve buda sizi mutlu ediyor."
348,115,Diamond Premium Hotel Spa,"Negatif yönü, Otelin şu olumsuzdu diye değerlendireceğim önemli bir şeyi yok.Ben mayıs ayında konakladım tam sezonunu bilmiyorum nasıl bir performans ama benim için harikaydı."
349,115,Diamond Premium Hotel Spa,"Pozitif yönü, Konfor & temizlik & yemek & personel & animasyon ????????????harika bir tatil geçirdik . Tavsiye ederim ."
350,115,Diamond Premium Hotel Spa,"Negatif yönü, havuz animasyonunda biraz daha fazla etkinlikler olabilir."
351,115,Diamond Premium Hotel Spa,"Pozitif yönü, Yemekler güzel ve yeterli havuz çok güzel personel öüthiş hep güler yüzlü yardım ediyorlar terasta oturuyorsunuz size içecek getirmek için soruyorlar müthişti"
352,115,Diamond Premium Hotel Spa,"Negatif yönü, Akşam eğlenceleri yetersizdi"
353,116,Doubletree By Hilton Bodrum Işıl Club All Inclusive Resort,"Pozitif yönü, Diğer konularda herşeyde çok iyiydi söylenecek bişey yok good"
354,116,Doubletree By Hilton Bodrum Işıl Club All Inclusive Resort,"Negatif yönü, Alacarte restorant için rezervasyon alan ceylan hanım diye birisi mevcut aklı bi karış havada otele girdiğimiz gün scorpion balık restorandına rezervasyon yaptırdık cuma gününe işlemi tamamladım dedi cuma saat 8e yaptım cuma günü bi gittik rezalet rezervasyon yok adam bakıyor oda numarasına yok isime bakıyo yok meğer rezervasyon bile yapmamış biz öylece kalakaldık  biraz dikkatli uyarı yapın öyle süslenip püslenip gezmeye benzemiyor  Birde havuz yetersiz aqua park yok bunların olması daha güzel sonuçlar verebilir"
355,117,Elegance Hotel Marmaris,"Pozitif yönü, Merkezi ,temiz,"
356,117,Elegance Hotel Marmaris,"Negatif yönü, Yemek servis maaşlarının temizliği ve sonraki misafirlere hazırlanması daha hızlı olabilir"
357,117,Elegance Hotel Marmaris,"Pozitif yönü, Odalar ve genel olarak otel konforlu ve güzeldi."
358,117,Elegance Hotel Marmaris,"Negatif yönü, 5 yıldızlı bir otel ve herşey dahil konsepti olmasına rağmen, odada kahve seti yoktu, mini bar yetersiz ve ücretliydi, yemekler çok kötüydü, yemekler 3 yıldızlı otel ayarındaydı sadece aç kalmamak için yedik. Yemek saatleri dışında yiyecek birşey bulamadık. Çocuklar için dondurma dahi yoktu. Havuz barında sadece bira, rakı ve 3 çeşit kokteyl ücretsiz geri kalan herşey ücretliydi. Plaj kısmı çok küçük ve dipdibe şezlognlar ile dolu.  Çocuklu bir aile olarak bir daha asla bu oteli tercih etmeyeceğiz."
438,132,Royal Wings Hotel,"Pozitif yönü, Herşey çok güzeldi"
359,118,Galeri Resort Hotel,"Pozitif yönü, Otel konum olarak merkezden kısmen uzak olsa da sahil şeridi çok güzeldi, yemekler enfes, alkol ve içecekler güvenilir ve lezzetli. Havuzlar yeterli ve eğlenceli. Bebek ve aile dostu bir otel. İhtiyaç duyulan her şey var ve ortak kullanım alanları hep yakın. Çalışanlar çok sıcak kanlı ve yardımcı idi. Özellikle restoran şefimiz İlknur hanım her zaman yardımcı oldu ve güler yüzü ile bizi sıcacık karşıladı. Tüm otel çalışanlarına bebeğimiz ve bize yaşattıkları güzel tatil için teşekkür ediyoruz."
360,118,Galeri Resort Hotel,"Negatif yönü, Deniz aniden derinleşiyor ve dalgalı, bu açıdan bebekli ve küçük çocuklu aileler için denizde dikkatli olmak gerekiyor. Kaydıraklar kısmen bakımsızdı diyebilirim. Odalarda temizlik sonrası çarşaf ve havlu değişimi için özellikle belirtmek gerekti birkaç defa. Biraz eski olmasına rağmen çok güzel bakım yapılmış. Animasyon olarak biraz daha geliştirilebileceğini düşünüyorum."
361,118,Galeri Resort Hotel,"Pozitif yönü, Bebekli aileler için çok ideal. 3. Gelisimiz ikisi bebekle olmuştu.Her şey elinin altında. Yemekler çok iyi. Personel güler yüzlü arı gibi geziyolar sürekli. Havuzlar temiz, yeterli. Deniz dalgalı baya ama kenarda taşlarla da oynadık az da olsa dalgasiz zamanda girdik bebekle denize.surekli bı organizasyon var gündüz gece sürekli. Çocuklar için de eğlenceler var. Parkı yeterli her gün gittik.Seneye tekrar gitmek istiyoruz bakalım inşaallah ??"
362,118,Galeri Resort Hotel,"Pozitif yönü, Yemek kalitesi ve çeşitlilliği tatmin edici duzeyde. Personele 10 uzerinden 10 tamamı guler yuzlü ve herseye koşturuyorlar."
363,118,Galeri Resort Hotel,"Negatif yönü, Deniz asiri dalgalı otelin bu konuda yapacagi cok bisey yok belkide oteldeki tek zayıf nokta bu.Odalar cok buyuk olmasada zaten oda da vakit gecirilmedigi icin hic onemli degil."
364,119,Green Nature Resort Spa,"Pozitif yönü, Havuz güzel fakat kalabalıktan dolayı 5den sonra girebiliyorsun"
365,119,Green Nature Resort Spa,"Negatif yönü, Havuz manzaralı oda istediğimiz halde ormana bakan oda verdiler başka yerimiz yok dediler birdaha gitmem kimseyede tavsiye etmem"
366,119,Green Nature Resort Spa,"Pozitif yönü, Çocuk kulubü olması, aquapark olması bizim için çok faydalıydı. Odamız temizdi, manzarası güzeldi."
367,119,Green Nature Resort Spa,"Negatif yönü, Özellikle krem şantili tatlıları beğenmedik, otele girişte herşey -2de dediler sadece, neyin nerde olduğunu zamanla kendimiz keşfettik."
368,121,Narcia Resort,"Pozitif yönü, KALİTELİ GÜZEL EĞLENCELİ BİR TATİLDİ"
369,121,Narcia Resort,"Negatif yönü, HERHANGİ BİR OLUMSUZLUK GÖRMEDİM"
370,121,Narcia Resort,"Pozitif yönü, Personeller güleryüzlü çözüm odaklı"
371,121,Narcia Resort,"Negatif yönü, Yemekler biraz dön dolaş aynı gibiydi"
372,121,Narcia Resort,"Pozitif yönü, Hiç tereddüt etmeden tercih ediniz defalarca gittim her seferinde dahada iyi"
373,121,Narcia Resort,"Negatif yönü, Olumsuzluk Göremedim"
374,121,Narcia Resort,"Pozitif yönü, Her zaman her sene olduğu gibi mükemmel"
375,121,Narcia Resort,"Negatif yönü, Olumsuzluk Göremedim"
376,122,Nirvana Cosmopolitan Hotel,"Pozitif yönü, Çocuk, genç, yaşlı herkese göre doyurucu,keyifli tatil imkanı sunan bir yer"
377,122,Nirvana Cosmopolitan Hotel,"Negatif yönü, Herhangi bir olumsuz deneyimimiz olmadı"
378,122,Nirvana Cosmopolitan Hotel,"Pozitif yönü, Alacartlari cok kaliteli ve lezzetliydi Cocuk kulubu on numara cok memnun kaldik cocuklari klupden alamadik hanimla basbasa kalma firsatimiz oldu.Denizi cok iyiydi.hersey dahil oteller arasinda iyilerden diyebilirim.Cosmos klup cok klas ve basariliydi."
379,122,Nirvana Cosmopolitan Hotel,"Negatif yönü, Yemeklerde izgara balik ve izgara etlerde problem yasadim onun disinda olumsuz bir deneyimimiz olmadi.Az pismis olmasi bizi rahatsiz etti ilettik kendilerine"
380,122,Nirvana Cosmopolitan Hotel,"Pozitif yönü, Odalar temiz, genis ve ferah Yemekler harika Çalışanlar özenli  Eglence alternatifleri cok iyi"
381,122,Nirvana Cosmopolitan Hotel,"Pozitif yönü, Balayı çifti olduğumuz için welldone ve meyhane restoranlarına gittik. Çok çok memnun kaldık. Yemekler ve personel çok ilgiliydi. Onun dışında açık büfede her şey çok lezzetliydi otel çalışanları çok ilgiliydi. Otelde bulanan etkinlikler çok iyiydi."
382,122,Nirvana Cosmopolitan Hotel,"Negatif yönü, Odada ki yatak kötü olduğu için değiştirilmesini talep ettik. Yeni gelen yatakta bizi bir şeyler alerji etti. Her yerimizi böcekler yemiş gibi kabardı. Yatağa yattığımızda yeni yaralar oluşuyordu. Ekstra bir durumdu onun dışında kötü bir şey yok"
383,123,Pirate`s Beach Club,"Pozitif yönü, Odalar konum animasyon yiyecek içecekler temizlik mükemmel"
384,123,Pirate`s Beach Club,"Negatif yönü, Personel biraz isteksiz zayıf görünümlü deniz taşlı"
385,123,Pirate`s Beach Club,"Pozitif yönü, İlgili, güleryüzlü veher zaman yardımcı olmaya çalışan personel"
386,123,Pirate`s Beach Club,"Pozitif yönü, Tesis fiyata göre guzeldi. Animatörler personel iyi ve ilgiliydiler aile oteli güzeldi."
387,123,Pirate`s Beach Club,"Negatif yönü, Yani otel%99u turist idi yerli turist çok azdı.  Bu yüzden herkes Rusça ve Almanca konuşuyor animatörler Türkçe bilmiyor benim için Türkçe bilen Rus tercüman gelmişti:)   ben biraz sıkılmıştım. Yemeklerde kırmızı et yoktu genel olarak balık ve tavuk  bunlar dışında iyiydi"
388,124,Port Nature Luxury Resort Hotel Spa,"Pozitif yönü, her zaman bişeyler yemek için seçenek olması güzel"
389,124,Port Nature Luxury Resort Hotel Spa,"Negatif yönü, denizi taşlık"
390,124,Port Nature Luxury Resort Hotel Spa,"Pozitif yönü, Yemek odalar temizlik"
391,124,Port Nature Luxury Resort Hotel Spa,"Negatif yönü, Bebek arabasi kirasi 10 euro olmasi   animasyonlar  daha iyi olabilir"
392,124,Port Nature Luxury Resort Hotel Spa,"Pozitif yönü, sorun yaşamadık misafirler birbirlerine gayet saygılı ve persnel de bir o kadar da güleryüzlü."
393,124,Port Nature Luxury Resort Hotel Spa,"Negatif yönü, 1- çok kaliteli peçete bile kullanmalarına rağmen ıslak mendik zor buluyorduk. 2- personelin çıkış yaparken tüm müşterilerin sanki potansiyel hırsızmış gibi valizlerini dedektör ile aramaları çok rahatsız etti. bunun yerine giriş ve çıkışlarda mağazalardaki gibi dedektör sistemi olsa daha iyi olur düşüncesindeyim. 3- çocuk havuzunda cam kığı buldum ve görevlilere vererek temizlenmesi konusunda uyardım. daha titiz olursa sevinirim."
394,124,Port Nature Luxury Resort Hotel Spa,"Pozitif yönü, Yeme içme gayet güzeldi ilgi alaka çok. İyi çok memnun kaldık"
395,125,Porto Bello Hotel Resort Spa,"Pozitif yönü, Çalışanlar çok güleryüzlü  ve yardımsever odalar hijyenik ve konforlu"
399,126,Radisson Blu Resort Spa Çeşme,"Pozitif yönü, Temizlik ön planda Sahil deniz yakin tertemiz."
400,126,Radisson Blu Resort Spa Çeşme,"Pozitif yönü, Yemekler çeşitli ve lezzetli idi. Otel kullanım alanları temiz personel güler yüzlü idi."
401,126,Radisson Blu Resort Spa Çeşme,"Negatif yönü, Extra yiyecek ve içecekler çok pahalı. En azından akşam veya akşam yemekten sonra çay ikramı olmalı idi"
402,126,Radisson Blu Resort Spa Çeşme,"Pozitif yönü, Deniz genel konsept"
403,126,Radisson Blu Resort Spa Çeşme,"Negatif yönü, Odalar eski, resepsiyon sonuc odakli degil. Ilk yerlestirildigim odada telefonlar calismiyordu banyo kaposi kapanmiyordu. Zorla degistirdim oda yok dendi ama baska bir personel iki dakikada odayi ayarladi. Odalarda hala haliflex olmasi, banyolarin kuvetli olmasi bu fiyattaki bir otel icin dusuk performans.  Oda servisinde uc kisi kalmamiza ragmen hep iki kisilik servis verildi biz uyardik tuvalet kagidi konulmadi vs vs. ayrica bayramda hicbir etkinlik yapilmamasi dikkatimi cekti??"
404,126,Radisson Blu Resort Spa Çeşme,"Pozitif yönü, Deniz plajı,güzel yemekleri"
405,126,Radisson Blu Resort Spa Çeşme,"Negatif yönü, Fiyat biraz daha uygun olabilirdi ,ekstra yiyecekler içecekler  pahalı"
406,126,Radisson Blu Resort Spa Çeşme,"Pozitif yönü, Ikinci kez aile olarak geliyoruz ve yine cok memnun kaldik. Olumsuz olarak tek soyleyebilecegim birinci sey plajin cok temiz olmamasi. Dogrudan otelle ilgili degil tabi, insanlar malesef kotu. Ama otel bence sezon baslamadan bir temizlik yapsa cok daha iyi olurdu. Ikincisi ise masa tenisi ve spor salonundaki ekipmanlarin yenilenmesi gerekiyor.  Bunlarin disinda yemekler mukemmeldi, seneye tekrar gorusmek uzere tum otel personeline cok tesekkurler."
407,127,Regnum Carya,"Pozitif yönü, Yemekleri otel mimarisi pasteneler"
408,127,Regnum Carya,"Negatif yönü, Personel ilgisizliği ama en çok yemek akşam servisi Murat bey beyendik . Bir daha gelmeyiz"
409,127,Regnum Carya,"Pozitif yönü, Regnum assist çok profesyonel bir hizmet ve ekibi çok iyi çalışıyordu. Çocuk kulübü mükemmeldi.Çalışanlar çok ilgiliydi.Yazın özellikle çocuk kulübü için tekrar geleceğiz. Yiyeceklerin lezzeti eşsizdi, alacart restaurantlar ve alacart rezervasyon deski çok iyi çalışıyordu. Pastane ve özellikle fırın kısmı çok keyifli mekanlardı, çalışanları çok iyiydi. Tüm çalışanlar çok ilgiliydi. Mükemmel bir tatildi. Teşekkür ederiz."
410,127,Regnum Carya,"Negatif yönü, Kapalı havuz alanı soğuktu, dışarı açılan kapı sürekli açılıp kapandığı için soğuyordu sanırım. 2 kere denedik, üşüdüğümüz için kullanamadık."
411,127,Regnum Carya,"Pozitif yönü, Her detay çok iyi düşünülmüş , çok temiz, şık , yemekler müthiş lezzetli"
412,127,Regnum Carya,"Pozitif yönü, Odalar ve temizlik"
413,127,Regnum Carya,"Negatif yönü, Ilgisiz  tecrübesiz ve yeterli olmayan personel ve onları idare edemeyen sorunları görmezden gelen üstleri"
414,128,Rixos Downtown Antalya,"Pozitif yönü, Hizmet,yemek ,personel,yemek ve içecek kalitesi hepsi süper çalışanlar güler yüzlü ilgi mükemmel"
415,128,Rixos Downtown Antalya,"Negatif yönü, Odadaki yataklar bir tik bakım yapılmalı"
416,128,Rixos Downtown Antalya,"Pozitif yönü, Snack bar dedikleri lahmacun yapılan kısım şahaneydi. Bütün tatil orda yemek yedik. İçecekler iyiydi."
417,128,Rixos Downtown Antalya,"Negatif yönü, Hizmet yavaş. Deniz sahil bölümü otele ait olan süper ama suriyeli afganlı bilemiyorum bizimle aynı yerde rahatsız edecek kadar güvensiz bölüm ."
418,128,Rixos Downtown Antalya,"Pozitif yönü, Personel harika deniz mükemmel"
419,128,Rixos Downtown Antalya,"Negatif yönü, Çocuk havuzu için oyun alanı kaydırak v.s. Yapılabilir havuz biraz daha hareketlilik kazanmalı"
420,128,Rixos Downtown Antalya,"Pozitif yönü, sıcakkanlı personel yemekler ve sosyal olanaklar çok iyi çocuklar için ekstra programlar yapılması mükemmel güler yüzlü ve mükemmel bir hizmet vardı."
421,128,Rixos Downtown Antalya,"Negatif yönü, .olumsuz yön bulunmamakta"
422,129,Robinson Club Pamfilya,"Pozitif yönü, Temizlik,denizinin kum olması,personel güler yüzlü ve işlerini severek yapıyor olması,yemekler ve çeşitliliği,ortak alan temizliği,etkinlikler,sakin ve aile oteli olması."
423,129,Robinson Club Pamfilya,"Negatif yönü, Karşılama ve uğurlama yetersiz ve gecikmeliydi."
424,130,Robinson Çamyuva,"Pozitif yönü, Her öğün yemek salonunda sizi şaşırtacak sürprizler sizi bekliyor. Sushi dahil servis edildi.  Sıkma havuç, elma, portakal suları taze meyvelerden yapılmış smoothieler her sabah kahvaltıda hazırdı. Otel dolu olmasına rağmen hiçbir şekilde kaotik bir ortam yoktu, şezlonglar yeterli sayıdaydı.  Odalar temiz ve her zaman serindi."
425,130,Robinson Çamyuva,"Negatif yönü, Tek bir olumsuz şey söyleyebileceğim, çaylar biraz daha iyi olsa kahvaltıların keyfi bir kat daha artardı."
426,130,Robinson Çamyuva,"Pozitif yönü, deniz tarafı iyi odalar büyük ve rahat yemeklerde iyi"
427,130,Robinson Çamyuva,"Negatif yönü, odalar çok karanlık tuvalette taharet musluğu yok yemek masaları 8 li hiç tanımadığın kişilerle yemek yerken küçük tartışmalar çıkıyor"
428,130,Robinson Çamyuva,"Pozitif yönü, Yemekler, şovlar, deniz, manzara be konfor mükemmel"
429,130,Robinson Çamyuva,"Negatif yönü, Hiç bir olumsuzluk yok."
430,130,Robinson Çamyuva,"Negatif yönü, Merhaba otelle alakalı hiçbir problem yaşamadık aksine şahane geçti tatilimiz. Sadece gitmeden önce Tatil Sepeti tarafından bir bilgilendirme maili gitmesi gerekiyor misafirlere, çünkü otelin konsept etkinlikleri gereği misafirlerin hazırlıklı gitmesi gerekebiliyor. Örneğin; retro parti vardı ve bizim bilgimiz olmadığından dress code’a uyum sağlayamadık. Otelin değil sizin platformunuzun sorumluluğunda olması gerektiğini düşünüyorum. Teşekkürler"
431,131,Royal Seginus Hotel,"Pozitif yönü, Güleryüzlü ve Hizmet odaklı personeli çok iyiydi. Otel odalarında misafirlerin rahatlığı için en ince ayrıntısına kadar düşünülmüş ve tasarlanmış."
432,131,Royal Seginus Hotel,"Negatif yönü, Mini bar girişte birdefa dolduruluyor. İçeceklerin SKT leri geçmiş veya geçmek üzereydi. Dikkat edilmelidir."
433,131,Royal Seginus Hotel,"Pozitif yönü, Yeme-içme son derece lezzetliydi."
434,131,Royal Seginus Hotel,"Negatif yönü, Erkek grupları ailelerin huzurunu kaçırıyor."
435,131,Royal Seginus Hotel,"Pozitif yönü, Mükemmeldi. Kesinlikle tavsiye ediyorum. Otel ve hizmet hakkında hiç tereddütünüz olmasınz"
436,131,Royal Seginus Hotel,"Pozitif yönü, Yemek , servisler"
437,131,Royal Seginus Hotel,"Negatif yönü, Soğuk kapalı havuz ve hamam"
439,132,Royal Wings Hotel,"Pozitif yönü, Çok sıcak ve guleryuzlu personel  her yer tertemiz yemekler güzel harika bir otel herkese tavsiye ederim en kısa zamanda tekrar gidecem"
440,132,Royal Wings Hotel,"Negatif yönü, Her şey güzel olumsuz bir seyle karşılaşmadım"
441,132,Royal Wings Hotel,"Pozitif yönü, Deniz manzarası güzel, oda temiz, kahvaltısı güzel, Alkol seçenekleri çok, tatlıları güzel, terası güzel"
442,132,Royal Wings Hotel,"Negatif yönü, Ana yemek seçeneği kısıtlı, Hamam buz gibi, göbek taşı soğuk, aktivite yok, tavla ile vakit geçirebilirsiniz."
443,132,Royal Wings Hotel,"Pozitif yönü, Yemekler ,sahuna ,hamam kapalı havuzu ve odalar çok temiz  ve çalışan personeller çok alakadar di."
444,132,Royal Wings Hotel,"Negatif yönü, Aile odasında kaldım havalandırma ile ilgili problem yaşadım."
445,135,Campus Hill Hotel,"Pozitif yönü, Odalar temiz Personeller ilgili İşletme müdürü çok iyi biriydi. Hizmet güzeldi Havuz, deniz harikaydı"
446,135,Campus Hill Hotel,"Negatif yönü, Yiyecekler de çesit artırılmalı ve koku konusunda dikkat edilmeli.  Soğan dogradıkları bıcakla karpuz doğranmış kısaca bunu desem yeterli..."
447,139,Radisson Collection Bodrum,"Pozitif yönü, Doğaya zarar vermeden hem konfor hem cazibe kazandırılmış. Bunu sağlayanlara minnet duyulacak bir tesis."
448,139,Radisson Collection Bodrum,"Negatif yönü, Gelen misafirlerin sahili sigara izmaritleri ile doldurması beni en çok rahatsız eden konu oldu. ?????? . İnsanlarımız bu konuda hem bilinçsiz hem duyarsız. Tesisin bu yönde belki uyarılarla bunu önlemeye çalışması önerim olabilir."
449,140,Side Sunport Hotel Spa Ex Side Sungate,"Pozitif yönü, Aslında giderken korkuyordum ne çıkacak diye ama mükemmel ötesi bir tatil yaşadım??"
450,140,Side Sunport Hotel Spa Ex Side Sungate,"Negatif yönü, Olumsuz yönü otelde Türk turist yok denecek kadar az. Her şeyin Almanca olması şartlardan kaynaklanıyor ama kendi ülkemde mülteci gibi hissettim. Bu da otelden değil ülkenin şartlarından kaynaklı"
451,144,Ambrosia Hotel,"Pozitif yönü, Konum ve personel iyi..."
452,145,Aqı Hydros Club,"Pozitif yönü, Deniz çok iyi, personel çok iyi, yemekler iyi, içecek ve içki kalitesi yükseltilebilir."
453,145,Aqı Hydros Club,"Pozitif yönü, Otel olanakları aradındaki mesafe kısaydı ve bu sebeple asla yorucu olmuyor. Dış alan temizliği ve düzeni çok iyi. Çalışanlar nezaketli bir samimiyete sahip. Yemek çeşitliliği ve lezzeti çok iyi. Normalde animasyona dair şeyler ilgimizi çekmez ancak bu kez hem ebeveynler hem de çocuğumuzla memnun ayrıldık. Bahçeleri çok büyük. Çimleri bakımlı. Portakal, mandalina, nar ağaçları var ve hepsi meyve vermiş halde. İçeride kedi, horoz, tavuk ve civciv var. Bunun çocuklara olan iyi etkisini gözlemledik. Havuz sayısı fazlasıyla yeterli. Gördüğüm kadarıyla 2 büyük ve 2 çocuk havuzu var. 1 de kaydıraklı minik havuz var. Merkeze yürüme mesafesinde. Hemen otel çıkışında solda park var. Spor salonu çok steril ve havalandırması iyi. Alet sayısı yeterli."
454,145,Aqı Hydros Club,"Negatif yönü, Oda temizliği, bahçe temizliğine kıyasla bir parça zayıf kalıyor. Sabun, bardak takibi çok iyi değil. Asla olumsuzluk olmamakla birlikte kalabalık bir otel olduğu için geç kalınması halinde sahilde yer bulmak zor olabiliyor."
455,145,Aqı Hydros Club,"Pozitif yönü, geniş ve ferah bir ortamı var özellikle mandalina ve limon ağaçlarına bayıldık."
456,145,Aqı Hydros Club,"Negatif yönü, Serin bir pastane bölümü olmalıydı. Restoran dışında ki o da yemek saatleriyle sınırlı çay kahve içilebilecek serin bir yer bulamadık. Bergamotlu çay yoktu. Bahçede çok horoz vardı sabah biraz rahatsızlık verdi. AMA EN KÖTÜSÜ RESTORANDAN HİÇ EKSİK OLMAYAN KEDİLERDİ. Otel yönetimi kedi işini mutlaka çözmeli."
457,148,Blue Fish Hotel,"Negatif yönü, Plajı kayalık olduğu için denize girmek zorlaşıyor. Havuzda koku çok oluyor biraz daha hijyenik olabilir."
458,149,Charm Beach Hotel,"Pozitif yönü, Personelin ilgisi, tesisin mimarisi ve dekoru, odalar, temizlik, içecek kalitesi, hayvan dostu olması??"
459,149,Charm Beach Hotel,"Negatif yönü, Deniz biraz hırçın:("
460,149,Charm Beach Hotel,"Pozitif yönü, Havuz+deniz"
461,149,Charm Beach Hotel,"Negatif yönü, Genel olarak temizliğe önem verilmiyor. Gerek odaların gerekse ortak kullanım alanları yeteri kadar temizlenmiyor. Bununla beraber osmanlı ve balık restoranlarını birer defa ücretsiz kullanma hakkımız vardı ama kullanamadık. Tatilin yarısında kapalıydı diğer yarısında ise dolu olduğu söylendi ancak pek inandırıcı gelmedi."
462,149,Charm Beach Hotel,"Pozitif yönü, Personel harika."
463,149,Charm Beach Hotel,"Negatif yönü, Banyolar ve havuz çok kirli"
464,149,Charm Beach Hotel,"Pozitif yönü, Konumu güzel, animasyonlar iyi, otelden dışarı çıkmadan aktivitelere katılınabilir. Yemekler iyi, içecek çeşitli, deniz ve havuz temiz."
465,149,Charm Beach Hotel,"Negatif yönü, Denizi çok dalgalı ve derin, otelin bulunduğu konum rüzgarlı. Odalar biraz daha yenilenebilir. Odalae tamamen dolu olduğunda yemek bölümündeki masalar yetersiz kalıyor. Yemekler az geliyor ve takviye edilmiyor."
466,149,Charm Beach Hotel,"Pozitif yönü, Temizlik, personel ilgisi, cankurtaranların görev bilinci, hayvan dostu, sakin, otopark"
467,149,Charm Beach Hotel,"Negatif yönü, Animasyon yetersiz, yemekler orta, tavuk dışında ızgara türü yok, kalabalıkta yemek ve havuz kenarı şezlong  yetersiz, dniz hemen derinleşiyor kum yerine ince taşlı,"
468,150,Club Bella Mare Beach,"Pozitif yönü, Personel ilgisi"
469,150,Club Bella Mare Beach,"Negatif yönü, Plaj havlusunu ücret karşılığı veriyor"
470,150,Club Bella Mare Beach,"Pozitif yönü, Beş çayındaki börek."
471,150,Club Bella Mare Beach,"Negatif yönü, Tesis kötü işletiliyor. Yöneticilerin kendileri aynı parayı vererek aileleriyle benzer bir yerde tatil yapmazlar. Personel turizmci değil ve sayısı az. Yemekler çok kötü. İnsanlar zehirlenmemek için sandviç hazırlayıp onu yediler. Biz sadece belirli ve zararsız şeyleri yiyebildik. Odalar pis, temizlik özellikle kötü. Genel olarak makul bir otelcilik hizmet sunulmuyor. Marmaris'e de uzun bir aradan sonra tekrar geldik. Hiç hoşlanmadık. Aynı parayla yurtdışında tatil yapabilirdik. Oldukça pişmanız. Bir daha da asla gitmeyiz."
472,150,Club Bella Mare Beach,"Pozitif yönü, Havuz temizliği denize konumu olarak gayet memnun kaldım . Yemekler lezzet olarak iyiydi .   Masaj yapan hangemdiden memnun kaldım kibar ve ilgiliydi"
473,150,Club Bella Mare Beach,"Negatif yönü, Yemek cesitliligi azdi güzel yemekler sınırlıydı . Oda temizliği orta seviyede yatak konumu değiştirdiğimizde yerler pisti. Çalışanlar yeteri kadar ilgili değildi ."
474,150,Club Bella Mare Beach,"Pozitif yönü, Konumu harika ama merdiven ile çıkış olmasa Denizi mükemmel ama sahilin bakıma ihtiyacı var."
475,150,Club Bella Mare Beach,"Negatif yönü, tesisin tamamen yenilenmesi gerekir."
476,150,Club Bella Mare Beach,"Pozitif yönü, Konum olarak harika bir yer. Çok keyifli. Mavi ve yeşil bir arada. Denizi çok temiz,plajı kullanım olarak gayet iyi."
477,150,Club Bella Mare Beach,"Negatif yönü, Genel müdürü ve diğer yetkilileri ortada görmek imkansız. Herhangi bir sıkıntını veya isteğini anlatabileceğin hiç bir yetkili YOK!!!  Çözümsel olarak kötü yönetiliyor. Böyle harika bir yere yazık ediliyor.."
478,151,Club Kastalia Holiday Village,"Pozitif yönü, Herşeyiyle mükemmel"
479,151,Club Kastalia Holiday Village,"Pozitif yönü, Havuzlar yemekler güzel  Ortam ferah tekrar gelirim"
480,151,Club Kastalia Holiday Village,"Pozitif yönü, Denize sıfır olması yemek konusunda çok başarılı her gün oda temizliği gerçekten mükemmel personelin güler yüzlülüğü etkinliklerin olması"
481,151,Club Kastalia Holiday Village,"Negatif yönü, İçerdeki marketin pahalı olması"
482,151,Club Kastalia Holiday Village,"Pozitif yönü, İkinci kez gittim ve bir daha gitmek istiyorum. Başta animasyon ekibinden kızımızla çok güzel ilgilenen Arda hoca olmak üzere tüm ekibe çok teşekkürler! Yeşillikler içerisinde geniş bir alanda olmasıyla küçük bir bölgeye sıkışmış betondan oluşan 5 yıldızlı otellerden ayrılarak büyük bir fark yaratıyor. Geniş Aquaparkı çocukların vazgeçilmezi. Yemekleri ve aktiviteleri oldukça güzel ve çok çeşitli.  Kesinlikle tavsiye ederim."
483,151,Club Kastalia Holiday Village,"Negatif yönü, Olumsuzluk değil ancak ekstra olarak belki odalara diş fırçası konulabilir."
484,152,Club Munamar Beach Resort,"Pozitif yönü, Havuz sayısı çeşitli.Personel ihtiyaç durumunda yardımcı oluyorlar."
485,152,Club Munamar Beach Resort,"Negatif yönü, Hep aynı tatlılar çıkıyor.Yemeklerin bazıları kalanlar ve ekşimiş. Plajda şezlong sayısı çok çok az."
486,152,Club Munamar Beach Resort,"Pozitif yönü, Oda konforu"
487,152,Club Munamar Beach Resort,"Negatif yönü, İçecek ve yemek"
488,152,Club Munamar Beach Resort,"Pozitif yönü, Deniz yakınlığı havuz temizliği"
489,152,Club Munamar Beach Resort,"Negatif yönü, Odalar dökülüyor yataklar eski yemekler berbat"
490,152,Club Munamar Beach Resort,"Pozitif yönü, Yeme içme yeterli seviyede ve lezzetliydi tesis temiz ve personeller Güler yüzlüydü memnun kaldığımız bir tatil oldu bizim için teşekkür ederiz."
491,152,Club Munamar Beach Resort,"Negatif yönü, 2 bina arasında mesafe olması,çocuk havuzunun yetersiz olması geliştirilmesi gerekiyor."
492,152,Club Munamar Beach Resort,"Pozitif yönü, Akşam eglenceleri çok güzel"
493,152,Club Munamar Beach Resort,"Negatif yönü, Yemek hizmeti ve havuz hijyeni biraz daha iyi olabilirdi"
494,153,Dragut Point South Hotel,"Pozitif yönü, Hijyen iyiydi ve personelleri güler yüzlüydü."
495,153,Dragut Point South Hotel,"Negatif yönü, Çocuk aktiviteleri hiç yok çocuklu ailelere göre değil."
496,153,Dragut Point South Hotel,"Pozitif yönü, Personelin güler yüzüne hayran kaldım.Fatih bey ,Salih bey ayrıca teşekkürler"
497,153,Dragut Point South Hotel,"Negatif yönü, Oda temizliği 0 söylemeden hiç birşey yaptıramıyorsunuz ama görevli olan ablayada ayrıca teşekkür ederim.Çünkü ne istediğiysem elinden geldiğince karşılamaya çalıştı ."
498,153,Dragut Point South Hotel,"Pozitif yönü, Personel güleryüzlü"
499,153,Dragut Point South Hotel,"Negatif yönü, Yemek çeşiti geliştirilmeli oda temizliği sadece yatak düzeltmekten ve çöpleri atmaktan ibaret… maalesef memnun kalmadım tekrar tercih edeceğim bir otel değil"
500,153,Dragut Point South Hotel,"Pozitif yönü, Sahil oteli"
501,153,Dragut Point South Hotel,"Negatif yönü, Personel daha bilgili ve özenli olmalı çatal bıçaklar masalara atılmadığı için paketlenmeli herkes kendi alıyor hijyen açısından iyi değil bardaklar mika veya plastik. Havuz harici cam bardak kullanılabilir. içecek sunumları kaliteli olmalı. Yeterli personel bulunmadığı için barlarda zaman zaman çalışan yok. Kaliteli hizmet güleryüz ve bilinçli yönetimle çok daha güzel bir otel olabilir"
502,153,Dragut Point South Hotel,"Pozitif yönü, Personelin güleryüzü ve sevecenliği"
503,153,Dragut Point South Hotel,"Negatif yönü, Yemeklerin kalitesizliği"
504,155,Söz Hotel Gümbet Ex The Best Life Hotel Gümbet,"Negatif yönü, Temizlik adam akıllı yok yemekler her gün aynı denizde plaj yok"
505,169,Side Palm Dor Hotel,"Pozitif yönü, Herşey olumlu"
506,169,Side Palm Dor Hotel,"Negatif yönü, Yoktu her şey dört dörtlüktü"
507,169,Side Palm Dor Hotel,"Pozitif yönü, Havuz çalışanlar"
508,169,Side Palm Dor Hotel,"Negatif yönü, Denize uzak mesafe olduğunu ve odalarda İnternet ücretli olması ayrıca lobideki internetin berbat derece yavaş olması"
509,186,Side Sunberk Hotel,"Pozitif yönü, Otel temiz denize 10 dk yürüme mesafesinde,temiz personel ilgili yemekler çeşit yok ama güzeldi"
510,186,Side Sunberk Hotel,"Negatif yönü, Havuz çok aşırı küçük yemekler çeşitlendirilebilir onun dışında tesis sevimli"
511,189,Lara Otel 12 Adult Only,"Pozitif yönü, Tüm odaları deniz manzaralı ."
512,189,Lara Otel 12 Adult Only,"Negatif yönü, Otel odaları, ve denize inen merdiven ve çevresi restorasyon dan geçmeli ."
513,189,Lara Otel 12 Adult Only,"Pozitif yönü, Çalışan arkadaşlar gayet uyumlu ve ilgili"
514,192,Marbas Select Beach,"Pozitif yönü, Yemekler ve içecekler gayet güzeldi. Ayrıca çalışan arkadaşlardan çok memnun kaldık. Konum da iyiydi."
515,192,Marbas Select Beach,"Negatif yönü, Maalesef plaj ufak ve şezlonglar çok yetersiz. Havuz da ufak ve aynı şekilde 5 tane şezlong var sadece. Hepsi kapılıyordu deniz ve havuz tarafı. Bu yönden hiç memnun kalamadık."
516,192,Marbas Select Beach,"Pozitif yönü, YEMEKLER, HAVUZ-DENİZ, KONUMU, PERONEL  İYİ"
517,192,Marbas Select Beach,"Negatif yönü, TEMİZLİK PERSONELİ HİÇ UĞRAMADI, TV DE 2 GÜN TEK KANAL(TRTR1) VARDI TEKNİK SERVİS GEÇ GELDİ"
518,192,Marbas Select Beach,"Pozitif yönü, çalışanlar genelde güler yüzlü yardımcı ve çözüm odaklı hotelin konumu çok iyi tavsiye ederim"
519,192,Marbas Select Beach,"Negatif yönü, Odadaki duşlar Ve Asansör çöm kötü"
520,192,Marbas Select Beach,"Pozitif yönü, Otelin konumu, çalışanların gayreti güzeldi"
521,192,Marbas Select Beach,"Negatif yönü, Deniz manzaralı satın aldığımız odaya 1 gün geç yerleştik, kara manzaralı oda verdiler. Aradaki farkı iade etmediler. Ayrıca, yemekhanede sebildeki suyu çeşmeden dolduruyorlardı. Odaya kapalı su istediğimizde nazlanarak verdiler. Odaya tuvalet kağıdı bile koymadılar son 3 gün. Sürekli tavuk yemeği çıkarıyorlardı. Otelin banyosunda duş teknesi var eski çağlardan kalma. Sürekli gider tıkanıyordu. Yani genel anlamda bir daha önünden geçmek istemeyeceğim bir otel."
522,192,Marbas Select Beach,"Pozitif yönü, Lokasyon dışında olumlu hiç bir yanı yoktu."
523,192,Marbas Select Beach,"Negatif yönü, Tamamen berbat bir otel. Çalışanlar kaba ve asla yardımcı olmuyorlar. Uzun bir yolculuk sonrası vardığımızda bir bardak su için yalvarmak zorunda kaldık. Buzu bile tane ile veriyorlar. Yemekler çok kötü, asla herşey dahil sınıfında değil. Kaldığım en kötü oteldi. Ertesi gün çıktık ve iptal istedik. Kesinlikle tavsiye etmem"
524,195,Myra Hotel,"Pozitif yönü, Yemekler konum fiyat"
525,195,Myra Hotel,"Negatif yönü, Havuz derin"
526,198,Point Beach,"Pozitif yönü, Konumu güzel"
527,198,Point Beach,"Negatif yönü, Yemekleri,klima eksikliği,restoranın kötü ve müşteri açısında elverişsizliği"
528,198,Point Beach,"Pozitif yönü, Personel çok iyi niyetli.Hiç bir rahatsızlık yaşamadık."
529,198,Point Beach,"Negatif yönü, Oda temizliği,ana menü yemekleri aynı.Alkollü içecekler çok kötü."
530,198,Point Beach,"Pozitif yönü, Konum harika"
531,198,Point Beach,"Negatif yönü, Tesisteki bardak krizi"
532,198,Point Beach,"Pozitif yönü, Personel yardımcı olmaya, aksaklıkları düzeltmeye gayretliydi. Bize daha büyük oda jesti yaptılar. Denize çok yakın ve manzara nefisti. Girişte bizi Atatürk posterinin karşılaması bizi çok mutlu etti. Kaldığımız odanın klimasının sorunsuz çalışmasından ve yavaş olsa da internet bağlantısından memnunuz."
533,198,Point Beach,"Negatif yönü, Otel bakımsız ve temizlik yeterli değil. Havluların rengi sararmış. İçecek alınan bardak, fincanda ruj izi vardı. Bar diye bir şey yoktu diyebilirim. Tek çeşit kokteyli hazırlayıp soğutucuya koymuşlar, istediğiniz kokteyli hazırlamıyorlar. Yemekler yeterli çeşitlilikte değildi. Her gün tavuk yemeği çıktı. Çay saatinde marketten alınan pastalar çıkıyor. Otel tadilata girecek diye her şey kaderine bırakılmış. Balkondaki sandalyeler çürümüş, telleri çıkmış. Kaldığımız odanın balkon kapısı kilitlenmiyordu. Sahildeki şezlonglar kırık, minderleri eskimişti."
534,202,Beetle House Coffee Hotel,"Pozitif yönü, manzara , kahvaltı, otel temizliği, odalar.."
535,202,Beetle House Coffee Hotel,"Negatif yönü, cekyat bolumundeki klima sogutmuyordu. bir de oraya yatak ortusu olarak kullanacak bir malzeme verilbilirdi"
536,217,Hotel 212,"Pozitif yönü, Personel Kahvaltı"
537,217,Hotel 212,"Negatif yönü, Sabahtan akşama kadar yan otelden gelen rahatsız edici müzik sesi Odanın küçüklüğü Balkon olmaması Banyo lavabosundaki karıncalar Pencerelerin ve demirlerin çok kirli olması Minibarın odadan çıkınca soğutmaması"
538,218,Hotel Gold Stone,"Negatif yönü, Yemekler çok kötü içecek yok suya bile ekstra para isteniyor"
539,221,Kaş Marin Hotel,"Pozitif yönü, Çok keyifli bir konaklamaydı. Otelde görevli tüm arkadaşlara kaliteli hizmet anlayışları, müşteri memnuniyetini gözetmeleri ve yardım severliklerinden ötürü teşekkür ediyorum. Kaş'a giden her tanıdığıma tavsiye edeceğim bir adres olacak."
540,235,Relax Beach Hotel,"Pozitif yönü, Denize yakınlık, havuz, anayola yakınlık, çalışanların samimiyeti, orta büyüklükte bir yer olması, Cihat Bey."
541,235,Relax Beach Hotel,"Negatif yönü, Sonuna ve hamam ücretsiz olsa daha mutlu olurduk."
542,235,Relax Beach Hotel,"Pozitif yönü, olumlu yönü salatalar fena değildi Personel elinden geleni yapmaya çalışıyor zaten o tesis personel sayesinde ayakta duruyor diye düşünüyorum"
543,235,Relax Beach Hotel,"Negatif yönü, Personel iyi fakat yönetim ve patron mantığı değişmeli."
544,235,Relax Beach Hotel,"Pozitif yönü, Otel aktiviteleri çok güzel heryer piril piril hergun oda temizliği yapılıyor ekstra temizlik ihtiyacımızın bile yardımcı oldular"
545,235,Relax Beach Hotel,"Negatif yönü, Turk kahvesinin ücretli olması:)"
546,237,Silver Hotel,"Pozitif yönü, Ufak tefek aksaklıklar dışında tam bir aile oteli. Personel güleryüzlü ve çalışkan. Odaların temizliği konusuna biraz daha özen gösterelebilir ancak çalışanlar ellerinden geleni yapmaya çalışıyor. Mutfak ve çeşitlilik iyi ancak kullanılan çatal bıçak ve tabaklar yenilenme istiyor gibi. Yoğunluk olmasına karşın verilen hizmet iyi. Herhangi birşey için 'bitti kalmadı' denilmiyor. ancak, çayın demlenmesi konusunda misafirlerin zamansız müdahaleleri sıkıntı oluyor. Herşey için teşekkürler."
547,237,Silver Hotel,"Negatif yönü, Beklentilerinize göre ve baktığınız yere göre yani eksik ararsanız bulursunuz, ancak ful olan bir otelde bir takım aksaklıkların olması normal. Belki spor gibi aktiveteler için yeni alanlar oluşturulabilir. Teşekkürler."
548,244,A11 Hotel Obaköy,"Pozitif yönü, personellerin davranışiları gayet güzeldi"
549,244,A11 Hotel Obaköy,"Negatif yönü, televizyonda kanallar yok  tuvalette havalandırma yok oda  tuvalet kokuyor sıcak su bi azalıyor bi çoğalıyor"
550,244,A11 Hotel Obaköy,"Pozitif yönü, Çocuklar mutluydu"
551,244,A11 Hotel Obaköy,"Negatif yönü, spa bölümünü işleten şahıs sadece sınırlı saatte 1230 ile 1430 arası faydalanabilirsiniz diyor yani yemek saatinde kullandırmaya çalışıyor pratikte spa bölümünden faydalanamıyorsunuz otel yönetimi problemi çözemedi sizin bilgilerinizde bu bilgi yok."
552,244,A11 Hotel Obaköy,"Pozitif yönü, Çalışanlar güler yüzlü ve anlayışli"
553,244,A11 Hotel Obaköy,"Negatif yönü, Odalar biraz daha önem gösterilmeli TV banyo sıkıntıli"
554,246,Blue Diamond Alya Hotel,"Pozitif yönü, Personeller her yönü ile çok iyi"
555,246,Blue Diamond Alya Hotel,"Negatif yönü, Deniz çok dalgalı ve aşırı taşlı"
556,247,Caprice Beach Hotel,"Pozitif yönü, denize olan yakınlığı ve otel konumu gayet güzel oluşunun dışında çok olumlu bir değerlendirme yapamayacağım."
557,247,Caprice Beach Hotel,"Negatif yönü, Yatakları çok rahatsızdı ayrıca animasyon yönünden çok zayıf çocuklara yönelik animasyon açısından hiç bir şey yok"
558,247,Caprice Beach Hotel,"Pozitif yönü, Havuzu çok güzel...gayet temiz...çalışanlar çok ilgili...otelin konumu da gayet iyi...fiyat performans gayet iyi..."
559,247,Caprice Beach Hotel,"Negatif yönü, Denizi çok taşlı ve yosunlu..."
560,247,Caprice Beach Hotel,"Pozitif yönü, yemekler vs iyi ama genel olarak otel berbat ötesi bu zamna kaadar en az 10 otele gttim en kötusu bu"
561,250,Costa Farilya Special Class Hotel Bodrum,"Negatif yönü, her yıl bu otelde tatil yaparız. ilk kez kahvaltıyı çok vasat bulduk. zaten ilgili personele de söyledik.  kahvaltı hariç harikaydı her şey."
562,250,Costa Farilya Special Class Hotel Bodrum,"Pozitif yönü, Plaj ve deniz güzel"
563,250,Costa Farilya Special Class Hotel Bodrum,"Negatif yönü, Odalar küçük ve basık  Kurutma makinası kendini bile kurutanıyor  Kutu mendil istedim yok dediler"
564,251,Fun And Sun Club Saphire,"Pozitif yönü, Deniz, yeme içme çeşitliliği, temizlik"
565,251,Fun And Sun Club Saphire,"Negatif yönü, Hizmet kalitesinin standart olmaması. İşini çok iyi yapanların yanında vasat altı çalışanlarında olması."
566,253,Grand Nar Hotel Adult Only 16,"Pozitif yönü, Oda temizliği güzel. Yemekler lezzetli. Havuz pırıl pırıl. Personel ilgili. Resepsiyon Güler yüzlü. Havuza ve çarşıya servis hizmeti."
567,253,Grand Nar Hotel Adult Only 16,"Negatif yönü, Akşam yemekten sonra canlı müzik ve animasyon olabilir"
568,255,Kaya Maris Hotel,"Pozitif yönü, Yiyecek/içecek imkanları gayet yeterliydi, her gün oda temizliğimiz yapıldı o konu da da çok memnun kaldık. Çalışan garsonlar, temizlik yapan görevliler çok nazikti"
569,255,Kaya Maris Hotel,"Negatif yönü, İdare kısmındaki kişiler çok kabaydılar, şenzlonglar yetersiz olduğu için çok erken saatlerde sahile gidip şenzlong tutmamız gerekti. Kanal çalışması tatil sezonunda yapıldığı için denize girerken kanalizasyon kokusu eşliğinde denize girmek zorunda kaldık, rahatsızlığımızı dile getirdiğimizde de mantıksızlıkla suçlandık. Plaj kısmı çok dar ve denizi çakıl taşlarıyla dolu bu yüzden ayaklarımız baya tahriş oldu."
570,255,Kaya Maris Hotel,"Pozitif yönü, personel cok yardimci oldu"
571,255,Kaya Maris Hotel,"Pozitif yönü, Konum Manzara  Temizlik  Çalişan Yemek  çok hoş"
572,255,Kaya Maris Hotel,"Negatif yönü, Herhangi olumsuz bir durum olmadı"
573,257,Latanya Palm Hotel,"Pozitif yönü, Odaları gayet büyük ve rahattı ferahtı"
574,257,Latanya Palm Hotel,"Negatif yönü, Isıtmalı havuz vardı fakat ısıtma açık değildi buz gibiydi."
575,259,Munamar Park Otel,"Pozitif yönü, Personelin tutumu"
576,259,Munamar Park Otel,"Negatif yönü, Yemekler kötü bardaklar, tabaklar kirli, odalar kotu"
577,259,Munamar Park Otel,"Pozitif yönü, personel ilgi alaka güzel"
578,259,Munamar Park Otel,"Negatif yönü, yemekler,  oda daki duş, çocuklara dondurma pasta pizza gibi şeyler hiç yook, hergün aynı şeyi yiyorsun  ne pide çıktı ne zeytinyağlı vardı. köfte tavuk soğan domates  hergün ..saat gelmeden tabak bile alamıyorsun çünkü izin vermiyorlar. saat gelince hurraaa herkes tabak peşinde..sonra sıraya girek için ittir kaktır. tatilmiydi savaş mıydı anlamadım.."
579,259,Munamar Park Otel,"Pozitif yönü, Personel ilgisi aile oteli olması"
580,259,Munamar Park Otel,"Negatif yönü, Yemek yemek için üç öğün diğer otele gitmek havuzun erken kapanması"
581,259,Munamar Park Otel,"Pozitif yönü, Olumlu yönü yok"
582,259,Munamar Park Otel,"Pozitif yönü, Personelleri çok iyi temizlikleri yeterli düzeyde her gün temizlik oluyor temiz havlu geliyor şampuan konuyor yemekleri de gayet güzeldi bu fiyata göre"
583,259,Munamar Park Otel,"Negatif yönü, Herhangi bi olumsuzluğa rastlamadık"
584,262,Atrium Hotel Bodrum,"Pozitif yönü, .lokasyon iyi"
585,262,Atrium Hotel Bodrum,"Negatif yönü, ...kahvaltı kötü, çarşaf havlu eski"
586,262,Atrium Hotel Bodrum,"Pozitif yönü, Konumu çok iyi."
587,262,Atrium Hotel Bodrum,"Negatif yönü, Hijyen kötü.Odada telefon bozuktu bildirmememize rağmen düzeltilmedi."
588,262,Atrium Hotel Bodrum,"Pozitif yönü, Gerek personelleri gerek otelin güzelliği ve yemekleri gayet fiyat performanstı çok beğendim bodruma gidince tekrar tekrar konaklamak isteyeceğim bir yer oldu. Atrium ailesine teşekkür ederim."
589,264,Cihantürk Hotel,"Pozitif yönü, Konumu, kahvaltısı başarılı, personel ilgili."
590,264,Cihantürk Hotel,"Negatif yönü, Odalarda ki aksaklıklar. Mesela banyoda su akıntısı vardı. Ayrica 1 haftalık konaklamamizda lavabo için hiç temizlenmedi"
591,265,Ekici Hotel,"Negatif yönü, Oda çok küçük ve rutubetli. Gece sesten uyuyamadık. Terkedilmiş bir tesis tek olumlu yanı konumu tavsiye etmiyorum"
